date,open,high,low,close,volume,settle,change,percent
2006-12-18 16:00:00,615.4,622.9,614.79,622.7,0.0,0.0,0.0,0.0
2006-12-19 16:00:00,622.8,624.5,618.7,620.29,0.0,0.0,-2.4100342,-0.0038702972
2006-12-20 16:00:00,620.5,622.3,617.29,618.5,0.0,0.0,-1.789978,-0.0028857116
2006-12-21 16:00:00,618.4,621.2,617.6,621.2,0.0,0.0,2.7000122,0.00436542
2006-12-24 16:00:00,620.0,620.5,619.5,620.0,0.0,0.0,-1.2000122,-0.0019317647
2006-12-25 16:00:00,620.0,629.5,619.79,624.4,0.0,0.0,4.4000244,0.0070968135
2006-12-26 16:00:00,624.3,629.29,621.0,626.0,0.0,0.0,1.5999756,0.0025624207
2006-12-27 16:00:00,627.6,635.4,626.0,634.3,0.0,0.0,8.299988,0.013258766
2006-12-28 16:00:00,634.4,636.3,631.8,636.2,0.0,0.0,1.9000244,0.0029954666
2007-01-01 16:00:00,636.8,641.0,635.8,640.3,0.0,0.0,4.0999756,0.0064444756
2007-01-02 16:00:00,640.1,645.0,624.79,627.3,0.0,0.0,-13.0,-0.020302983
2007-01-03 16:00:00,627.5,630.4,620.6,622.1,0.0,0.0,-5.200012,-0.008289514
2007-01-04 16:00:00,622.0,626.2,601.5,606.1,0.0,0.0,-16.0,-0.025719339
2007-01-07 16:00:00,606.3,610.2,603.6,609.4,0.0,0.0,3.3000488,0.005444727
2007-01-08 16:00:00,609.6,615.9,605.79,613.5,0.0,0.0,4.0999756,0.0067278887
2007-01-09 16:00:00,613.4,613.7,605.5,611.2,0.0,0.0,-2.2999878,-0.0037489613
2007-01-10 16:00:00,611.1,615.9,608.7,611.2,0.0,0.0,0.0,0.0
2007-01-11 16:00:00,611.0,627.75,609.6,625.7,754.0,0.0,14.5,0.023723822
2007-01-14 16:00:00,625.7,627.9,624.0,626.2,702.0,0.0,0.5,0.000799105
2007-01-15 16:00:00,626.0,628.0,622.4,625.1,0.0,0.0,-1.1000366,-0.0017566857
2007-01-16 16:00:00,625.0,633.9,619.9,632.29,0.0,0.0,7.1900024,0.011502164
2007-01-17 16:00:00,631.9,636.5,626.29,626.9,0.0,0.0,-5.3899536,-0.008524496
2007-01-18 16:00:00,626.9,636.29,626.5,634.8,0.0,0.0,7.8999634,0.012601632
2007-01-21 16:00:00,635.25,639.7,631.7,633.2,0.0,0.0,-1.5999756,-0.0025204404
2007-01-22 16:00:00,632.9,647.7,632.9,645.6,0.0,0.0,12.399963,0.019583011
2007-01-23 16:00:00,645.6,648.9,638.5,647.79,0.0,0.0,2.1900024,0.0033921972
2007-01-24 16:00:00,647.6,654.7,644.9,645.7,0.0,0.0,-2.0899658,-0.0032263016
2007-01-25 16:00:00,645.6,648.1,640.6,645.8,0.0,0.0,0.099975586,0.00015483287
2007-01-28 16:00:00,645.8,648.0,640.7,643.0,0.0,0.0,-2.7999878,-0.004335689
2007-01-29 16:00:00,643.0,647.4,640.8,646.1,0.0,0.0,3.0999756,0.004821113
2007-01-30 16:00:00,646.1,654.9,641.9,652.7,0.0,0.0,6.6000366,0.010215194
2007-01-31 16:00:00,652.6,661.5,651.7,657.0,0.0,0.0,4.299988,0.0065880003
2007-02-01 16:00:00,656.7,659.8,642.8,647.5,0.0,0.0,-9.5,-0.014459665
2007-02-04 16:00:00,647.5,652.1,645.9,648.1,0.0,0.0,0.5999756,0.0009266032
2007-02-05 16:00:00,648.0,658.5,647.9,653.3,0.0,0.0,5.200012,0.0080234725
2007-02-06 16:00:00,653.2,656.6,649.9,651.6,0.0,0.0,-1.7000122,-0.0026021923
2007-02-07 16:00:00,651.7,661.1,647.6,659.6,0.0,0.0,8.0,0.012277471
2007-02-08 16:00:00,659.2,668.8,656.8,666.5,0.0,0.0,6.9000244,0.0104609225
2007-02-11 16:00:00,667.6,668.2,659.6,660.7,0.0,0.0,-5.799988,-0.008702157
2007-02-12 16:00:00,661.2,669.3,660.5,664.0,0.0,0.0,3.2999878,0.004994684
2007-02-13 16:00:00,664.3,671.85,663.4,668.5,0.0,0.0,4.5,0.0067771086
2007-02-14 16:00:00,668.5,670.6,662.2,669.3,0.0,0.0,0.7999878,0.0011966908
2007-02-15 16:00:00,669.5,669.55,662.55,669.0,0.0,0.0,-0.2999878,-0.00044821127
2007-02-18 16:00:00,669.0,673.2,667.5,670.3,0.0,0.0,1.2999878,0.0019431806
2007-02-19 16:00:00,670.7,671.9,655.4,657.5,0.0,0.0,-12.799988,-0.019095909
2007-02-20 16:00:00,657.4,682.5,656.9,678.6,0.0,0.0,21.099976,0.03209122
2007-02-21 16:00:00,678.5,681.0,675.1,677.1,0.0,0.0,-1.5,-0.0022104334
2007-02-22 16:00:00,677.3,688.3,672.7,683.0,0.0,0.0,5.9000244,0.008713668
2007-02-25 16:00:00,681.3,689.7,681.3,686.0,0.0,0.0,3.0,0.0043923864
2007-02-26 16:00:00,686.1,688.7,659.0,663.4,0.0,0.0,-22.599976,-0.03294457
2007-02-27 16:00:00,663.7,677.4,661.1,669.3,0.0,0.0,5.8999634,0.008893523
2007-02-28 16:00:00,669.5,677.3,661.2,663.9,0.0,0.0,-5.3999634,-0.008068076
2007-03-01 16:00:00,663.8,665.5,639.2,642.4,0.0,0.0,-21.5,-0.032384396
2007-03-04 16:00:00,643.3,644.9,633.2,636.2,0.0,0.0,-6.200012,-0.009651327
2007-03-05 16:00:00,636.1,647.6,632.3,646.6,0.0,0.0,10.399963,0.016347002
2007-03-06 16:00:00,646.5,651.5,642.6,649.2,0.0,0.0,2.6000366,0.00402109
2007-03-07 16:00:00,649.1,655.7,647.1,651.7,0.0,0.0,2.5,0.0038508934
2007-03-08 16:00:00,652.0,658.0,648.5,651.29,0.0,0.0,-0.41003418,-0.00062917627
2007-03-11 16:00:00,649.5,653.9,645.4,650.6,0.0,0.0,-0.69000244,-0.0010594396
2007-03-12 16:00:00,650.5,652.4,641.7,643.0,0.0,0.0,-7.5999756,-0.011681488
2007-03-13 16:00:00,642.8,645.8,636.4,643.6,0.0,0.0,0.5999756,0.000933088
2007-03-14 16:00:00,643.8,650.1,643.0,646.1,0.0,0.0,2.5,0.0038844005
2007-03-15 16:00:00,646.2,655.6,645.7,652.9,0.0,0.0,6.800049,0.010524763
2007-03-18 16:00:00,654.3,656.25,651.79,653.6,0.0,0.0,0.6999512,0.0010720649
2007-03-19 16:00:00,653.7,661.1,652.4,657.8,0.0,0.0,4.200012,0.0064259674
2007-03-20 16:00:00,658.0,664.6,656.7,663.7,0.0,0.0,5.9000244,0.008969329
2007-03-21 16:00:00,664.3,666.7,661.8,663.3,0.0,0.0,-0.4000244,-0.00060271873
2007-03-22 16:00:00,663.4,664.9,654.9,656.9,0.0,0.0,-6.3999634,-0.009648671
2007-03-25 16:00:00,656.9,665.1,656.8,663.5,0.0,0.0,6.5999756,0.010047154
2007-03-26 16:00:00,663.6,665.6,661.3,664.5,0.0,0.0,1.0,0.001507159
2007-03-27 16:00:00,664.4,669.5,663.3,665.8,0.0,0.0,1.2999878,0.0019563397
2007-03-28 16:00:00,666.2,666.2,654.8,661.5,0.0,0.0,-4.299988,-0.006458378
2007-03-29 16:00:00,661.3,667.9,660.4,663.3,0.0,0.0,1.7999878,0.00272107
2007-04-01 16:00:00,664.5,666.3,656.1,664.0,0.0,0.0,0.7000122,0.0010553478
2007-04-02 16:00:00,664.3,667.5,661.8,664.0,0.0,0.0,0.0,0.0
2007-04-03 16:00:00,664.6,675.8,663.1,673.2,0.0,0.0,9.200012,0.01385544
2007-04-04 16:00:00,674.1,675.4,671.3,674.2,0.0,0.0,1.0,0.0014854426
2007-04-05 16:00:00,673.5,674.2,672.75,674.0,0.0,0.0,-0.2000122,-0.00029666597
2007-04-08 16:00:00,671.5,677.8,669.25,671.7,0.0,0.0,-2.2999878,-0.0034124448
2007-04-09 16:00:00,671.0,681.5,670.6,676.3,0.0,0.0,4.5999756,0.006848259
2007-04-10 16:00:00,676.5,680.7,674.0,676.9,0.0,0.0,0.6000366,0.0008872344
2007-04-11 16:00:00,677.0,679.8,670.9,676.0,0.0,0.0,-0.9000244,-0.0013296268
2007-04-12 16:00:00,676.0,685.8,675.4,685.1,0.0,0.0,9.099976,0.013461502
2007-04-15 16:00:00,687.0,691.0,682.8,689.8,0.0,0.0,4.700012,0.0068603302
2007-04-16 16:00:00,690.0,690.8,685.8,686.8,0.0,0.0,-3.0,-0.004349087
2007-04-17 16:00:00,686.4,690.7,684.9,689.6,0.0,0.0,2.7999878,0.0040768604
2007-04-18 16:00:00,689.4,691.6,678.7,684.2,0.0,0.0,-5.3999634,-0.007830573
2007-04-19 16:00:00,681.2,693.6,681.1,691.9,0.0,0.0,7.700012,0.011254037
2007-04-22 16:00:00,692.0,693.6,686.6,689.2,0.0,0.0,-2.7000122,-0.0039023156
2007-04-23 16:00:00,689.3,691.7,680.5,683.7,0.0,0.0,-5.5,-0.007980267
2007-04-24 16:00:00,683.4,686.8,681.8,685.3,0.0,0.0,1.5999756,0.002340172
2007-04-25 16:00:00,685.3,686.9,671.0,674.5,0.0,0.0,-10.799988,-0.015759503
2007-04-26 16:00:00,674.6,681.8,670.7,681.2,0.0,0.0,6.700012,0.009933302
2007-04-29 16:00:00,681.4,681.4,675.6,678.0,0.0,0.0,-3.2000122,-0.00469761
2007-04-30 16:00:00,678.1,679.35,671.5,673.2,0.0,0.0,-4.799988,-0.007079628
2007-05-01 16:00:00,673.3,675.0,667.3,672.4,0.0,0.0,-0.7999878,-0.0011883359
2007-05-02 16:00:00,672.3,682.7,671.7,682.0,0.0,0.0,9.599976,0.014277179
2007-05-03 16:00:00,682.0,690.65,679.9,688.1,0.0,0.0,6.0999756,0.008944246
2007-05-06 16:00:00,688.4,690.8,686.4,688.1,0.0,0.0,0.0,0.0
2007-05-07 16:00:00,688.5,688.8,681.8,685.1,0.0,0.0,-3.0,-0.0043598316
2007-05-08 16:00:00,684.5,686.6,675.4,680.2,0.0,0.0,-4.8999634,-0.007152187
2007-05-09 16:00:00,679.9,680.9,664.1,666.1,0.0,0.0,-14.100037,-0.020729251
2007-05-10 16:00:00,667.3,672.7,666.75,670.3,0.0,0.0,4.200012,0.006305378
2007-05-13 16:00:00,671.4,674.9,666.1,668.6,0.0,0.0,-1.7000122,-0.002536196
2007-05-14 16:00:00,669.0,673.5,664.5,673.2,0.0,0.0,4.6000366,0.0068801027
2007-05-15 16:00:00,671.8,673.2,659.4,661.4,0.0,0.0,-11.799988,-0.017528204
2007-05-16 16:00:00,661.7,664.5,653.4,657.0,0.0,0.0,-4.4000244,-0.0066525918
2007-05-17 16:00:00,657.5,662.7,655.5,660.9,0.0,0.0,3.9000244,0.0059361104
2007-05-20 16:00:00,661.0,663.7,656.6,662.6,0.0,0.0,1.6999512,0.002572176
2007-05-21 16:00:00,662.8,665.2,657.8,659.3,0.0,0.0,-3.2999878,-0.004980362
2007-05-22 16:00:00,659.1,664.7,657.0,662.1,0.0,0.0,2.7999878,0.00424691
2007-05-23 16:00:00,661.1,662.6,651.3,653.2,0.0,0.0,-8.899963,-0.013442024
2007-05-24 16:00:00,653.7,656.8,653.0,655.85,0.0,0.0,2.6499634,0.004056894
2007-05-27 16:00:00,655.0,656.55,654.4,655.3,0.0,0.0,-0.5499878,-0.0008385878
2007-05-28 16:00:00,655.45,661.9,654.2,656.8,0.0,0.0,1.5,0.002289028
2007-05-29 16:00:00,656.7,658.8,651.6,653.1,0.0,0.0,-3.7000122,-0.005633393
2007-05-30 16:00:00,652.45,661.2,652.45,660.95,0.0,0.0,7.8500366,0.012019656
2007-05-31 16:00:00,660.6,671.15,660.1,670.9,0.0,0.0,9.950012,0.015054107
2007-06-03 16:00:00,671.2,671.2,670.6,670.65,0.0,0.0,-0.25,-0.00037263377
2007-06-04 16:00:00,671.0,671.0,669.4,669.9,0.0,0.0,-0.75,-0.0011183181
2007-06-05 16:00:00,669.6,670.8,664.6,670.3,0.0,0.0,0.39996338,0.00059704937
2007-06-06 16:00:00,669.9,669.9,658.899,659.899,0.0,0.0,-10.401001,-0.015516935
2007-06-07 16:00:00,659.6,661.2,643.79,648.0,0.0,0.0,-11.898987,-0.018031528
2007-06-10 16:00:00,649.0,654.9,648.7,653.0,0.0,0.0,5.0,0.0077160494
2007-06-11 16:00:00,652.8,654.5,645.4,646.9,0.0,0.0,-6.0999756,-0.009341463
2007-06-12 16:00:00,647.4,652.7,642.9,650.7,0.0,0.0,3.7999878,0.00587415
2007-06-13 16:00:00,651.0,654.29,645.7,651.2,0.0,0.0,0.5,0.00076840323
2007-06-14 16:00:00,651.8,655.7,649.5,654.6,0.0,0.0,3.3999634,0.005221074
2007-06-17 16:00:00,655.8,659.1,654.3,655.6,0.0,0.0,1.0,0.0015276505
2007-06-18 16:00:00,656.0,662.1,653.2,660.6,0.0,0.0,5.0,0.007626602
2007-06-19 16:00:00,661.0,661.6,652.2,654.1,0.0,0.0,-6.5,-0.00983954
2007-06-20 16:00:00,653.9,656.5,647.5,651.6,0.0,0.0,-2.5,-0.0038220456
2007-06-21 16:00:00,651.4,656.4,650.2,654.1,0.0,0.0,2.5,0.0038367098
2007-06-24 16:00:00,652.75,654.0,648.7,651.2,0.0,0.0,-2.8999634,-0.004433517
2007-06-25 16:00:00,651.4,651.79,639.9,640.9,0.0,0.0,-10.299988,-0.015816934
2007-06-26 16:00:00,640.1,644.79,638.9,642.0,0.0,0.0,1.0999756,0.0017162983
2007-06-27 16:00:00,643.4,649.7,641.0,648.0,0.0,0.0,6.0,0.009345794
2007-06-28 16:00:00,648.1,652.4,646.1,648.9,0.0,0.0,0.9000244,0.0013889265
2007-07-01 16:00:00,650.75,658.8,648.1,656.6,0.0,0.0,7.699951,0.01186616
2007-07-02 16:00:00,656.6,658.1,651.8,653.0,0.0,0.0,-3.5999756,-0.0054827533
2007-07-03 16:00:00,652.79,654.79,652.6,653.8,0.0,0.0,0.7999878,0.0012250962
2007-07-04 16:00:00,653.7,656.5,645.5,649.4,0.0,0.0,-4.3999634,-0.006729831
2007-07-05 16:00:00,649.2,655.8,644.79,655.5,0.0,0.0,6.0999756,0.009393248
2007-07-08 16:00:00,656.3,663.0,653.4,660.1,0.0,0.0,4.5999756,0.0070175068
2007-07-09 16:00:00,660.0,664.9,658.6,663.1,0.0,0.0,3.0,0.004544766
2007-07-10 16:00:00,663.3,665.9,659.7,660.0,0.0,0.0,-3.0999756,-0.004674975
2007-07-11 16:00:00,660.5,669.1,660.1,666.9,0.0,0.0,6.9000244,0.010454582
2007-07-12 16:00:00,666.9,668.5,663.1,666.5,0.0,0.0,-0.4000244,-0.0005998267
2007-07-15 16:00:00,666.7,668.6,663.3,664.6,0.0,0.0,-1.9000244,-0.0028507493
2007-07-16 16:00:00,664.6,667.2,662.0,664.4,0.0,0.0,-0.19995117,-0.00030085942
2007-07-17 16:00:00,664.4,674.1,664.2,672.6,0.0,0.0,8.199951,0.012341889
2007-07-18 16:00:00,672.7,677.6,671.0,677.5,0.0,0.0,4.9000244,0.0072851987
2007-07-19 16:00:00,677.5,686.7,675.0,683.0,0.0,0.0,5.5,0.008118081
2007-07-22 16:00:00,683.2,684.9,680.15,681.0,0.0,0.0,-2.0,-0.0029282577
2007-07-23 16:00:00,681.4,687.8,680.5,681.3,0.0,0.0,0.2999878,0.00044051072
2007-07-24 16:00:00,681.2,681.8,670.5,674.9,0.0,0.0,-6.3999634,-0.009393753
2007-07-25 16:00:00,674.9,676.6,659.9,662.1,0.0,0.0,-12.800049,-0.018965844
2007-07-26 16:00:00,662.7,667.0,656.5,660.8,0.0,0.0,-1.2999878,-0.0019634312
2007-07-29 16:00:00,661.4,665.6,661.4,664.6,0.0,0.0,3.7999878,0.0057505867
2007-07-30 16:00:00,664.799,665.7,663.299,663.6,0.0,0.0,-1.0,-0.0015046645
2007-07-31 16:00:00,663.5,667.1,659.0,666.7,0.0,0.0,3.1000366,0.0046715443
2007-08-01 16:00:00,667.1,667.25,662.4,664.6,0.0,0.0,-2.1000366,-0.0031498973
2007-08-02 16:00:00,665.3,674.2,664.8,672.6,0.0,0.0,8.0,0.012037316
2007-08-05 16:00:00,672.6,674.9,668.8,671.5,0.0,0.0,-1.0999756,-0.0016354083
2007-08-06 16:00:00,671.7,672.5,666.1,671.9,0.0,0.0,0.4000244,0.0005957177
2007-08-07 16:00:00,671.8,676.6,669.5,674.3,0.0,0.0,2.3999634,0.0035719054
2007-08-08 16:00:00,674.4,674.6,659.1,661.2,0.0,0.0,-13.099976,-0.01942752
2007-08-09 16:00:00,661.5,676.5,658.0,672.5,0.0,0.0,11.299988,0.017090121
2007-08-12 16:00:00,671.8,672.4,668.1,669.1,0.0,0.0,-3.4000244,-0.005055798
2007-08-13 16:00:00,668.8,671.4,665.6,669.1,0.0,0.0,0.0,0.0
2007-08-14 16:00:00,669.1,671.2,662.0,667.4,0.0,0.0,-1.6999512,-0.0025406536
2007-08-15 16:00:00,667.0,667.9,641.1,652.4,0.0,0.0,-15.0,-0.022475276
2007-08-16 16:00:00,651.4,663.9,645.5,657.4,0.0,0.0,5.0,0.0076640095
2007-08-19 16:00:00,659.3,660.5,653.1,657.8,0.0,0.0,0.39996338,0.00060840184
2007-08-20 16:00:00,658.2,660.1,654.1,656.3,0.0,0.0,-1.5,-0.0022803284
2007-08-21 16:00:00,657.1,661.8,654.5,659.0,0.0,0.0,2.7000122,0.004113991
2007-08-22 16:00:00,660.4,664.85,658.25,659.05,0.0,0.0,0.049987793,7.585401e-05
2007-08-23 16:00:00,659.95,669.1,657.25,667.8,0.0,0.0,8.75,0.013276686
2007-08-26 16:00:00,668.0,668.4,665.4,667.2,0.0,0.0,-0.5999756,-0.00089843606
2007-08-27 16:00:00,666.7,668.3,661.8,662.5,0.0,0.0,-4.700012,-0.007044383
2007-08-28 16:00:00,662.0,668.9,661.1,667.0,0.0,0.0,4.5,0.0067924527
2007-08-29 16:00:00,667.3,667.7,663.1,665.0,0.0,0.0,-2.0,-0.0029985008
2007-08-30 16:00:00,664.6,674.9,664.3,672.9,0.0,0.0,7.9000244,0.011879736
2007-09-02 16:00:00,673.0,673.7,671.0,672.1,0.0,0.0,-0.8000488,-0.0011889564
2007-09-03 16:00:00,672.5,683.4,671.2,681.9,0.0,0.0,9.800049,0.014581237
2007-09-04 16:00:00,682.1,683.2,678.2,681.5,0.0,0.0,-0.4000244,-0.00058663206
2007-09-05 16:00:00,681.6,697.8,680.75,695.1,0.0,0.0,13.599976,0.019955944
2007-09-06 16:00:00,696.0,707.1,691.9,701.0,0.0,0.0,5.9000244,0.008488023
2007-09-09 16:00:00,700.2,706.7,698.9,702.8,0.0,0.0,1.7999878,0.002567743
2007-09-10 16:00:00,702.7,714.2,702.0,712.0,0.0,0.0,9.200012,0.013090513
2007-09-11 16:00:00,711.8,714.3,705.4,711.6,0.0,0.0,-0.4000244,-0.00056183204
2007-09-12 16:00:00,710.9,712.1,703.4,708.2,0.0,0.0,-3.3999634,-0.004777914
2007-09-13 16:00:00,708.0,717.2,703.8,707.1,0.0,0.0,-1.1000366,-0.0015532853
2007-09-16 16:00:00,706.5,720.0,706.4,717.4,0.0,0.0,10.300049,0.014566609
2007-09-17 16:00:00,717.0,727.0,711.6,723.3,0.0,0.0,5.8999634,0.0082240915
2007-09-18 16:00:00,723.7,726.0,719.9,721.3,0.0,0.0,-2.0,-0.0027651044
2007-09-19 16:00:00,721.2,738.4,720.8,733.0,0.0,0.0,11.700012,0.01622073
2007-09-20 16:00:00,733.6,739.4,726.6,731.1,0.0,0.0,-1.9000244,-0.0025921206
2007-09-23 16:00:00,730.5,736.2,726.0,730.0,0.0,0.0,-1.0999756,-0.0015045488
2007-09-24 16:00:00,730.2,733.6,722.1,731.0,0.0,0.0,1.0,0.001369863
2007-09-25 16:00:00,731.1,736.7,726.4,727.7,0.0,0.0,-3.2999878,-0.0045143473
2007-09-26 16:00:00,727.6,735.9,726.8,734.1,0.0,0.0,6.3999634,0.008794783
2007-09-27 16:00:00,733.8,745.7,733.2,743.2,0.0,0.0,9.100037,0.012396182
2007-09-30 16:00:00,743.8,747.65,740.9,746.8,0.0,0.0,3.5999756,0.004843885
2007-10-01 16:00:00,746.8,747.1,724.3,731.1,0.0,0.0,-15.700012,-0.021023048
2007-10-02 16:00:00,731.7,736.1,726.1,727.5,0.0,0.0,-3.5999756,-0.004924054
2007-10-03 16:00:00,728.2,738.2,720.6,737.4,0.0,0.0,9.900024,0.013608281
2007-10-04 16:00:00,737.4,744.2,726.9,742.3,0.0,0.0,4.8999634,0.006644919
2007-10-07 16:00:00,741.1,742.3,731.1,732.9,0.0,0.0,-9.399963,-0.012663295
2007-10-08 16:00:00,732.8,740.4,726.7,737.6,0.0,0.0,4.699951,0.0064128134
2007-10-09 16:00:00,737.8,745.9,737.1,740.6,0.0,0.0,3.0,0.0040672454
2007-10-10 16:00:00,740.2,753.6,739.9,747.4,0.0,0.0,6.800049,0.009181811
2007-10-11 16:00:00,747.6,752.2,744.8,749.5,0.0,0.0,2.0999756,0.0028097078
2007-10-14 16:00:00,747.9,759.9,747.4,758.9,0.0,0.0,9.400024,0.012541727
2007-10-15 16:00:00,758.8,766.9,753.4,760.2,0.0,0.0,1.2999878,0.0017129895
2007-10-16 16:00:00,760.5,764.9,751.7,754.6,0.0,0.0,-5.6000366,-0.0073665306
2007-10-17 16:00:00,755.0,768.6,754.7,766.2,0.0,0.0,11.600037,0.015372432
2007-10-18 16:00:00,767.7,770.8,758.15,764.8,0.0,0.0,-1.4000244,-0.001827231
2007-10-21 16:00:00,766.6,768.2,745.1,754.0,0.0,0.0,-10.799988,-0.014121323
2007-10-22 16:00:00,754.2,760.9,752.4,759.3,0.0,0.0,5.299988,0.0070291613
2007-10-23 16:00:00,759.1,764.0,753.8,763.4,0.0,0.0,4.1000366,0.0053997585
2007-10-24 16:00:00,763.3,769.4,761.6,768.9,0.0,0.0,5.5,0.007204611
2007-10-25 16:00:00,768.8,785.7,768.1,784.7,0.0,0.0,15.799988,0.020548819
2007-10-28 16:00:00,787.4,794.6,785.1,791.0,0.0,0.0,6.299988,0.0080285305
2007-10-29 16:00:00,790.8,792.2,779.1,781.2,0.0,0.0,-9.799988,-0.012389365
2007-10-30 16:00:00,781.5,797.2,776.7,795.5,0.0,0.0,14.299988,0.018305156
2007-10-31 16:00:00,795.3,799.3,783.8,787.5,0.0,0.0,-8.0,-0.010056568
2007-11-01 16:00:00,787.6,807.7,787.0,806.6,0.0,0.0,19.099976,0.024253936
2007-11-04 16:00:00,807.5,811.5,800.5,806.2,0.0,0.0,-0.39996338,-0.0004958634
2007-11-05 16:00:00,806.2,824.8,805.9,822.7,0.0,0.0,16.5,0.020466385
2007-11-06 16:00:00,824.3,845.5,822.1,829.2,0.0,0.0,6.5,0.0079008145
2007-11-07 16:00:00,829.6,845.5,823.4,833.1,0.0,0.0,3.8999634,0.0047032842
2007-11-08 16:00:00,833.5,838.9,826.7,830.7,0.0,0.0,-2.3999634,-0.0028807628
2007-11-11 16:00:00,830.5,831.2,791.5,793.7,0.0,0.0,-37.0,-0.044540748
2007-11-12 16:00:00,793.7,808.8,790.4,801.1,0.0,0.0,7.3999634,0.009323375
2007-11-13 16:00:00,802.0,815.9,798.8,812.2,0.0,0.0,11.100037,0.013855994
2007-11-14 16:00:00,812.0,818.1,782.35,787.7,0.0,0.0,-24.5,-0.030164983
2007-11-15 16:00:00,788.1,797.5,783.6,786.0,0.0,0.0,-1.7000122,-0.0021581976
2007-11-18 16:00:00,787.0,793.9,774.9,781.1,0.0,0.0,-4.9000244,-0.0062341276
2007-11-19 16:00:00,781.2,805.8,772.6,802.1,0.0,0.0,21.0,0.026885163
2007-11-20 16:00:00,802.2,807.2,794.4,799.7,0.0,0.0,-2.3999634,-0.0029921
2007-11-21 16:00:00,799.8,805.4,797.9,803.7,0.0,0.0,4.0,0.0050018756
2007-11-22 16:00:00,804.0,825.7,802.6,823.0,0.0,0.0,19.299988,0.02401392
2007-11-25 16:00:00,823.0,836.8,821.0,823.1,0.0,0.0,0.099975586,0.00012147702
2007-11-26 16:00:00,822.6,829.2,807.4,812.7,0.0,0.0,-10.399963,-0.0126351155
2007-11-27 16:00:00,812.2,815.6,791.1,804.5,0.0,0.0,-8.200012,-0.010089839
2007-11-28 16:00:00,804.1,808.0,792.1,793.0,0.0,0.0,-11.5,-0.014294593
2007-11-29 16:00:00,791.5,799.2,778.7,781.8,0.0,0.0,-11.200012,-0.014123597
2007-12-02 16:00:00,783.0,794.4,776.7,793.9,0.0,0.0,12.100037,0.015477152
2007-12-03 16:00:00,793.8,805.5,786.6,800.6,0.0,0.0,6.699951,0.0084392885
2007-12-04 16:00:00,801.1,806.7,791.1,794.8,0.0,0.0,-5.799988,-0.0072445516
2007-12-05 16:00:00,794.5,805.5,785.0,800.8,0.0,0.0,6.0,0.007549069
2007-12-06 16:00:00,800.8,805.2,791.0,795.6,0.0,0.0,-5.200012,-0.006493522
2007-12-09 16:00:00,795.7,812.1,793.9,807.7,0.0,0.0,12.100037,0.015208694
2007-12-10 16:00:00,807.9,813.2,796.1,796.2,0.0,0.0,-11.5,-0.01423796
2007-12-11 16:00:00,796.8,817.0,796.7,813.2,0.0,0.0,17.0,0.02135142
2007-12-12 16:00:00,813.1,813.3,791.6,797.1,0.0,0.0,-16.100037,-0.019798372
2007-12-13 16:00:00,797.0,803.5,787.6,794.0,0.0,0.0,-3.0999756,-0.0038890676
2007-12-16 16:00:00,793.4,798.7,785.0,793.5,0.0,0.0,-0.5,-0.0006297229
2007-12-17 16:00:00,793.8,806.3,790.0,801.8,0.0,0.0,8.299988,0.010459972
2007-12-18 16:00:00,802.2,804.5,797.5,802.0,0.0,0.0,0.2000122,0.000249454
2007-12-19 16:00:00,802.6,803.2,793.1,796.3,0.0,0.0,-5.700012,-0.007107247
2007-12-20 16:00:00,795.4,812.2,795.4,809.9,0.0,0.0,13.600037,0.017079037
2007-12-23 16:00:00,811.2,815.5,808.0,811.8,0.0,0.0,1.8999634,0.0023459233
2007-12-24 16:00:00,810.0,810.0,803.75,806.6,0.0,0.0,-5.200012,-0.0064055338
2007-12-25 16:00:00,809.5,826.1,807.7,824.4,0.0,0.0,17.800049,0.022068001
2007-12-26 16:00:00,824.1,831.2,821.3,825.0,0.0,0.0,0.5999756,0.0007277724
2007-12-27 16:00:00,825.4,840.0,824.4,839.2,0.0,0.0,14.200012,0.017212136
2007-12-30 16:00:00,842.4,843.0,829.8,833.3,0.0,0.0,-5.9000244,-0.007030534
2008-01-01 16:00:00,834.3,861.1,833.4,857.3,0.0,0.0,24.0,0.028801152
2008-01-02 16:00:00,857.5,869.1,853.0,863.8,0.0,0.0,6.5,0.0075819436
2008-01-03 16:00:00,863.6,868.7,854.2,861.1,0.0,0.0,-2.7000122,-0.0031257377
2008-01-06 16:00:00,860.1,865.0,855.1,857.9,0.0,0.0,-3.1999512,-0.0037161205
2008-01-07 16:00:00,857.7,881.1,856.5,878.0,0.0,0.0,20.099976,0.023429275
2008-01-08 16:00:00,877.6,891.5,871.6,878.3,0.0,0.0,0.2999878,0.00034167175
2008-01-09 16:00:00,878.2,894.9,866.0,893.6,0.0,0.0,15.299988,0.017420003
2008-01-10 16:00:00,894.0,898.0,887.15,895.8,0.0,0.0,2.2000122,0.0024619654
2008-01-13 16:00:00,897.6,914.0,891.3,903.3,0.0,0.0,7.5,0.008372405
2008-01-14 16:00:00,903.6,914.1,887.3,888.3,0.0,0.0,-15.0,-0.01660578
2008-01-15 16:00:00,888.8,899.6,873.8,876.2,0.0,0.0,-12.099976,-0.013621497
2008-01-16 16:00:00,877.3,890.1,874.6,877.9,0.0,0.0,1.7000122,0.0019402102
2008-01-17 16:00:00,878.0,888.4,870.0,884.1,0.0,0.0,6.199951,0.007062252
2008-01-20 16:00:00,884.1,884.1,859.8,866.0,0.0,0.0,-18.099976,-0.02047277
2008-01-21 16:00:00,866.0,894.5,849.3,891.8,0.0,0.0,25.799988,0.029792134
2008-01-22 16:00:00,891.6,895.8,876.2,890.6,0.0,0.0,-1.2000122,-0.0013456069
2008-01-23 16:00:00,890.4,913.4,888.75,912.2,0.0,0.0,21.600037,0.024253353
2008-01-24 16:00:00,912.4,923.5,905.9,910.1,0.0,0.0,-2.1000366,-0.0023021668
2008-01-27 16:00:00,915.4,929.4,913.4,927.0,0.0,0.0,16.900024,0.018569415
2008-01-28 16:00:00,927.0,933.3,919.4,923.3,0.0,0.0,-3.7000122,-0.003991383
2008-01-29 16:00:00,923.7,936.5,915.7,928.7,0.0,0.0,5.4000244,0.005848613
2008-01-30 16:00:00,927.7,928.7,918.4,924.9,0.0,0.0,-3.7999878,-0.004091728
2008-01-31 16:00:00,924.0,936.7,904.3,908.4,0.0,0.0,-16.5,-0.017839765
2008-02-03 16:00:00,904.5,912.6,891.65,903.3,0.0,0.0,-5.1000366,-0.005614307
2008-02-04 16:00:00,903.1,906.8,884.2,888.1,0.0,0.0,-15.200012,-0.016827203
2008-02-05 16:00:00,888.9,907.5,885.9,901.0,0.0,0.0,12.900024,0.014525419
2008-02-06 16:00:00,900.0,911.2,896.3,910.8,0.0,0.0,9.799988,0.01087679
2008-02-07 16:00:00,910.7,920.1,907.3,918.0,0.0,0.0,7.200012,0.007905152
2008-02-10 16:00:00,921.0,927.1,915.65,922.8,0.0,0.0,4.799988,0.005228745
2008-02-11 16:00:00,921.9,924.8,902.5,906.3,0.0,0.0,-16.5,-0.017880365
2008-02-12 16:00:00,906.5,910.8,896.2,905.3,0.0,0.0,-1.0,-0.0011033874
2008-02-13 16:00:00,905.1,913.9,901.5,907.4,0.0,0.0,2.1000366,0.0023197136
2008-02-14 16:00:00,908.0,915.4,897.8,902.2,0.0,0.0,-5.200012,-0.0057306723
2008-02-17 16:00:00,902.8,907.7,900.1,905.3,0.0,0.0,3.0999756,0.003436018
2008-02-18 16:00:00,905.5,930.9,904.75,927.3,0.0,0.0,22.0,0.024301337
2008-02-19 16:00:00,927.4,945.8,913.0,944.0,0.0,0.0,16.700012,0.018009288
2008-02-20 16:00:00,942.3,953.7,939.7,945.8,0.0,0.0,1.7999878,0.0019067667
2008-02-21 16:00:00,945.7,949.8,935.3,945.1,0.0,0.0,-0.7000122,-0.0007401271
2008-02-24 16:00:00,945.6,951.9,932.6,937.9,0.0,0.0,-7.199951,-0.00761819
2008-02-25 16:00:00,938.1,950.2,926.4,948.3,0.0,0.0,10.399963,0.011088563
2008-02-26 16:00:00,948.4,964.7,948.4,958.6,0.0,0.0,10.299988,0.010861529
2008-02-27 16:00:00,958.1,972.3,953.0,969.6,0.0,0.0,11.0,0.0114750685
2008-02-28 16:00:00,970.0,976.0,964.3,973.3,0.0,0.0,3.7000122,0.0038160193
2008-03-02 16:00:00,973.3,989.4,973.0,983.4,0.0,0.0,10.100037,0.010377105
2008-03-03 16:00:00,983.9,988.1,956.2,964.3,0.0,0.0,-19.100037,-0.01942245
2008-03-04 16:00:00,964.4,992.7,959.2,989.0,0.0,0.0,24.700012,0.025614448
2008-03-05 16:00:00,988.8,992.1,964.7,975.8,0.0,0.0,-13.200012,-0.013346828
2008-03-06 16:00:00,976.0,988.6,969.4,972.3,0.0,0.0,-3.5,-0.0035868005
2008-03-09 16:00:00,972.4,980.6,960.5,973.0,0.0,0.0,0.7000122,0.00071995496
2008-03-10 16:00:00,973.1,985.6,964.5,973.4,0.0,0.0,0.4000244,0.00041112478
2008-03-12 16:00:00,983.7,999.8,981.3,993.4,0.0,0.0,20.0,0.020546537
2008-03-13 16:00:00,993.4,1007.4,990.4,1001.0,0.0,0.0,7.5999756,0.0076504685
2008-03-16 16:00:00,1006.1,1032.09,993.3,1004.0,0.0,0.0,3.0,0.002997003
2008-03-17 16:00:00,1004.3,1012.4,976.4,983.4,0.0,0.0,-20.599976,-0.020517904
2008-03-18 16:00:00,983.5,997.2,937.5,943.0,0.0,0.0,-40.400024,-0.041081984
2008-03-19 16:00:00,943.4,946.8,904.65,909.6,0.0,0.0,-33.400024,-0.0354189
2008-03-20 16:00:00,911.0,919.4,911.0,919.1,0.0,0.0,9.5,0.010444151
2008-03-23 16:00:00,919.1,927.2,906.0,912.0,0.0,0.0,-7.0999756,-0.007724922
2008-03-24 16:00:00,912.8,940.7,911.2,938.8,0.0,0.0,26.799988,0.029385952
2008-03-25 16:00:00,938.5,954.7,934.3,954.4,0.0,0.0,15.600037,0.016616996
2008-03-26 16:00:00,954.1,954.7,940.1,949.8,0.0,0.0,-4.6000366,-0.00481982
2008-03-27 16:00:00,949.6,950.9,922.8,931.0,0.0,0.0,-18.799988,-0.019793628
2008-03-30 16:00:00,927.9,940.8,912.2,915.3,0.0,0.0,-15.700012,-0.016863601
2008-03-31 16:00:00,915.7,920.5,872.4,883.0,0.0,0.0,-32.299988,-0.035288963
2008-04-01 16:00:00,883.9,905.9,881.0,903.7,0.0,0.0,20.700012,0.023442822
2008-04-02 16:00:00,901.9,908.9,887.8,903.2,0.0,0.0,-0.5,-0.00055328093
2008-04-03 16:00:00,903.3,914.4,899.2,913.4,0.0,0.0,10.200012,0.011293193
2008-04-06 16:00:00,915.3,929.4,910.5,920.1,0.0,0.0,6.699951,0.007335177
2008-04-07 16:00:00,920.2,925.7,907.7,914.8,0.0,0.0,-5.299988,-0.00576023
2008-04-09 16:00:00,928.6,939.7,921.8,928.5,0.0,0.0,13.700012,0.014975965
2008-04-10 16:00:00,929.0,932.1,917.4,924.9,0.0,0.0,-3.5999756,-0.003877195
2008-04-13 16:00:00,924.9,931.5,914.1,924.0,0.0,0.0,-0.9000244,-0.00097310456
2008-04-14 16:00:00,924.2,936.5,922.9,927.7,0.0,0.0,3.7000122,0.004004342
2008-04-15 16:00:00,928.0,949.399,932.899,945.2,0.0,0.0,17.5,0.018863857
2008-04-16 16:00:00,944.9,952.799,937.299,938.799,0.0,0.0,-6.401001,-0.0067721126
2008-04-17 16:00:00,941.099,946.7,904.5,912.5,0.0,0.0,-26.299011,-0.028013462
2008-04-20 16:00:00,922.099,928.799,911.2,916.799,0.0,0.0,4.299011,0.004711245
2008-04-21 16:00:00,921.7,925.5,913.799,915.9,0.0,0.0,-0.8989868,-0.0009805713
2008-04-22 16:00:00,921.7,925.5,913.799,917.2,0.0,0.0,1.2999878,0.0014193555
2008-04-23 16:00:00,901.5,906.599,883.4,888.0,0.0,0.0,-29.200012,-0.031836037
2008-04-24 16:00:00,885.9,896.4,877.799,887.4,0.0,0.0,-0.5999756,-0.00067564816
2008-04-27 16:00:00,890.799,895.9,887.299,893.4,0.0,0.0,6.0,0.006761325
2008-04-28 16:00:00,891.4,892.2,868.7,870.799,0.0,0.0,-22.601013,-0.025297754
2008-04-29 16:00:00,870.5,878.599,862.599,877.0,0.0,0.0,6.200989,0.0071210335
2008-04-30 16:00:00,879.599,881.7,847.4,852.5,0.0,0.0,-24.5,-0.027936146
2008-05-01 16:00:00,850.2,859.2,845.9,856.4,0.0,0.0,3.9000244,0.0045748088
2008-05-04 16:00:00,862.5,874.5,861.099,873.9,0.0,0.0,17.5,0.020434376
2008-05-05 16:00:00,872.7,883.0,871.2,875.9,0.0,0.0,2.0,0.0022885913
2008-05-06 16:00:00,877.599,878.599,863.799,868.299,0.0,0.0,-7.601013,-0.008677946
2008-05-07 16:00:00,868.2,885.5,865.299,882.9,0.0,0.0,14.601013,0.016815651
2008-05-08 16:00:00,886.0,887.5,870.4,885.099,0.0,0.0,2.1989746,0.0024906269
2008-05-11 16:00:00,888.7,888.9,877.7,882.599,0.0,0.0,-2.5,-0.0028245428
2008-05-12 16:00:00,871.2,873.099,866.7,869.299,0.0,0.0,-13.299988,-0.015069117
2008-05-13 16:00:00,865.799,871.0,859.799,864.9,0.0,0.0,-4.398987,-0.005060384
2008-05-14 16:00:00,864.5,887.799,862.0,881.5,0.0,0.0,16.599976,0.019192941
2008-05-15 16:00:00,880.799,905.0,880.4,899.5,0.0,0.0,18.0,0.02041974
2008-05-18 16:00:00,904.599,913.7,900.599,905.7,0.0,0.0,6.200012,0.006892732
2008-05-19 16:00:00,905.2,909.9,904.099,907.299,0.0,0.0,1.598999,0.0017654841
2008-05-20 16:00:00,919.599,932.599,916.4,932.2,0.0,0.0,24.901001,0.027445197
2008-05-21 16:00:00,934.4,935.2,917.299,921.2,0.0,0.0,-11.0,-0.011800042
2008-05-22 16:00:00,918.2,929.2,914.9,926.0,0.0,0.0,4.799988,0.0052105817
2008-05-25 16:00:00,926.9,927.7,923.299,924.0,0.0,0.0,-2.0,-0.0021598272
2008-05-26 16:00:00,929.7,930.2,904.099,905.4,0.0,0.0,-18.599976,-0.020129845
2008-05-27 16:00:00,907.299,909.7,889.2,900.7,0.0,0.0,-4.700012,-0.005191089
2008-05-28 16:00:00,900.2,901.4,873.299,877.2,0.0,0.0,-23.5,-0.026090818
2008-05-29 16:00:00,879.799,889.0,870.299,888.0,0.0,0.0,10.799988,0.012311887
2008-06-01 16:00:00,887.4,897.5,881.2,890.5,0.0,0.0,2.5,0.0028153153
2008-06-02 16:00:00,891.5,897.0,875.2,880.7,0.0,0.0,-9.799988,-0.011005039
2008-06-03 16:00:00,879.9,886.599,876.0,879.0,0.0,0.0,-1.7000122,-0.0019302965
2008-06-04 16:00:00,877.799,880.0,864.7,878.099,0.0,0.0,-0.901001,-0.0010250296
2008-06-05 16:00:00,878.299,899.299,877.799,896.099,0.0,0.0,18.0,0.020498827
2008-06-08 16:00:00,900.099,909.0,890.599,892.599,0.0,0.0,-3.5,-0.0039058183
2008-06-09 16:00:00,891.599,891.7,864.2,867.099,0.0,0.0,-25.5,-0.02856826
2008-06-11 16:00:00,879.9,880.099,857.599,869.0,0.0,0.0,1.901001,0.002192369
2008-06-12 16:00:00,871.5,874.2,859.4,870.7,0.0,0.0,1.7000122,0.0019562857
2008-06-15 16:00:00,871.9,894.799,866.599,882.099,0.0,0.0,11.398987,0.0130917495
2008-06-16 16:00:00,881.4,888.599,874.2,882.5,0.0,0.0,0.40100098,0.0004545986
2008-06-17 16:00:00,884.2,895.7,882.7,893.9,0.0,0.0,11.400024,0.012917874
2008-06-18 16:00:00,892.5,908.2,886.799,898.4,0.0,0.0,4.5,0.00503412
2008-06-19 16:00:00,896.9,907.799,896.299,901.7,0.0,0.0,3.2999878,0.003673183
2008-06-22 16:00:00,904.099,907.4,875.9,883.599,0.0,0.0,-18.101013,-0.02007432
2008-06-23 16:00:00,886.2,894.099,883.0,889.599,0.0,0.0,6.0,0.0067904107
2008-06-24 16:00:00,886.7,890.799,873.599,886.0,0.0,0.0,-3.598999,-0.004045642
2008-06-25 16:00:00,886.299,918.0,885.599,916.7,0.0,0.0,30.700012,0.03465013
2008-06-26 16:00:00,912.599,929.5,910.4,928.7,0.0,0.0,12.0,0.013090433
2008-07-06 16:00:00,928.4,929.5,914.9,925.9,0.0,0.0,-2.7999878,-0.003014954
2008-07-07 16:00:00,926.099,933.4,912.599,920.099,0.0,0.0,-5.8010254,-0.0062652826
2008-07-08 16:00:00,920.2,929.0,915.9,928.099,0.0,0.0,8.0,0.008694717
2008-07-09 16:00:00,928.7,947.799,925.4,946.299,0.0,0.0,18.200012,0.01960999
2008-07-10 16:00:00,946.0,967.9,941.599,962.099,0.0,0.0,15.799988,0.016696613
2008-07-13 16:00:00,965.2,975.099,953.7,972.2,0.0,0.0,10.101013,0.0104989335
2008-07-14 16:00:00,972.299,988.2,968.0,977.099,0.0,0.0,4.898987,0.005039073
2008-07-15 16:00:00,977.4,981.0,957.9,960.0,0.0,0.0,-17.098999,-0.017499762
2008-07-16 16:00:00,959.9,978.7,953.2,957.7,0.0,0.0,-2.2999878,-0.0023958206
2008-07-17 16:00:00,957.5,964.4,949.799,956.799,0.0,0.0,-0.901001,-0.0009407967
2008-07-20 16:00:00,959.0,968.4,957.95,966.049,0.0,0.0,9.25,0.009667652
2008-07-21 16:00:00,965.9,976.25,943.549,945.15,0.0,0.0,-20.898987,-0.021633465
2008-07-22 16:00:00,945.95,949.0,917.7,920.5,0.0,0.0,-24.650024,-0.026080541
2008-07-23 16:00:00,920.849,931.2,916.2,927.25,0.0,0.0,6.75,0.0073329713
2008-07-24 16:00:00,930.299,939.7,918.549,929.27,11036.0,0.0,2.0200195,0.0021785058
2008-07-27 16:00:00,930.32,932.77,922.82,930.4,15239.0,0.0,1.1300049,0.0012160135
2008-07-28 16:00:00,930.7,933.2,914.15,917.45,16323.0,0.0,-12.950012,-0.013918757
2008-07-29 16:00:00,918.45,919.599,893.799,906.2,14218.0,0.0,-11.25,-0.012262248
2008-07-30 16:00:00,907.5,925.45,906.349,913.599,9880.0,0.0,7.398987,0.00816485
2008-07-31 16:00:00,914.25,917.2,902.0,910.299,6217.0,0.0,-3.2999878,-0.0036120748
2008-08-03 16:00:00,911.15,915.38,894.75,895.65,7125.0,0.0,-14.648987,-0.0160925
2008-08-04 16:00:00,895.049,895.75,872.75,874.0,12348.0,0.0,-21.650024,-0.024172416
2008-08-05 16:00:00,873.9,886.549,872.799,879.349,13459.0,0.0,5.348999,0.006120136
2008-08-06 16:00:00,879.4,885.0,867.799,873.2,10307.0,0.0,-6.148987,-0.006992658
2008-08-07 16:00:00,872.2,874.0,850.7,856.349,14221.0,0.0,-16.851013,-0.019297998
2008-08-10 16:00:00,860.4,865.7,818.299,823.049,15165.0,0.0,-33.299988,-0.038886
2008-08-11 16:00:00,822.9,826.95,801.9,811.4,11182.0,0.0,-11.648987,-0.014153454
2008-08-12 16:00:00,812.049,829.549,805.15,825.599,11961.0,0.0,14.198975,0.017499352
2008-08-13 16:00:00,825.4,836.4,804.299,805.599,18210.0,0.0,-20.0,-0.024224836
2008-08-14 16:00:00,805.4,805.799,772.95,787.4,14375.0,0.0,-18.198975,-0.022590613
2008-08-17 16:00:00,794.549,804.099,789.799,799.099,15134.0,0.0,11.698975,0.014857727
2008-08-18 16:00:00,799.65,816.799,782.299,814.0,18326.0,0.0,14.901001,0.018647254
2008-08-19 16:00:00,813.7,818.549,800.049,813.4,17084.0,0.0,-0.5999756,-0.00073707075
2008-08-20 16:00:00,813.2,838.82,811.349,836.02,22863.0,0.0,22.619995,0.02780919
2008-08-21 16:00:00,835.299,837.869,821.5,822.95,20039.0,0.0,-13.070007,-0.015633605
2008-08-24 16:00:00,822.1,825.8,816.5,822.0,0.0,0.0,-0.9500122,-0.0011543984
2008-08-25 16:00:00,821.25,830.599,806.969,824.349,22072.0,0.0,2.348999,0.002857663
2008-08-26 16:00:00,824.099,834.799,821.599,826.549,14759.0,0.0,2.2000122,0.0026687875
2008-08-27 16:00:00,826.099,843.9,825.299,834.0,15134.0,0.0,7.450989,0.009014576
2008-08-28 16:00:00,833.549,838.65,829.25,830.9,12875.0,0.0,-3.0999756,-0.003716997
2008-08-31 16:00:00,833.599,835.549,815.95,817.849,5998.0,0.0,-13.051025,-0.015707094
2008-09-01 16:00:00,816.799,819.95,790.849,805.25,15476.0,0.0,-12.598999,-0.015405043
2008-09-02 16:00:00,805.25,808.5,789.05,801.2,0.0,0.0,-4.049988,-0.0050294786
2008-09-03 16:00:00,801.5,814.849,793.75,795.299,15239.0,0.0,-5.901001,-0.0073652035
2008-09-04 16:00:00,795.849,819.65,790.4,803.2,16769.0,0.0,7.901001,0.009934629
2008-09-07 16:00:00,814.969,818.049,796.849,803.65,23209.0,0.0,0.4500122,0.0005602742
2008-09-08 16:00:00,801.669,804.82,775.9,778.02,24037.0,0.0,-25.630005,-0.031891998
2008-09-09 16:00:00,776.8,783.6,750.45,752.0,0.0,0.0,-26.02002,-0.033443894
2008-09-10 16:00:00,751.4,758.2,736.25,747.549,17922.0,0.0,-4.450989,-0.005918868
2008-09-11 16:00:00,748.6,765.75,746.05,764.5,0.0,0.0,16.950989,0.022675421
2008-09-14 16:00:00,782.75,787.75,764.2,787.599,17258.0,0.0,23.098999,0.030214518
2008-09-15 16:00:00,787.45,789.9,771.799,778.299,17762.0,0.0,-9.299988,-0.011808024
2008-09-16 16:00:00,776.55,868.3,774.05,863.7,0.0,0.0,85.401,0.109727755
2008-09-17 16:00:00,864.9,916.0,832.0,853.0,0.0,0.0,-10.700012,-0.012388575
2008-09-18 16:00:00,846.75,875.8,823.85,871.45,0.0,0.0,18.450012,0.021629557
2008-09-21 16:00:00,876.85,908.5,861.4,898.4,0.0,0.0,26.950012,0.030925483
2008-09-22 16:00:00,898.5,909.8,880.2,892.1,0.0,0.0,-6.300049,-0.007012521
2008-09-23 16:00:00,891.8,901.6,876.5,881.0,0.0,0.0,-11.099976,-0.012442525
2008-09-24 16:00:00,881.6,897.4,863.8,876.8,0.0,0.0,-4.200012,-0.004767324
2008-09-25 16:00:00,877.0,911.4,866.0,878.4,0.0,0.0,1.6000366,0.0018248593
2008-09-28 16:00:00,878.5,925.5,866.35,904.0,0.0,0.0,25.599976,0.02914387
2008-09-29 16:00:00,904.5,914.0,855.9,871.8,0.0,0.0,-32.200012,-0.035619482
2008-09-30 16:00:00,870.15,893.6,864.0,870.3,0.0,0.0,-1.5,-0.0017205782
2008-10-01 16:00:00,870.6,876.6,829.2,836.4,0.0,0.0,-33.899963,-0.038952045
2008-10-02 16:00:00,835.25,847.5,819.5,833.65,0.0,0.0,-2.75,-0.0032879005
2008-10-05 16:00:00,827.5,875.6,825.4,858.2,0.0,0.0,24.549988,0.029448794
2008-10-06 16:00:00,856.0,890.6,854.95,887.0,0.0,0.0,28.799988,0.033558596
2008-10-07 16:00:00,887.3,921.2,877.2,907.7,0.0,0.0,20.700012,0.023337105
2008-10-08 16:00:00,905.0,924.7,879.05,912.5,0.0,0.0,4.799988,0.005288077
2008-10-09 16:00:00,910.7,931.6,823.55,845.85,0.0,0.0,-66.650024,-0.073041126
2008-10-12 16:00:00,852.35,871.9,821.0,832.5,0.0,0.0,-13.349976,-0.015782911
2008-10-13 16:00:00,832.0,854.1,830.7,836.5,0.0,0.0,4.0,0.004804805
2008-10-14 16:00:00,835.2,856.2,830.1,848.6,0.0,0.0,12.099976,0.014465003
2008-10-15 16:00:00,847.35,850.1,783.8,805.0,0.0,0.0,-43.599976,-0.051378716
2008-10-16 16:00:00,805.4,815.099,772.5,782.549,9521.0,0.0,-22.450989,-0.027889427
2008-10-19 16:00:00,792.799,810.0,785.2,796.4,8363.0,0.0,13.851013,0.017699867
2008-10-20 16:00:00,796.5,803.5,765.4,771.5,7222.0,0.0,-24.900024,-0.031265724
2008-10-21 16:00:00,772.2,776.7,720.099,729.0,11335.0,0.0,-42.5,-0.055087492
2008-10-22 16:00:00,729.45,735.0,699.25,724.07,18118.0,0.0,-4.9299927,-0.0067626787
2008-10-23 16:00:00,722.95,749.5,680.8,732.55,0.0,0.0,8.47998,0.011711548
2008-10-26 16:00:00,735.299,747.0,707.07,730.65,31772.0,0.0,-1.8999634,-0.0025936298
2008-10-27 16:00:00,731.75,754.969,724.4,745.299,29693.0,0.0,14.648987,0.020049252
2008-10-28 16:00:00,746.349,774.549,736.75,756.52,18972.0,0.0,11.221008,0.015055713
2008-10-29 16:00:00,756.919,776.869,732.9,737.419,30620.0,0.0,-19.101013,-0.025248524
2008-10-30 16:00:00,737.969,741.65,717.32,724.0,27989.0,0.0,-13.419006,-0.01819726
2008-11-02 16:00:00,726.02,738.95,722.219,723.719,26340.0,0.0,-0.28100586,-0.00038812964
2008-11-03 16:00:00,723.77,768.07,721.919,762.32,30763.0,0.0,38.601013,0.05333702
2008-11-04 16:00:00,762.599,768.7,736.75,740.169,34464.0,0.0,-22.151001,-0.029057352
2008-11-05 16:00:00,740.119,760.169,729.419,732.52,34123.0,0.0,-7.648987,-0.010334109
2008-11-06 16:00:00,732.52,744.869,726.0,736.0,29137.0,0.0,3.4799805,0.004750697
2008-11-09 16:00:00,750.9,768.849,741.299,745.95,18760.0,0.0,9.950012,0.013519038
2008-11-10 16:00:00,746.05,750.15,726.75,731.25,13131.0,0.0,-14.700012,-0.01970643
2008-11-11 16:00:00,731.4,738.9,709.6,711.55,23953.0,0.0,-19.700012,-0.026940187
2008-11-12 16:00:00,711.52,739.7,700.22,736.42,30824.0,0.0,24.869995,0.03495186
2008-11-13 16:00:00,734.0,753.3,724.6,743.5,0.0,0.0,7.080017,0.009614103
2008-11-16 16:00:00,741.12,749.3,730.8,737.75,15324.0,0.0,-5.75,-0.007733692
2008-11-17 16:00:00,737.8,745.75,731.2,737.9,15915.0,0.0,0.15002441,0.00020335401
2008-11-18 16:00:00,737.95,763.0,731.9,734.2,15828.0,0.0,-3.7000122,-0.005014246
2008-11-19 16:00:00,734.3,752.85,732.9,745.45,17944.0,0.0,11.25,0.0153228
2008-11-20 16:00:00,745.7,802.0,742.57,801.0,30972.0,0.0,55.549988,0.07451873
2008-11-23 16:00:00,802.45,829.62,786.12,820.92,35489.0,0.0,19.919983,0.024868893
2008-11-24 16:00:00,820.85,830.55,803.0,820.25,34748.0,0.0,-0.6699829,-0.00081613666
2008-11-25 16:00:00,820.17,822.97,808.52,812.75,29063.0,0.0,-7.5,-0.009143554
2008-11-26 16:00:00,812.4,817.6,809.6,813.65,6001.0,0.0,0.9000244,0.0011073817
2008-11-27 16:00:00,815.4,820.5,809.7,820.5,9418.0,0.0,6.8499756,0.008418823
2008-11-30 16:00:00,811.87,813.3,768.15,768.3,24633.0,0.0,-52.200012,-0.06361976
2008-12-01 16:00:00,768.32,787.02,762.42,782.05,30862.0,0.0,13.75,0.017896656
2008-12-02 16:00:00,781.95,783.2,764.25,774.15,26297.0,0.0,-7.8999634,-0.010101609
2008-12-03 16:00:00,774.25,787.27,762.82,767.02,27499.0,0.0,-7.130005,-0.009210108
2008-12-04 16:00:00,766.8,772.95,741.22,756.4,26819.0,0.0,-10.619995,-0.013845786
2008-12-07 16:00:00,760.52,782.5,759.82,772.45,19619.0,0.0,16.049988,0.021218915
2008-12-08 16:00:00,772.65,780.45,762.6,776.65,15939.0,0.0,4.200012,0.005437261
2008-12-09 16:00:00,776.65,813.6,774.4,810.35,16889.0,0.0,33.69995,0.043391425
2008-12-10 16:00:00,810.3,834.7,802.3,821.3,12236.0,0.0,10.950012,0.013512695
2008-12-11 16:00:00,821.6,829.4,807.6,820.3,10025.0,0.0,-1.0,-0.0012175819
2008-12-14 16:00:00,829.1,843.1,821.5,838.0,9104.0,0.0,17.700012,0.021577487
2008-12-15 16:00:00,837.9,859.42,830.25,857.47,24263.0,0.0,19.46997,0.023233855
2008-12-16 16:00:00,857.45,881.95,846.17,867.82,27030.0,0.0,10.350037,0.012070436
2008-12-17 16:00:00,867.35,878.47,848.25,852.8,22837.0,0.0,-15.02002,-0.017307758
2008-12-18 16:00:00,852.85,853.75,829.95,836.85,23914.0,0.0,-15.950012,-0.01870311
2008-12-21 16:00:00,844.02,851.3,839.72,847.37,23646.0,0.0,10.52002,0.012570974
2008-12-22 16:00:00,847.35,848.67,829.45,840.0,17865.0,0.0,-7.369995,-0.008697494
2008-12-23 16:00:00,840.02,848.7,834.55,847.7,10966.0,0.0,7.700012,0.009166681
2008-12-25 16:00:00,846.5,872.5,842.67,869.2,6752.0,0.0,21.5,0.025362747
2008-12-28 16:00:00,889.32,890.37,873.45,879.85,26840.0,0.0,10.649963,0.012252604
2008-12-29 16:00:00,879.85,883.82,863.82,873.22,22172.0,0.0,-6.630005,-0.0075353812
2008-12-30 16:00:00,873.17,884.5,856.52,883.7,14113.0,0.0,10.4800415,0.012001606
2009-01-01 16:00:00,882.7,888.2,867.57,875.27,18912.0,0.0,-8.429993,-0.009539428
2009-01-04 16:00:00,881.07,881.2,845.3,859.4,15005.0,0.0,-15.869995,-0.018131541
2009-01-05 16:00:00,859.2,870.3,839.1,863.6,9794.0,0.0,4.199951,0.0048870738
2009-01-06 16:00:00,863.5,866.87,836.22,843.05,28251.0,0.0,-20.549988,-0.023795726
2009-01-07 16:00:00,842.82,864.17,836.55,856.55,30425.0,0.0,13.5,0.016013285
2009-01-08 16:00:00,856.6,868.27,844.62,853.6,26366.0,0.0,-2.9500122,-0.003444063
2009-01-11 16:00:00,851.35,853.85,815.27,820.72,27995.0,0.0,-32.880005,-0.03851922
2009-01-12 16:00:00,820.5,830.75,813.87,821.55,29164.0,0.0,0.8300171,0.001011328
2009-01-13 16:00:00,821.5,829.12,807.1,811.3,18192.0,0.0,-10.25,-0.012476416
2009-01-14 16:00:00,811.2,821.35,801.72,818.05,28194.0,0.0,6.75,0.00831998
2009-01-15 16:00:00,818.05,841.1,815.85,841.1,14303.0,0.0,23.049988,0.028176747
2009-01-18 16:00:00,840.2,842.9,832.2,834.0,3729.0,0.0,-7.0999756,-0.008441298
2009-01-19 16:00:00,835.1,866.12,823.4,856.75,30420.0,0.0,22.75,0.027278177
2009-01-20 16:00:00,856.8,864.2,843.35,853.75,30767.0,0.0,-3.0,-0.003501605
2009-01-21 16:00:00,853.87,862.87,843.75,856.8,27718.0,0.0,3.0499878,0.00357246
2009-01-22 16:00:00,856.7,903.6,852.6,899.55,20461.0,0.0,42.75,0.04989496
2009-01-25 16:00:00,890.3,915.8,889.2,903.2,10256.0,0.0,3.6500244,0.0040576113
2009-01-26 16:00:00,903.1,907.4,892.4,898.7,8889.0,0.0,-4.5,-0.004982285
2009-01-27 16:00:00,898.7,903.3,882.6,887.2,10550.0,0.0,-11.5,-0.012796261
2009-01-28 16:00:00,887.3,909.7,874.5,908.1,10172.0,0.0,20.899963,0.023557218
2009-01-29 16:00:00,908.3,929.3,901.5,926.0,10422.0,0.0,17.900024,0.019711513
2009-02-01 16:00:00,924.3,925.3,901.27,904.85,20802.0,0.0,-21.150024,-0.0228402
2009-02-02 16:00:00,904.9,912.67,889.17,900.22,30618.0,0.0,-4.630005,-0.0051168757
2009-02-03 16:00:00,900.27,909.17,895.5,906.02,27255.0,0.0,5.800049,0.006442924
2009-02-04 16:00:00,905.9,924.17,902.1,914.55,27921.0,0.0,8.529968,0.009414768
2009-02-05 16:00:00,914.6,919.97,904.22,911.0,25409.0,0.0,-3.5499878,-0.003881677
2009-02-08 16:00:00,906.85,907.97,890.7,894.3,23931.0,0.0,-16.700012,-0.018331517
2009-02-09 16:00:00,894.35,917.77,890.97,914.95,27481.0,0.0,20.650024,0.023090713
2009-02-10 16:00:00,915.0,947.42,910.7,938.72,17440.0,0.0,23.769958,0.025979515
2009-02-11 16:00:00,938.82,952.55,934.95,946.0,14690.0,0.0,7.2800293,0.0077552726
2009-02-12 16:00:00,946.07,946.95,932.62,941.55,23158.0,0.0,-4.450012,-0.0047040298
2009-02-15 16:00:00,938.7,944.02,935.9,940.0,10013.0,0.0,-1.5499878,-0.0016462087
2009-02-16 16:00:00,941.5,974.0,940.0,969.8,19040.0,0.0,29.799988,0.031702116
2009-02-17 16:00:00,970.0,987.25,960.8,983.65,28603.0,0.0,13.850037,0.014281333
2009-02-18 16:00:00,984.07,986.27,968.17,974.15,30439.0,0.0,-9.5,-0.009657906
2009-02-19 16:00:00,974.15,1006.25,970.17,992.65,33338.0,0.0,18.5,0.018990915
2009-02-22 16:00:00,993.6,998.2,975.45,991.4,16673.0,0.0,-1.25,-0.0012592555
2009-02-23 16:00:00,991.6,995.65,959.45,962.1,18972.0,0.0,-29.300049,-0.029554214
2009-02-24 16:00:00,962.4,978.2,944.3,953.8,17716.0,0.0,-8.299988,-0.008626949
2009-02-25 16:00:00,953.92,956.65,932.1,945.6,31682.0,0.0,-8.200012,-0.0085972035
2009-02-26 16:00:00,945.45,962.8,927.37,942.15,31011.0,0.0,-3.4499512,-0.0036484257
2009-03-01 16:00:00,950.2,957.97,921.97,925.8,30015.0,0.0,-16.350037,-0.017353963
2009-03-02 16:00:00,925.82,932.75,905.3,915.4,32203.0,0.0,-10.399963,-0.011233488
2009-03-03 16:00:00,915.45,922.77,900.02,906.32,27734.0,0.0,-9.080017,-0.00991918
2009-03-04 16:00:00,906.27,936.75,905.6,932.15,18512.0,0.0,25.830017,0.028499886
2009-03-05 16:00:00,932.2,944.8,930.2,940.1,12012.0,0.0,7.949951,0.008528617
2009-03-08 16:00:00,940.3,941.0,910.85,921.7,18313.0,0.0,-18.399963,-0.019572347
2009-03-09 16:00:00,921.95,922.7,891.5,896.8,10530.0,0.0,-24.900024,-0.027015325
2009-03-10 16:00:00,896.4,913.25,892.3,907.4,19680.0,0.0,10.600037,0.011819845
2009-03-11 16:00:00,907.3,930.75,905.98,926.7,26495.0,0.0,19.299988,0.021269547
2009-03-12 16:00:00,926.05,938.48,919.62,929.1,22427.0,0.0,2.3999634,0.0025897953
2009-03-15 16:00:00,924.23,929.58,915.58,923.1,18815.0,0.0,-6.0,-0.0064578624
2009-03-16 16:00:00,922.8,924.5,912.25,914.5,19166.0,0.0,-8.599976,-0.009316407
2009-03-17 16:00:00,914.7,948.85,883.8,940.25,29153.0,0.0,25.75,0.028157463
2009-03-18 16:00:00,940.379,962.35,925.0,959.2,33472.0,0.0,18.950012,0.020154227
2009-03-19 16:00:00,958.45,966.9,946.58,951.75,23183.0,0.0,-7.450012,-0.0077669015
2009-03-22 16:00:00,952.0,957.08,936.03,938.13,26597.0,0.0,-13.619995,-0.014310475
2009-03-23 16:00:00,936.6,944.03,917.05,926.25,20560.0,0.0,-11.880005,-0.012663496
2009-03-24 16:00:00,926.6,940.5,916.48,934.0,24500.0,0.0,7.75,0.008367072
2009-03-25 16:00:00,934.2,945.6,931.9,934.5,20242.0,0.0,0.5,0.0005353319
2009-03-26 16:00:00,933.8,935.9,918.88,923.1,22767.0,0.0,-11.400024,-0.012199063
2009-03-29 16:00:00,924.7,932.2,908.6,915.7,18939.0,0.0,-7.3999634,-0.008016427
2009-03-30 16:00:00,916.4,924.6,911.83,917.95,22757.0,0.0,2.25,0.0024571365
2009-03-31 16:00:00,917.9,932.93,916.58,925.65,22714.0,0.0,7.700012,0.00838827
2009-04-01 16:00:00,926.28,929.2,894.65,904.2,26851.0,0.0,-21.450012,-0.023172919
2009-04-02 16:00:00,903.7,909.38,890.58,892.75,26554.0,0.0,-11.450012,-0.012663141
2009-04-05 16:00:00,888.73,888.73,865.22,869.8,26546.0,0.0,-22.950012,-0.025707098
2009-04-06 16:00:00,868.65,884.95,868.65,881.0,24812.0,0.0,11.200012,0.012876538
2009-04-07 16:00:00,883.25,890.18,878.4,880.45,14532.0,0.0,-0.5499878,-0.0006242767
2009-04-08 16:00:00,880.82,886.25,874.78,881.08,15776.0,0.0,0.6300049,0.0007155487
2009-04-12 16:00:00,883.15,899.72,883.0,892.67,11880.0,0.0,11.589966,0.013154272
2009-04-13 16:00:00,893.48,898.36,886.1,890.1,7281.0,0.0,-2.5700073,-0.0028790117
2009-04-14 16:00:00,889.9,898.58,887.1,891.35,8347.0,0.0,1.25,0.0014043367
2009-04-15 16:00:00,891.25,893.35,871.85,875.35,10178.0,0.0,-16.0,-0.0179503
2009-04-16 16:00:00,875.7,877.0,865.2,868.53,4701.0,0.0,-6.8199463,-0.007791108
2009-04-19 16:00:00,866.3,888.28,864.78,884.4,14840.0,0.0,15.869995,0.018272247
2009-04-20 16:00:00,885.05,895.1,879.01,883.51,18705.0,0.0,-0.89001465,-0.0010063485
2009-04-21 16:00:00,883.3,893.16,881.83,890.4,19430.0,0.0,6.8900146,0.0077984566
2009-04-22 16:00:00,890.2,908.8,889.78,903.75,21976.0,0.0,13.349976,0.014993234
2009-04-23 16:00:00,903.97,913.78,903.4,912.65,19898.0,0.0,8.900024,0.009847883
2009-04-26 16:00:00,917.3,918.4,905.2,906.3,17471.0,0.0,-6.3500366,-0.0069578
2009-04-27 16:00:00,906.38,906.68,884.4,892.6,14730.0,0.0,-13.700012,-0.0151164215
2009-04-28 16:00:00,892.82,902.78,887.67,898.4,17707.0,0.0,5.800049,0.006497926
2009-04-29 16:00:00,897.53,899.88,880.78,888.35,21357.0,0.0,-10.050049,-0.011186608
2009-04-30 16:00:00,885.65,889.63,880.2,885.95,17904.0,0.0,-2.3999634,-0.0027015968
2009-05-03 16:00:00,886.45,907.2,885.58,902.9,15023.0,0.0,16.950012,0.019132018
2009-05-04 16:00:00,903.03,915.98,894.95,896.6,15870.0,0.0,-6.300049,-0.0069775707
2009-05-05 16:00:00,894.8,912.15,894.8,910.65,21495.0,0.0,14.050049,0.015670365
2009-05-06 16:00:00,911.4,925.33,909.05,910.0,17861.0,0.0,-0.6500244,-0.00071380264
2009-05-07 16:00:00,910.5,919.83,905.25,916.15,18393.0,0.0,6.1500244,0.0067582685
2009-05-10 16:00:00,915.4,917.48,908.45,913.35,16474.0,0.0,-2.8000488,-0.0030563213
2009-05-11 16:00:00,913.2,923.91,911.98,922.4,16602.0,0.0,9.050049,0.009908632
2009-05-12 16:00:00,922.58,930.58,917.25,926.2,22708.0,0.0,3.7999878,0.004119674
2009-05-13 16:00:00,926.18,928.38,920.15,925.4,19054.0,0.0,-0.7999878,-0.00086373114
2009-05-14 16:00:00,924.38,934.15,923.75,931.4,12747.0,0.0,6.0,0.0064836824
2009-05-17 16:00:00,929.25,933.53,915.26,917.96,20242.0,0.0,-13.440002,-0.014429892
2009-05-18 16:00:00,918.06,929.03,917.5,924.89,17769.0,0.0,6.9299927,0.0075493404
2009-05-19 16:00:00,924.6,940.47,924.53,938.08,19892.0,0.0,13.190002,0.014261158
2009-05-20 16:00:00,938.11,955.85,936.0,954.15,20687.0,0.0,16.070007,0.017130742
2009-05-21 16:00:00,954.08,961.45,949.95,958.88,16773.0,0.0,4.7299805,0.0049572713
2009-05-24 16:00:00,956.25,957.38,952.63,952.85,4124.0,0.0,-6.0300293,-0.0062886174
2009-05-25 16:00:00,955.88,957.48,941.2,952.0,16823.0,0.0,-0.8499756,-0.0008920351
2009-05-26 16:00:00,952.08,959.5,946.55,948.35,11856.0,0.0,-3.6500244,-0.0038340592
2009-05-27 16:00:00,947.65,964.95,944.08,958.13,21355.0,0.0,9.780029,0.010312679
2009-05-28 16:00:00,959.55,980.22,958.85,978.6,22646.0,0.0,20.46997,0.021364503
2009-05-31 16:00:00,977.03,988.6,973.4,973.95,22737.0,0.0,-4.6499634,-0.0047516488
2009-06-01 16:00:00,975.0,986.5,969.48,981.2,18562.0,0.0,7.25,0.0074439137
2009-06-02 16:00:00,981.9,989.75,960.48,963.05,22421.0,0.0,-18.150024,-0.018497782
2009-06-03 16:00:00,963.0,981.75,960.73,979.2,19838.0,0.0,16.150024,0.016769664
2009-06-04 16:00:00,979.8,983.78,952.58,955.3,15818.0,0.0,-23.900024,-0.024407705
2009-06-07 16:00:00,955.85,959.55,943.28,951.06,17040.0,0.0,-4.23999,-0.0044383863
2009-06-08 16:00:00,951.03,962.08,947.3,954.7,23033.0,0.0,3.6400146,0.003827324
2009-06-09 16:00:00,954.26,965.25,946.98,954.61,22119.0,0.0,-0.090026855,-9.429858e-05
2009-06-10 16:00:00,954.56,961.7,942.6,954.75,24201.0,0.0,0.14001465,0.0001466721
2009-06-11 16:00:00,954.68,958.43,936.0,939.0,21788.0,0.0,-15.75,-0.016496465
2009-06-14 16:00:00,936.87,938.97,925.8,925.85,21223.0,0.0,-13.150024,-0.014004285
2009-06-15 16:00:00,927.63,939.5,926.97,934.1,24234.0,0.0,8.25,0.0089107305
2009-06-16 16:00:00,934.9,940.18,927.78,938.61,22129.0,0.0,4.51001,0.0048281876
2009-06-17 16:00:00,939.28,942.85,929.94,933.41,20257.0,0.0,-5.200012,-0.0055401204
2009-06-18 16:00:00,933.58,938.85,930.82,933.65,16884.0,0.0,0.24005127,0.00025717667
2009-06-21 16:00:00,933.63,934.2,917.9,922.6,18805.0,0.0,-11.050049,-0.011835322
2009-06-22 16:00:00,921.75,927.05,912.98,925.15,21302.0,0.0,2.5500488,0.002763981
2009-06-23 16:00:00,925.45,941.7,922.2,931.85,21610.0,0.0,6.699951,0.007242016
2009-06-24 16:00:00,931.25,940.1,929.97,939.45,22556.0,0.0,7.6000366,0.008155858
2009-06-25 16:00:00,938.9,948.2,936.33,939.35,19782.0,0.0,-0.10003662,-0.00010648424
2009-06-28 16:00:00,937.25,942.65,934.29,937.05,18316.0,0.0,-2.2999878,-0.0024484887
2009-06-29 16:00:00,937.55,944.85,923.18,926.18,20524.0,0.0,-10.869995,-0.01160023
2009-06-30 16:00:00,926.1,946.4,925.8,940.25,19686.0,0.0,14.070007,0.01519144
2009-07-01 16:00:00,940.35,941.5,926.7,929.2,17052.0,0.0,-11.049988,-0.011752181
2009-07-02 16:00:00,929.4,934.22,927.75,933.47,6962.0,0.0,4.2699585,0.0045953062
2009-07-05 16:00:00,929.78,931.18,920.3,924.0,15746.0,0.0,-9.469971,-0.010144912
2009-07-06 16:00:00,923.88,931.75,921.13,924.0,16653.0,0.0,0.0,0.0
2009-07-07 16:00:00,923.7,925.68,904.93,909.2,21345.0,0.0,-14.799988,-0.016017303
2009-07-08 16:00:00,909.1,918.6,906.4,910.78,17728.0,0.0,1.5800171,0.0017378102
2009-07-09 16:00:00,912.13,915.45,906.98,912.8,17265.0,0.0,2.0199585,0.0022178337
2009-07-12 16:00:00,914.4,923.25,907.85,920.75,17191.0,0.0,7.950012,0.008709479
2009-07-13 16:00:00,921.05,927.35,917.7,925.4,21553.0,0.0,4.6500244,0.0050502573
2009-07-14 16:00:00,925.43,942.08,924.35,938.83,15993.0,0.0,13.429993,0.014512635
2009-07-15 16:00:00,939.71,940.33,932.63,936.9,16165.0,0.0,-1.9299927,-0.0020557423
2009-07-16 16:00:00,937.45,940.0,931.93,937.1,14317.0,0.0,0.19995117,0.00021341784
2009-07-19 16:00:00,938.81,955.08,938.3,948.85,18619.0,0.0,11.75,0.012538684
2009-07-20 16:00:00,949.38,953.68,944.6,948.13,16722.0,0.0,-0.7199707,-0.00075878244
2009-07-21 16:00:00,948.7,954.68,944.75,951.3,17843.0,0.0,3.169983,0.0033434054
2009-07-22 16:00:00,951.25,957.35,947.4,948.95,19496.0,0.0,-2.3499756,-0.0024702782
2009-07-23 16:00:00,948.3,954.05,946.53,951.2,16456.0,0.0,2.25,0.0023710416
2009-07-26 16:00:00,950.48,958.78,947.75,953.65,18045.0,0.0,2.4500122,0.0025757067
2009-07-27 16:00:00,953.28,956.63,933.95,937.3,16798.0,0.0,-16.350037,-0.017144693
2009-07-28 16:00:00,937.4,940.72,925.65,929.55,18187.0,0.0,-7.75,-0.008268431
2009-07-29 16:00:00,929.75,937.0,928.55,934.45,14608.0,0.0,4.9000244,0.0052713943
2009-07-30 16:00:00,934.0,956.66,932.43,953.75,19139.0,0.0,19.299988,0.020653848
2009-08-02 16:00:00,952.85,962.43,951.77,956.91,20496.0,0.0,3.1599731,0.0033132092
2009-08-03 16:00:00,957.48,970.13,951.11,966.64,21120.0,0.0,9.7300415,0.010168189
2009-08-04 16:00:00,967.38,967.91,958.81,963.28,20941.0,0.0,-3.3599854,-0.0034759426
2009-08-05 16:00:00,963.05,971.6,956.1,963.25,22520.0,0.0,-0.030029297,-3.1174004e-05
2009-08-06 16:00:00,963.18,965.3,953.2,954.85,21920.0,0.0,-8.400024,-0.008720503
2009-08-09 16:00:00,954.53,956.7,942.3,946.1,19894.0,0.0,-8.75,-0.009163743
2009-08-10 16:00:00,945.88,949.68,941.95,945.9,17136.0,0.0,-0.19995117,-0.00021134254
2009-08-11 16:00:00,946.2,952.18,940.12,946.83,20470.0,0.0,0.9299927,0.0009831828
2009-08-12 16:00:00,946.55,960.5,946.55,955.05,18178.0,0.0,8.219971,0.008681569
2009-08-13 16:00:00,955.15,959.18,942.1,948.3,21234.0,0.0,-6.75,-0.007067693
2009-08-16 16:00:00,947.28,948.25,930.33,934.53,22506.0,0.0,-13.7699585,-0.014520678
2009-08-17 16:00:00,934.02,939.95,933.9,938.3,17662.0,0.0,3.7699585,0.004034069
2009-08-18 16:00:00,937.25,944.9,932.15,941.58,20741.0,0.0,3.2800293,0.0034957149
2009-08-19 16:00:00,941.79,945.65,937.2,940.59,17908.0,0.0,-0.98999023,-0.0010514138
2009-08-20 16:00:00,940.75,957.83,937.9,953.58,18699.0,0.0,12.98999,0.01381047
2009-08-23 16:00:00,953.88,956.65,935.5,941.55,18586.0,0.0,-12.030029,-0.012615647
2009-08-24 16:00:00,942.35,954.35,941.1,944.4,23142.0,0.0,2.8500366,0.0030269625
2009-08-25 16:00:00,944.63,949.85,940.05,945.63,18641.0,0.0,1.2299805,0.0013023935
2009-08-26 16:00:00,945.48,950.6,941.5,947.9,19401.0,0.0,2.2700195,0.0024005368
2009-08-27 16:00:00,948.32,961.18,947.93,954.65,20029.0,0.0,6.75,0.007121004
2009-08-30 16:00:00,955.15,960.45,944.15,951.15,18386.0,0.0,-3.5,-0.003666265
2009-08-31 16:00:00,950.85,956.85,946.35,955.91,22579.0,0.0,4.7599487,0.0050044144
2009-09-01 16:00:00,956.0,980.1,951.0,976.6,0.0,0.0,20.690002,0.0216443
2009-09-02 16:00:00,977.85,997.4,974.25,991.63,25092.0,0.0,15.030029,0.01539016
2009-09-03 16:00:00,991.35,996.35,985.33,993.4,23306.0,0.0,1.7700195,0.0017849597
2009-09-06 16:00:00,994.2,996.58,990.7,993.7,8131.0,0.0,0.2999878,0.00030198085
2009-09-07 16:00:00,995.45,1007.63,992.28,994.71,25136.0,0.0,1.0100098,0.0010164132
2009-09-08 16:00:00,996.46,1003.16,987.4,992.08,26546.0,0.0,-2.630005,-0.0026439915
2009-09-09 16:00:00,992.4,998.43,982.85,996.33,25438.0,0.0,4.25,0.004283929
2009-09-10 16:00:00,996.28,1011.72,994.53,1004.83,25307.0,0.0,8.5,0.00853131
2009-09-13 16:00:00,1006.5,1008.9,993.29,999.75,23699.0,0.0,-5.080017,-0.0050555984
2009-09-14 16:00:00,999.9,1009.47,992.22,1007.28,24538.0,0.0,7.5300293,0.007531912
2009-09-15 16:00:00,1006.97,1020.52,1006.1,1017.1,32317.0,0.0,9.819946,0.009748974
2009-09-16 16:00:00,1017.06,1024.01,1010.26,1013.05,27373.0,0.0,-4.049988,-0.0039818976
2009-09-17 16:00:00,1013.0,1017.7,1006.0,1007.4,25092.0,0.0,-5.6499634,-0.005577181
2009-09-20 16:00:00,1003.4,1006.75,995.85,1003.43,24436.0,0.0,-3.9700317,-0.003940869
2009-09-21 16:00:00,1003.9,1019.65,1001.9,1014.16,23922.0,0.0,10.72998,0.010693302
2009-09-22 16:00:00,1014.31,1018.6,1005.98,1008.3,27896.0,0.0,-5.8599854,-0.0057781665
2009-09-23 16:00:00,1007.11,1019.0,990.83,993.96,26325.0,0.0,-14.339966,-0.014221924
2009-09-24 16:00:00,994.5,999.3,984.85,990.75,27590.0,0.0,-3.210022,-0.0032295282
2009-09-27 16:00:00,994.05,996.46,985.9,990.6,23949.0,0.0,-0.15002441,-0.00015142509
2009-09-28 16:00:00,990.55,995.76,985.17,992.15,26615.0,0.0,1.5500488,0.0015647575
2009-09-29 16:00:00,990.92,1009.08,990.92,1007.35,25987.0,0.0,15.199951,0.015320214
2009-09-30 16:00:00,1006.12,1009.65,997.63,999.0,25975.0,0.0,-8.349976,-0.008289051
2009-10-01 16:00:00,998.75,1007.16,986.71,1002.45,26781.0,0.0,3.4500122,0.0034534656
2009-10-04 16:00:00,1001.98,1017.51,1000.93,1017.0,23151.0,0.0,14.549988,0.014514428
2009-10-05 16:00:00,1016.88,1043.38,1015.1,1041.68,28775.0,0.0,24.680054,0.024267506
2009-10-06 16:00:00,1041.25,1048.53,1036.32,1043.85,30854.0,0.0,2.1699219,0.0020830983
2009-10-07 16:00:00,1042.45,1061.42,1042.45,1054.88,32673.0,0.0,11.030029,0.010566681
2009-10-08 16:00:00,1054.85,1055.15,1043.57,1048.95,27459.0,0.0,-5.9300537,-0.005621543
2009-10-11 16:00:00,1052.68,1058.87,1047.05,1056.65,20951.0,0.0,7.7000732,0.007340744
2009-10-12 16:00:00,1053.95,1068.78,1050.79,1064.29,26979.0,0.0,7.6400146,0.0072304117
2009-10-13 16:00:00,1064.38,1070.8,1056.15,1062.2,30230.0,0.0,-2.090088,-0.0019638329
2009-10-14 16:00:00,1063.22,1065.64,1046.33,1049.97,31789.0,0.0,-12.22998,-0.011513822
2009-10-15 16:00:00,1049.91,1056.86,1043.03,1053.2,27287.0,0.0,3.2299805,0.0030762597
2009-10-18 16:00:00,1055.05,1064.5,1047.8,1063.9,23427.0,0.0,10.700073,0.010159584
2009-10-19 16:00:00,1063.57,1067.73,1051.76,1054.95,27422.0,0.0,-8.950073,-0.008412514
2009-10-20 16:00:00,1055.45,1064.72,1047.7,1058.8,31135.0,0.0,3.8500977,0.003649555
2009-10-21 16:00:00,1058.36,1061.43,1051.4,1059.7,29406.0,0.0,0.89990234,0.0008499266
2009-10-22 16:00:00,1059.86,1067.42,1050.01,1055.1,30361.0,0.0,-4.5999756,-0.0043408284
2009-10-25 16:00:00,1053.93,1059.68,1037.78,1038.81,26619.0,0.0,-16.289917,-0.015439217
2009-10-26 16:00:00,1038.7,1043.32,1032.45,1039.75,28533.0,0.0,0.9399414,0.0009048251
2009-10-27 16:00:00,1038.65,1041.83,1026.48,1027.85,27205.0,0.0,-11.900024,-0.011445083
2009-10-28 16:00:00,1027.36,1047.68,1026.5,1046.9,23065.0,0.0,19.050049,0.01853388
2009-10-29 16:00:00,1045.46,1048.89,1035.04,1045.15,18916.0,0.0,-1.75,-0.0016716018
2009-11-01 16:00:00,1041.5,1062.68,1041.49,1059.45,18623.0,0.0,14.299927,0.013682176
2009-11-02 16:00:00,1059.35,1087.7,1055.21,1085.4,21008.0,0.0,25.950073,0.024493912
2009-11-03 16:00:00,1084.2,1097.66,1079.9,1091.81,20613.0,0.0,6.410034,0.0059056883
2009-11-04 16:00:00,1091.85,1094.51,1084.05,1090.75,19425.0,0.0,-1.0600586,-0.0009709185
2009-11-05 16:00:00,1090.2,1100.98,1086.46,1095.35,15789.0,0.0,4.5999756,0.004217259
2009-11-08 16:00:00,1097.25,1111.0,1095.45,1103.27,17315.0,0.0,7.920044,0.007230606
2009-11-09 16:00:00,1103.8,1109.06,1096.9,1105.27,18475.0,0.0,2.0,0.0018127928
2009-11-10 16:00:00,1105.7,1118.5,1105.06,1117.4,17905.0,0.0,12.130005,0.010974698
2009-11-11 16:00:00,1117.6,1123.03,1102.6,1103.4,17806.0,0.0,-14.0,-0.012529085
2009-11-12 16:00:00,1103.57,1119.15,1101.14,1118.8,19616.0,0.0,15.400024,0.013956882
2009-11-15 16:00:00,1119.0,1143.4,1118.97,1138.28,19916.0,0.0,19.47998,0.017411495
2009-11-16 16:00:00,1139.25,1141.8,1127.76,1141.35,19378.0,0.0,3.0699463,0.0026970045
2009-11-17 16:00:00,1141.13,1152.95,1136.0,1144.86,19256.0,0.0,3.5100098,0.0030753142
2009-11-18 16:00:00,1145.27,1146.14,1130.01,1144.88,19235.0,0.0,0.020019531,1.7486445e-05
2009-11-19 16:00:00,1144.35,1150.92,1132.86,1150.65,18741.0,0.0,5.7700195,0.0050398465
2009-11-22 16:00:00,1151.22,1173.6,1151.22,1165.15,20111.0,0.0,14.5,0.012601573
2009-11-23 16:00:00,1165.68,1171.25,1157.55,1169.52,22151.0,0.0,4.369995,0.0037505857
2009-11-24 16:00:00,1169.03,1191.62,1166.75,1189.05,20478.0,0.0,19.53003,0.016699184
2009-11-25 16:00:00,1191.8,1195.1,1180.91,1183.15,12722.0,0.0,-5.9000244,-0.0049619647
2009-11-26 16:00:00,1191.97,1191.97,1137.25,1177.46,28747.0,0.0,-5.6900635,-0.004809249
2009-11-29 16:00:00,1180.65,1182.55,1164.07,1179.15,29676.0,0.0,1.6900635,0.0014353469
2009-11-30 16:00:00,1179.37,1201.4,1175.22,1197.25,21746.0,0.0,18.099976,0.01535002
2009-12-01 16:00:00,1196.4,1217.0,1195.3,1214.87,27084.0,0.0,17.619995,0.0147170555
2009-12-02 16:00:00,1215.45,1226.25,1204.25,1211.35,29382.0,0.0,-3.5200195,-0.0028974453
2009-12-03 16:00:00,1207.36,1212.5,1147.5,1159.4,34645.0,0.0,-51.94995,-0.042885996
2009-12-06 16:00:00,1159.9,1165.32,1135.09,1154.32,36116.0,0.0,-5.080078,-0.004381644
2009-12-07 16:00:00,1157.75,1168.85,1124.5,1131.15,34546.0,0.0,-23.169922,-0.020072358
2009-12-08 16:00:00,1128.03,1146.95,1116.3,1130.47,33011.0,0.0,-0.6800537,-0.00060120557
2009-12-09 16:00:00,1128.4,1136.6,1120.91,1130.37,31144.0,0.0,-0.099975586,-8.843719e-05
2009-12-10 16:00:00,1130.35,1142.15,1109.29,1115.02,30881.0,0.0,-15.349976,-0.013579603
2009-12-13 16:00:00,1114.3,1127.65,1110.58,1124.1,25337.0,0.0,9.079956,0.008143312
2009-12-14 16:00:00,1126.51,1128.92,1111.2,1123.85,22745.0,0.0,-0.25,-0.00022240015
2009-12-15 16:00:00,1124.93,1141.22,1121.3,1137.9,26097.0,0.0,14.050049,0.012501712
2009-12-16 16:00:00,1137.75,1141.55,1094.75,1095.55,31964.0,0.0,-42.349976,-0.037217658
2009-12-17 16:00:00,1098.6,1116.92,1096.45,1111.7,29165.0,0.0,16.149902,0.014741364
2009-12-20 16:00:00,1111.9,1119.53,1089.95,1091.35,26659.0,0.0,-20.349976,-0.018305277
2009-12-21 16:00:00,1093.1,1097.3,1074.51,1082.85,27196.0,0.0,-8.5,-0.007788519
2009-12-22 16:00:00,1083.67,1095.8,1079.3,1088.52,24058.0,0.0,5.670044,0.005236223
2009-12-23 16:00:00,1087.34,1105.86,1086.83,1105.32,17957.0,0.0,16.799927,0.015433732
2009-12-27 16:00:00,1106.6,1113.7,1101.41,1106.92,21849.0,0.0,1.6000977,0.001447633
2009-12-28 16:00:00,1106.87,1108.19,1096.51,1096.62,23678.0,0.0,-10.300049,-0.009305143
2009-12-29 16:00:00,1096.87,1098.1,1085.75,1092.68,24548.0,0.0,-3.9399414,-0.0035928045
2009-12-30 16:00:00,1092.85,1106.75,1092.45,1095.05,18276.0,0.0,2.369995,0.0021689744
2010-01-03 16:00:00,1098.1,1123.73,1093.2,1121.17,24734.0,0.0,26.119995,0.023852786
2010-01-04 16:00:00,1120.87,1128.6,1115.15,1117.95,22138.0,0.0,-3.2200928,-0.0028720824
2010-01-05 16:00:00,1117.85,1140.5,1116.45,1137.95,26910.0,0.0,20.0,0.017889889
2010-01-06 16:00:00,1137.92,1138.92,1128.35,1131.2,25100.0,0.0,-6.75,-0.0059317197
2010-01-07 16:00:00,1131.5,1139.45,1119.54,1137.66,28025.0,0.0,6.460083,0.0057108235
2010-01-10 16:00:00,1151.55,1161.81,1148.45,1151.77,23642.0,0.0,14.109985,0.012402638
2010-01-11 16:00:00,1151.72,1158.08,1124.9,1128.4,25169.0,0.0,-23.369995,-0.020290505
2010-01-12 16:00:00,1128.17,1138.7,1118.5,1138.37,25541.0,0.0,9.969971,0.008835494
2010-01-13 16:00:00,1138.07,1146.3,1130.95,1142.55,27060.0,0.0,4.1800537,0.0036719642
2010-01-14 16:00:00,1142.25,1145.75,1126.59,1131.05,26143.0,0.0,-11.5,-0.010065204
2010-01-17 16:00:00,1131.37,1137.2,1127.53,1135.65,10454.0,0.0,4.5999756,0.004066996
2010-01-18 16:00:00,1133.96,1140.56,1128.8,1138.1,23050.0,0.0,2.4499512,0.002157312
2010-01-19 16:00:00,1138.1,1141.45,1107.05,1110.95,28913.0,0.0,-27.150024,-0.02385557
2010-01-20 16:00:00,1111.15,1117.55,1088.45,1094.0,30070.0,0.0,-16.949951,-0.015257169
2010-01-21 16:00:00,1093.65,1098.65,1082.1,1093.15,32312.0,0.0,-0.8499756,-0.00077694294
2010-01-24 16:00:00,1092.97,1103.89,1092.6,1098.2,26134.0,0.0,5.0499268,0.00461961
2010-01-25 16:00:00,1098.3,1103.35,1085.41,1097.55,26137.0,0.0,-0.64990234,-0.00059178873
2010-01-26 16:00:00,1097.3,1102.35,1083.3,1087.87,29159.0,0.0,-9.680054,-0.008819692
2010-01-27 16:00:00,1087.67,1096.08,1074.0,1086.67,27575.0,0.0,-1.1999512,-0.0011030281
2010-01-28 16:00:00,1086.75,1090.43,1074.55,1080.88,29755.0,0.0,-5.790039,-0.0053282403
2010-01-31 16:00:00,1081.1,1107.65,1076.6,1105.07,23075.0,0.0,24.189941,0.022379858
2010-02-01 16:00:00,1105.5,1118.13,1098.85,1114.15,26016.0,0.0,9.080078,0.008216745
2010-02-02 16:00:00,1114.3,1125.0,1107.02,1109.55,23181.0,0.0,-4.5999756,-0.004128686
2010-02-03 16:00:00,1109.7,1111.1,1059.35,1063.52,25321.0,0.0,-46.03003,-0.04148531
2010-02-04 16:00:00,1063.42,1068.67,1044.2,1065.95,34104.0,0.0,2.4299316,0.002284801
2010-02-07 16:00:00,1067.45,1073.7,1061.59,1062.6,25667.0,0.0,-3.3499756,-0.0031427138
2010-02-08 16:00:00,1062.82,1083.1,1061.63,1077.85,27509.0,0.0,15.25,0.014351591
2010-02-09 16:00:00,1077.92,1082.21,1063.11,1071.72,28556.0,0.0,-6.130005,-0.0056872526
2010-02-10 16:00:00,1071.9,1097.85,1070.85,1095.17,27828.0,0.0,23.450073,0.021880783
2010-02-11 16:00:00,1094.95,1096.95,1077.65,1093.3,29476.0,0.0,-1.8699951,-0.001707493
2010-02-14 16:00:00,1093.17,1102.3,1091.6,1099.33,12979.0,0.0,6.029907,0.0055153267
2010-02-15 16:00:00,1100.0,1121.15,1098.07,1119.1,23702.0,0.0,19.77002,0.0179837
2010-02-16 16:00:00,1119.18,1127.05,1105.02,1106.7,27201.0,0.0,-12.400024,-0.011080354
2010-02-17 16:00:00,1106.4,1124.08,1097.66,1108.8,39456.0,0.0,2.1000977,0.0018976216
2010-02-18 16:00:00,1108.15,1126.72,1099.25,1119.2,36972.0,0.0,10.399902,0.00937942
2010-02-21 16:00:00,1119.05,1130.87,1109.96,1114.15,30437.0,0.0,-5.0499268,-0.0045120865
2010-02-22 16:00:00,1114.07,1121.04,1099.2,1103.1,32836.0,0.0,-11.050049,-0.009917919
2010-02-23 16:00:00,1103.2,1108.12,1089.86,1097.4,29568.0,0.0,-5.699951,-0.005167212
2010-02-24 16:00:00,1097.45,1109.1,1088.32,1106.02,34356.0,0.0,8.619995,0.0078549255
2010-02-25 16:00:00,1106.3,1118.95,1104.25,1117.45,33040.0,0.0,11.429932,0.01033429
2010-02-28 16:00:00,1119.4,1123.39,1111.8,1118.65,32450.0,0.0,1.2000732,0.0010739391
2010-03-01 16:00:00,1118.67,1137.47,1114.82,1134.32,31039.0,0.0,15.669922,0.014007886
2010-03-02 16:00:00,1134.45,1144.83,1132.15,1139.7,27910.0,0.0,5.380005,0.0047429344
2010-03-03 16:00:00,1139.72,1141.48,1125.75,1131.8,30074.0,0.0,-7.8999023,-0.0069315634
2010-03-04 16:00:00,1132.15,1140.53,1127.28,1134.75,26394.0,0.0,2.9499512,0.0026064243
2010-03-07 16:00:00,1135.97,1137.56,1118.55,1123.33,24483.0,0.0,-11.420044,-0.0100639295
2010-03-08 16:00:00,1123.38,1124.83,1108.6,1121.51,25845.0,0.0,-1.8199463,-0.0016201352
2010-03-09 16:00:00,1121.19,1127.93,1103.38,1108.18,26236.0,0.0,-13.329956,-0.011885722
2010-03-10 16:00:00,1107.67,1111.45,1100.45,1109.28,22745.0,0.0,1.0999756,0.0009925965
2010-03-11 16:00:00,1109.4,1119.18,1098.25,1101.6,23774.0,0.0,-7.6800537,-0.006923458
2010-03-14 16:00:00,1103.64,1109.95,1101.1,1108.85,22065.0,0.0,7.25,0.0065813363
2010-03-15 16:00:00,1108.65,1128.62,1108.22,1125.85,25169.0,0.0,17.0,0.015331199
2010-03-16 16:00:00,1125.9,1133.19,1118.3,1124.7,25375.0,0.0,-1.1500244,-0.0010214722
2010-03-17 16:00:00,1124.3,1129.22,1118.13,1125.6,23669.0,0.0,0.9000244,0.00080023514
2010-03-18 16:00:00,1125.8,1127.05,1101.3,1106.75,23165.0,0.0,-18.849976,-0.016746603
2010-03-21 16:00:00,1103.75,1108.55,1092.3,1103.6,22995.0,0.0,-3.1500244,-0.0028461933
2010-03-22 16:00:00,1102.7,1107.95,1094.31,1103.9,23909.0,0.0,0.30004883,0.00027188187
2010-03-23 16:00:00,1101.97,1105.7,1084.95,1087.1,28351.0,0.0,-16.800049,-0.015218814
2010-03-24 16:00:00,1086.5,1095.66,1085.6,1090.65,26466.0,0.0,3.5500488,0.003265614
2010-03-25 16:00:00,1090.6,1109.7,1088.6,1107.28,22985.0,0.0,16.630005,0.015247792
2010-03-28 16:00:00,1110.03,1114.63,1103.3,1109.0,18844.0,0.0,1.7199707,0.0015533295
2010-03-29 16:00:00,1109.8,1113.28,1101.54,1104.25,18641.0,0.0,-4.75,-0.004283138
2010-03-30 16:00:00,1104.25,1118.01,1102.35,1113.1,21213.0,0.0,8.849976,0.008014468
2010-03-31 16:00:00,1113.15,1127.88,1111.49,1125.5,20788.0,0.0,12.400024,0.011140081
2010-04-01 16:00:00,1123.8,1123.8,1120.0,1120.0,0.0,0.0,-5.5,-0.004886717
2010-04-04 16:00:00,1125.1,1133.27,1122.65,1130.55,18367.0,0.0,10.550049,0.009419686
2010-04-05 16:00:00,1130.55,1138.6,1122.7,1133.95,23189.0,0.0,3.3999023,0.0030072993
2010-04-06 16:00:00,1133.9,1153.15,1132.4,1147.8,22912.0,0.0,13.850098,0.012214029
2010-04-07 16:00:00,1149.17,1153.6,1143.56,1150.9,22784.0,0.0,3.0999756,0.0027007975
2010-04-08 16:00:00,1150.4,1164.7,1149.5,1161.7,22328.0,0.0,10.799927,0.009383896
2010-04-11 16:00:00,1166.55,1169.78,1154.1,1155.65,21227.0,0.0,-6.0499268,-0.005207822
2010-04-12 16:00:00,1155.45,1157.15,1144.79,1150.9,19903.0,0.0,-4.75,-0.004110241
2010-04-13 16:00:00,1151.15,1161.98,1150.2,1155.4,20687.0,0.0,4.5,0.003909983
2010-04-14 16:00:00,1154.8,1161.35,1150.01,1159.3,18421.0,0.0,3.9000244,0.0033754755
2010-04-15 16:00:00,1158.15,1160.35,1129.87,1137.2,23769.0,0.0,-22.100098,-0.01906331
2010-04-18 16:00:00,1134.48,1137.72,1123.73,1135.35,21362.0,0.0,-1.8499756,-0.0016267813
2010-04-19 16:00:00,1136.05,1145.98,1133.4,1140.45,19357.0,0.0,5.0999756,0.0044919853
2010-04-20 16:00:00,1140.0,1150.52,1137.61,1146.0,20152.0,0.0,5.550049,0.004866543
2010-04-21 16:00:00,1145.95,1149.26,1131.56,1141.27,22308.0,0.0,-4.7299805,-0.0041273828
2010-04-22 16:00:00,1141.65,1157.75,1134.81,1157.55,21427.0,0.0,16.28003,0.014264836
2010-04-25 16:00:00,1157.67,1159.84,1150.65,1154.55,16984.0,0.0,-3.0,-0.0025916805
2010-04-26 16:00:00,1153.67,1172.6,1146.24,1168.45,22901.0,0.0,13.899902,0.012039238
2010-04-27 16:00:00,1168.25,1174.33,1160.41,1165.1,22705.0,0.0,-3.3499756,-0.0028670253
2010-04-28 16:00:00,1165.15,1171.14,1161.99,1167.05,19573.0,0.0,1.9500732,0.0016737389
2010-04-29 16:00:00,1167.3,1181.57,1167.3,1178.9,20546.0,0.0,11.849976,0.010153785
2010-05-02 16:00:00,1176.97,1187.75,1176.45,1182.35,15563.0,0.0,3.4499512,0.0029264153
2010-05-03 16:00:00,1182.38,1192.16,1166.83,1172.3,23475.0,0.0,-10.049927,-0.0084999595
2010-05-04 16:00:00,1171.08,1176.45,1156.86,1175.3,26789.0,0.0,3.0,0.0025590719
2010-05-05 16:00:00,1175.15,1211.6,1172.45,1208.25,30622.0,0.0,32.94995,0.028035352
2010-05-06 16:00:00,1207.87,1213.57,1192.66,1207.9,32311.0,0.0,-0.3499756,-0.00028965494
2010-05-09 16:00:00,1200.3,1205.67,1184.01,1202.2,28796.0,0.0,-5.7000732,-0.0047189943
2010-05-10 16:00:00,1201.95,1234.35,1200.86,1230.28,29048.0,0.0,28.080078,0.023357244
2010-05-11 16:00:00,1231.3,1248.45,1226.63,1237.4,32105.0,0.0,7.119995,0.005787296
2010-05-12 16:00:00,1237.7,1242.93,1227.1,1232.8,24800.0,0.0,-4.5999756,-0.0037174523
2010-05-13 16:00:00,1232.6,1249.26,1217.71,1231.9,30417.0,0.0,-0.9000244,-0.0007300652
2010-05-16 16:00:00,1232.9,1242.27,1219.05,1223.75,22235.0,0.0,-8.150024,-0.0066158166
2010-05-17 16:00:00,1223.73,1229.05,1206.66,1221.6,28334.0,0.0,-2.1500244,-0.0017569148
2010-05-18 16:00:00,1223.75,1227.65,1186.51,1191.65,32430.0,0.0,-29.949951,-0.024516987
2010-05-19 16:00:00,1191.4,1197.95,1174.95,1182.9,30698.0,0.0,-8.75,-0.00734276
2010-05-20 16:00:00,1183.25,1187.4,1166.02,1176.55,30209.0,0.0,-6.3499756,-0.0053681424
2010-05-23 16:00:00,1181.1,1196.67,1179.53,1191.4,24265.0,0.0,14.849976,0.012621627
2010-05-24 16:00:00,1192.2,1204.12,1185.1,1200.7,27055.0,0.0,9.299927,0.007805881
2010-05-25 16:00:00,1202.47,1216.45,1200.72,1210.7,22093.0,0.0,10.0,0.008328475
2010-05-26 16:00:00,1211.72,1218.22,1205.75,1211.85,21065.0,0.0,1.1500244,0.0009498839
2010-05-27 16:00:00,1211.15,1215.3,1202.0,1213.2,17805.0,0.0,1.3499756,0.0011139791
2010-05-30 16:00:00,1213.95,1214.8,1209.7,1213.02,5229.0,0.0,-0.17993164,-0.0001483116
2010-05-31 16:00:00,1215.4,1228.78,1214.75,1225.1,19071.0,0.0,12.079956,0.009958579
2010-06-01 16:00:00,1225.17,1226.95,1213.33,1224.03,19356.0,0.0,-1.0699463,-0.00087335426
2010-06-02 16:00:00,1223.4,1224.6,1200.9,1207.8,20847.0,0.0,-16.22998,-0.013259463
2010-06-03 16:00:00,1206.95,1219.9,1196.46,1219.65,26685.0,0.0,11.849976,0.009811207
2010-06-06 16:00:00,1220.03,1244.51,1210.46,1239.75,25296.0,0.0,20.099976,0.016480118
2010-06-07 16:00:00,1240.72,1251.83,1233.3,1235.38,26359.0,0.0,-4.369995,-0.0035249002
2010-06-08 16:00:00,1235.3,1240.6,1221.6,1232.25,24270.0,0.0,-3.130005,-0.0025336372
2010-06-09 16:00:00,1232.8,1233.97,1214.98,1217.65,23697.0,0.0,-14.599976,-0.011848225
2010-06-10 16:00:00,1217.05,1230.52,1216.45,1226.5,20782.0,0.0,8.849976,0.007268078
2010-06-13 16:00:00,1230.43,1233.93,1216.24,1221.85,21735.0,0.0,-4.6500244,-0.003791296
2010-06-14 16:00:00,1221.4,1236.65,1219.69,1234.3,21281.0,0.0,12.450073,0.010189527
2010-06-15 16:00:00,1234.45,1237.79,1226.8,1231.42,17290.0,0.0,-2.880005,-0.0023333102
2010-06-16 16:00:00,1230.75,1251.0,1229.87,1245.02,19390.0,0.0,13.599976,0.01104414
2010-06-17 16:00:00,1245.35,1262.15,1241.55,1256.65,18878.0,0.0,11.630005,0.009341219
2010-06-20 16:00:00,1259.85,1265.05,1230.6,1231.8,23377.0,0.0,-24.849976,-0.019774778
2010-06-21 16:00:00,1232.45,1242.45,1231.86,1239.05,22917.0,0.0,7.25,0.0058856956
2010-06-22 16:00:00,1239.4,1246.24,1224.66,1237.3,23870.0,0.0,-1.75,-0.0014123723
2010-06-23 16:00:00,1236.73,1248.22,1227.7,1244.44,23391.0,0.0,7.1398926,0.0057705427
2010-06-24 16:00:00,1243.9,1258.15,1240.95,1255.6,19128.0,0.0,11.160034,0.008967917
2010-06-27 16:00:00,1255.2,1262.56,1235.17,1237.9,21944.0,0.0,-17.699951,-0.014096808
2010-06-28 16:00:00,1238.63,1244.95,1227.2,1241.05,23414.0,0.0,3.1500244,0.0025446517
2010-06-29 16:00:00,1240.5,1247.4,1234.54,1241.9,21429.0,0.0,0.8499756,0.0006848842
2010-06-30 16:00:00,1242.2,1243.71,1196.37,1199.77,28206.0,0.0,-42.130005,-0.03392383
2010-07-01 16:00:00,1199.05,1213.21,1198.92,1211.1,24217.0,0.0,11.329956,0.00944344
2010-07-04 16:00:00,1211.45,1214.32,1205.79,1208.24,8665.0,0.0,-2.8599854,-0.0023614776
2010-07-05 16:00:00,1207.36,1213.52,1189.14,1193.97,22257.0,0.0,-14.27002,-0.011810584
2010-07-06 16:00:00,1193.67,1203.82,1184.77,1202.4,20774.0,0.0,8.430054,0.007060524
2010-07-07 16:00:00,1202.45,1207.8,1187.33,1198.02,20875.0,0.0,-4.380005,-0.0036427185
2010-07-08 16:00:00,1198.05,1213.59,1194.3,1210.05,20477.0,0.0,12.030029,0.010041593
2010-07-11 16:00:00,1211.0,1212.3,1196.15,1196.6,19778.0,0.0,-13.450073,-0.011115303
2010-07-12 16:00:00,1197.55,1217.78,1196.35,1211.4,17810.0,0.0,14.800049,0.012368418
2010-07-13 16:00:00,1211.75,1217.95,1202.65,1208.05,17195.0,0.0,-3.3499756,-0.0027653752
2010-07-14 16:00:00,1208.0,1217.2,1203.7,1208.35,16322.0,0.0,0.29992676,0.00024827346
2010-07-15 16:00:00,1208.75,1210.7,1186.0,1192.85,15636.0,0.0,-15.5,-0.012827409
2010-07-18 16:00:00,1193.3,1194.95,1177.35,1184.05,14109.0,0.0,-8.799927,-0.0073772282
2010-07-19 16:00:00,1183.75,1193.5,1175.48,1192.0,18913.0,0.0,7.949951,0.006714202
2010-07-20 16:00:00,1191.6,1197.83,1184.85,1185.7,15737.0,0.0,-6.300049,-0.0052852756
2010-07-21 16:00:00,1186.7,1201.05,1181.01,1194.6,18358.0,0.0,8.900024,0.0075061354
2010-07-22 16:00:00,1195.13,1204.0,1184.17,1188.95,19925.0,0.0,-5.6500244,-0.004729637
2010-07-25 16:00:00,1190.55,1194.53,1179.52,1181.4,18234.0,0.0,-7.5499268,-0.0063500796
2010-07-26 16:00:00,1181.87,1186.95,1157.97,1162.17,18604.0,0.0,-19.22998,-0.016277282
2010-07-27 16:00:00,1164.35,1165.93,1156.9,1163.15,15414.0,0.0,0.97998047,0.0008432333
2010-07-28 16:00:00,1162.97,1169.36,1159.23,1168.65,18584.0,0.0,5.5,0.004728539
2010-07-29 16:00:00,1168.4,1183.5,1165.67,1180.65,19162.0,0.0,12.0,0.010268258
2010-08-01 16:00:00,1181.25,1190.3,1174.36,1181.15,17653.0,0.0,0.5,0.0004234955
2010-08-02 16:00:00,1181.57,1190.51,1179.28,1185.95,17282.0,0.0,4.7999268,0.004063774
2010-08-03 16:00:00,1185.75,1202.85,1184.8,1195.35,18768.0,0.0,9.400024,0.007926156
2010-08-04 16:00:00,1195.3,1199.92,1187.65,1195.35,15941.0,0.0,0.0,0.0
2010-08-05 16:00:00,1195.27,1210.84,1192.3,1205.05,16931.0,0.0,9.700073,0.00811484
2010-08-08 16:00:00,1205.6,1209.68,1198.85,1201.2,13916.0,0.0,-3.8500977,-0.0031949691
2010-08-09 16:00:00,1201.3,1207.22,1190.52,1203.52,18219.0,0.0,2.3200684,0.001931459
2010-08-10 16:00:00,1204.55,1207.88,1192.32,1197.5,20251.0,0.0,-6.0200195,-0.00500201
2010-08-11 16:00:00,1198.2,1215.21,1197.27,1212.82,17395.0,0.0,15.319946,0.012793275
2010-08-12 16:00:00,1213.48,1217.41,1210.53,1215.4,16132.0,0.0,2.5800781,0.0021273382
2010-08-15 16:00:00,1214.85,1227.28,1214.45,1224.72,13156.0,0.0,9.319946,0.007668213
2010-08-16 16:00:00,1225.07,1228.95,1222.4,1224.72,13071.0,0.0,0.0,0.0
2010-08-17 16:00:00,1224.55,1232.35,1217.45,1229.47,15916.0,0.0,4.75,0.0038784377
2010-08-18 16:00:00,1229.22,1237.3,1227.62,1232.05,15611.0,0.0,2.5800781,0.002098529
2010-08-19 16:00:00,1232.2,1233.7,1221.94,1227.8,15528.0,0.0,-4.25,-0.0034495352
2010-08-22 16:00:00,1228.6,1231.77,1221.73,1225.3,14162.0,0.0,-2.5,-0.0020361622
2010-08-23 16:00:00,1225.4,1235.35,1210.14,1229.4,17470.0,0.0,4.0999756,0.0033460993
2010-08-24 16:00:00,1229.7,1241.32,1228.95,1239.75,17098.0,0.0,10.349976,0.008418721
2010-08-25 16:00:00,1240.17,1244.09,1233.92,1236.07,16817.0,0.0,-3.6800537,-0.0029683837
2010-08-26 16:00:00,1236.43,1242.15,1231.7,1237.95,16698.0,0.0,1.8800049,0.0015209535
2010-08-29 16:00:00,1237.4,1238.3,1233.26,1236.35,11441.0,0.0,-1.5999756,-0.0012924396
2010-08-30 16:00:00,1236.3,1249.72,1231.68,1247.6,16989.0,0.0,11.25,0.009099365
2010-08-31 16:00:00,1248.0,1254.56,1242.51,1244.42,17474.0,0.0,-3.1799316,-0.0025488392
2010-09-01 16:00:00,1244.07,1253.13,1243.45,1251.05,16265.0,0.0,6.630005,0.005327787
2010-09-02 16:00:00,1251.3,1253.7,1237.74,1246.65,15226.0,0.0,-4.4000244,-0.003517065
2010-09-05 16:00:00,1248.45,1250.98,1246.7,1248.97,5404.0,0.0,2.3199463,0.0018609443
2010-09-06 16:00:00,1250.55,1259.61,1244.6,1254.7,15488.0,0.0,5.7299805,0.004587765
2010-09-07 16:00:00,1254.8,1262.21,1253.25,1254.9,11755.0,0.0,0.20007324,0.00015945903
2010-09-08 16:00:00,1255.2,1258.73,1242.3,1243.95,18673.0,0.0,-10.950073,-0.008725853
2010-09-09 16:00:00,1244.15,1251.03,1236.54,1245.85,17833.0,0.0,1.9000244,0.0015274122
2010-09-12 16:00:00,1244.95,1249.13,1240.84,1245.39,15263.0,0.0,-0.45996094,-0.0003691945
2010-09-13 16:00:00,1245.35,1274.66,1244.65,1268.6,20255.0,0.0,23.20996,0.0186367
2010-09-14 16:00:00,1268.4,1271.8,1263.02,1267.85,19103.0,0.0,-0.75,-0.00059120293
2010-09-15 16:00:00,1267.25,1277.66,1264.61,1275.3,18308.0,0.0,7.4500732,0.005876147
2010-09-16 16:00:00,1274.95,1282.74,1271.83,1274.2,18118.0,0.0,-1.1000977,-0.0008626187
2010-09-19 16:00:00,1277.3,1283.55,1274.4,1277.15,16451.0,0.0,2.9500732,0.0023152358
2010-09-20 16:00:00,1278.2,1290.48,1270.85,1286.0,21699.0,0.0,8.849976,0.006929472
2010-09-21 16:00:00,1287.3,1296.03,1286.17,1290.5,21271.0,0.0,4.5,0.0034992225
2010-09-22 16:00:00,1291.0,1295.82,1286.8,1292.45,16053.0,0.0,1.9499512,0.0015110044
2010-09-23 16:00:00,1292.32,1299.7,1291.35,1296.4,15024.0,0.0,3.9500732,0.0030562677
2010-09-26 16:00:00,1295.75,1299.85,1293.95,1294.6,16910.0,0.0,-1.8000488,-0.001388498
2010-09-27 16:00:00,1294.8,1309.95,1282.9,1308.9,16303.0,0.0,14.300049,0.011045921
2010-09-28 16:00:00,1309.0,1313.25,1305.45,1309.65,14755.0,0.0,0.75,0.00057300023
2010-09-29 16:00:00,1309.35,1315.85,1295.95,1309.15,10561.0,0.0,-0.5,-0.00038178137
2010-09-30 16:00:00,1308.07,1320.6,1306.15,1318.95,14282.0,0.0,9.799927,0.007485717
2010-10-03 16:00:00,1319.63,1319.95,1312.2,1315.0,12028.0,0.0,-3.9499512,-0.0029947695
2010-10-04 16:00:00,1314.93,1341.5,1312.25,1340.4,15900.0,0.0,25.400024,0.019315608
2010-10-05 16:00:00,1340.1,1349.8,1338.8,1349.07,16227.0,0.0,8.669922,0.00646816
2010-10-06 16:00:00,1349.15,1364.75,1325.66,1333.45,28884.0,0.0,-15.619995,-0.011578344
2010-10-07 16:00:00,1333.35,1349.55,1324.92,1345.05,24460.0,0.0,11.600098,0.008699313
2010-10-10 16:00:00,1353.1,1355.2,1340.16,1353.67,21217.0,0.0,8.619995,0.0064086798
2010-10-11 16:00:00,1353.7,1355.17,1340.58,1350.2,24756.0,0.0,-3.4700928,-0.0025634703
2010-10-12 16:00:00,1350.25,1374.0,1349.05,1372.0,23647.0,0.0,21.800049,0.016145794
2010-10-13 16:00:00,1372.15,1387.1,1370.4,1380.95,27951.0,0.0,8.949951,0.006523288
2010-10-14 16:00:00,1380.75,1385.31,1362.23,1368.0,28612.0,0.0,-12.949951,-0.009377567
2010-10-17 16:00:00,1368.65,1374.82,1352.66,1369.32,22532.0,0.0,1.3199463,0.000964873
2010-10-18 16:00:00,1369.55,1370.95,1328.15,1335.1,22029.0,0.0,-34.21997,-0.024990486
2010-10-19 16:00:00,1334.4,1347.1,1330.45,1346.4,26772.0,0.0,11.300049,0.008463822
2010-10-20 16:00:00,1345.35,1349.07,1317.86,1325.3,30185.0,0.0,-21.099976,-0.015671402
2010-10-21 16:00:00,1325.55,1328.52,1315.08,1327.95,26496.0,0.0,2.6499023,0.0019994734
2010-10-24 16:00:00,1332.04,1349.05,1331.3,1340.02,23982.0,0.0,12.070068,0.009089249
2010-10-25 16:00:00,1339.75,1343.5,1327.99,1340.05,25440.0,0.0,0.030029297,2.2409587e-05
2010-10-26 16:00:00,1340.35,1343.45,1318.93,1325.0,28780.0,0.0,-15.050049,-0.0112309605
2010-10-27 16:00:00,1325.2,1345.7,1322.89,1344.12,25756.0,0.0,19.119995,0.014430185
2010-10-28 16:00:00,1344.35,1359.25,1335.16,1359.05,26945.0,0.0,14.930054,0.011107679
2010-10-31 16:00:00,1363.85,1365.38,1348.96,1351.65,24323.0,0.0,-7.4000244,-0.005444998
2010-11-01 16:00:00,1351.75,1359.74,1350.19,1357.2,21516.0,0.0,5.5499268,0.0041060383
2010-11-02 16:00:00,1356.48,1364.45,1325.45,1348.35,20598.0,0.0,-8.849976,-0.0065207602
2010-11-03 16:00:00,1348.5,1393.27,1346.7,1392.39,29349.0,0.0,44.04004,0.032662172
2010-11-04 16:00:00,1392.55,1398.05,1373.6,1393.55,32768.0,0.0,1.1600342,0.00083312445
2010-11-07 16:00:00,1396.65,1410.35,1386.68,1409.27,29991.0,0.0,15.719971,0.011280521
2010-11-08 16:00:00,1409.32,1424.4,1382.66,1392.67,38574.0,0.0,-16.599976,-0.01177913
2010-11-09 16:00:00,1392.85,1410.0,1383.91,1403.7,37837.0,0.0,11.029907,0.007919972
2010-11-10 16:00:00,1403.8,1417.62,1397.06,1408.22,33134.0,0.0,4.5200195,0.0032200753
2010-11-11 16:00:00,1408.17,1410.22,1359.87,1368.33,42225.0,0.0,-39.890015,-0.02832655
2010-11-14 16:00:00,1370.35,1376.65,1355.75,1360.4,34795.0,0.0,-7.9299316,-0.005795336
2010-11-15 16:00:00,1360.45,1364.57,1329.56,1339.42,37534.0,0.0,-20.97998,-0.01542192
2010-11-16 16:00:00,1339.38,1344.8,1330.74,1335.82,32771.0,0.0,-3.6000977,-0.0026878032
2010-11-17 16:00:00,1335.85,1359.1,1335.42,1353.1,32771.0,0.0,17.28003,0.012935897
2010-11-18 16:00:00,1353.05,1363.12,1341.5,1353.08,33930.0,0.0,-0.020019531,-1.4795308e-05
2010-11-21 16:00:00,1354.65,1367.7,1348.3,1366.59,29954.0,0.0,13.51001,0.009984635
2010-11-22 16:00:00,1366.6,1382.35,1356.07,1376.23,34133.0,0.0,9.640015,0.0070540654
2010-11-23 16:00:00,1376.12,1381.31,1369.16,1373.15,27093.0,0.0,-3.079956,-0.002237966
2010-11-24 16:00:00,1373.1,1375.4,1367.92,1373.11,11819.0,0.0,-0.040039062,-2.915855e-05
2010-11-25 16:00:00,1374.8,1375.0,1350.95,1362.85,22255.0,0.0,-10.26001,-0.007472096
2010-11-28 16:00:00,1363.25,1369.17,1353.12,1366.2,30035.0,0.0,3.3499756,0.0024580662
2010-11-29 16:00:00,1365.95,1389.71,1362.72,1385.76,29420.0,0.0,19.560059,0.014317127
2010-11-30 16:00:00,1386.04,1396.81,1381.71,1387.67,31126.0,0.0,1.9100342,0.0013783297
2010-12-01 16:00:00,1387.62,1398.38,1382.97,1385.0,31487.0,0.0,-2.670044,-0.0019241202
2010-12-02 16:00:00,1385.22,1415.34,1384.52,1413.43,28596.0,0.0,28.430054,0.020527115
2010-12-05 16:00:00,1413.73,1427.2,1408.9,1423.35,27392.0,0.0,9.919922,0.0070183324
2010-12-06 16:00:00,1423.62,1430.96,1396.55,1401.76,33453.0,0.0,-21.589966,-0.015168417
2010-12-07 16:00:00,1401.66,1404.35,1371.38,1381.82,23441.0,0.0,-19.940063,-0.014225019
2010-12-08 16:00:00,1381.82,1394.46,1380.1,1386.8,29734.0,0.0,4.9801025,0.003604017
2010-12-09 16:00:00,1387.07,1392.06,1372.11,1385.53,29463.0,0.0,-1.2700195,-0.0009157914
2010-12-12 16:00:00,1383.43,1399.15,1380.15,1394.01,28443.0,0.0,8.47998,0.0061203875
2010-12-13 16:00:00,1393.91,1408.04,1391.81,1395.9,29169.0,0.0,1.8900146,0.0013558114
2010-12-14 16:00:00,1395.83,1397.15,1378.55,1380.64,30787.0,0.0,-15.26001,-0.010932022
2010-12-15 16:00:00,1380.57,1386.24,1361.09,1369.9,30654.0,0.0,-10.73999,-0.007778994
2010-12-16 16:00:00,1369.97,1378.77,1364.7,1374.78,27126.0,0.0,4.880005,0.0035623072
2010-12-19 16:00:00,1375.88,1388.04,1375.88,1384.87,23862.0,0.0,10.089966,0.0073393313
2010-12-20 16:00:00,1385.17,1391.99,1380.86,1385.37,20300.0,0.0,0.5,0.00036104472
2010-12-21 16:00:00,1385.35,1390.91,1382.92,1385.2,18728.0,0.0,-0.17004395,-0.00012274263
2010-12-22 16:00:00,1385.17,1388.3,1372.04,1381.35,16260.0,0.0,-3.8499756,-0.0027793646
2010-12-23 16:00:00,1379.5,1385.73,1378.5,1384.38,648.0,0.0,3.0300293,0.0021935275
2010-12-26 16:00:00,1383.68,1386.3,1372.2,1383.45,17059.0,0.0,-0.9300537,-0.00067181967
2010-12-27 16:00:00,1383.55,1406.6,1382.5,1405.68,19643.0,0.0,22.230103,0.016068598
2010-12-28 16:00:00,1405.88,1413.95,1401.06,1411.5,17393.0,0.0,5.8199463,0.0041403067
2010-12-29 16:00:00,1411.55,1414.66,1402.97,1404.53,18295.0,0.0,-6.9699707,-0.0049379882
2010-12-30 16:00:00,1404.56,1421.15,1403.99,1420.65,13874.0,0.0,16.119995,0.011477145
2011-01-02 16:00:00,1419.55,1423.81,1412.85,1414.55,19083.0,0.0,-6.0999756,-0.004293792
2011-01-03 16:00:00,1414.52,1417.17,1374.72,1380.4,26864.0,0.0,-34.150024,-0.02414197
2011-01-04 16:00:00,1380.5,1384.75,1363.86,1378.05,28411.0,0.0,-2.3499756,-0.0017023874
2011-01-05 16:00:00,1378.07,1379.75,1364.49,1371.4,27022.0,0.0,-6.6500244,-0.004825677
2011-01-06 16:00:00,1371.3,1378.68,1352.66,1369.13,26579.0,0.0,-2.2700195,-0.0016552571
2011-01-09 16:00:00,1369.4,1376.02,1365.45,1375.42,22636.0,0.0,6.290039,0.004594187
2011-01-10 16:00:00,1375.32,1386.65,1372.59,1381.27,24052.0,0.0,5.8499756,0.004253228
2011-01-11 16:00:00,1381.22,1388.72,1376.59,1387.52,23415.0,0.0,6.25,0.0045248214
2011-01-12 16:00:00,1387.62,1393.04,1369.52,1373.1,27006.0,0.0,-14.420044,-0.010392674
2011-01-13 16:00:00,1373.0,1378.0,1354.91,1361.6,26441.0,0.0,-11.5,-0.00837521
2011-01-16 16:00:00,1361.3,1365.7,1357.01,1362.06,12197.0,0.0,0.460083,0.00033789882
2011-01-17 16:00:00,1361.02,1376.15,1360.47,1368.05,21063.0,0.0,5.98999,0.004397743
2011-01-18 16:00:00,1368.0,1378.94,1365.55,1369.71,20622.0,0.0,1.6599121,0.0012133416
2011-01-19 16:00:00,1369.84,1371.07,1343.29,1345.87,27592.0,0.0,-23.839966,-0.017405119
2011-01-20 16:00:00,1345.9,1350.16,1337.67,1342.23,23207.0,0.0,-3.6400146,-0.0027045812
2011-01-23 16:00:00,1343.63,1353.02,1332.47,1334.22,21774.0,0.0,-8.01001,-0.005967688
2011-01-24 16:00:00,1334.1,1338.45,1322.46,1332.15,25461.0,0.0,-2.0699463,-0.001551428
2011-01-25 16:00:00,1332.17,1346.62,1324.9,1345.65,21095.0,0.0,13.5,0.010133994
2011-01-26 16:00:00,1345.77,1347.82,1310.27,1313.95,23511.0,0.0,-31.700073,-0.023557443
2011-01-27 16:00:00,1313.4,1347.02,1308.07,1336.32,28210.0,0.0,22.369995,0.017024998
2011-01-30 16:00:00,1338.38,1346.15,1322.92,1332.55,23615.0,0.0,-3.7698975,-0.002821104
2011-01-31 16:00:00,1332.8,1342.82,1325.26,1341.2,25554.0,0.0,8.649902,0.00649124
2011-02-01 16:00:00,1341.15,1344.0,1326.7,1335.0,21903.0,0.0,-6.199951,-0.0046226894
2011-02-02 16:00:00,1335.0,1355.8,1324.84,1354.15,24671.0,0.0,19.150024,0.014344588
2011-02-03 16:00:00,1354.02,1358.24,1345.23,1348.6,22036.0,0.0,-5.550049,-0.004098548
2011-02-06 16:00:00,1346.91,1353.21,1343.51,1351.03,17012.0,0.0,2.4300537,0.0018019085
2011-02-07 16:00:00,1351.0,1367.81,1348.36,1363.56,19993.0,0.0,12.530029,0.009274427
2011-02-08 16:00:00,1363.66,1367.04,1357.92,1363.41,17210.0,0.0,-0.15002441,-0.00011002406
2011-02-09 16:00:00,1363.46,1365.96,1350.96,1363.61,17514.0,0.0,0.19995117,0.0001466552
2011-02-10 16:00:00,1363.56,1368.19,1354.01,1356.4,17889.0,0.0,-7.209961,-0.005287407
2011-02-13 16:00:00,1357.3,1366.56,1353.96,1361.5,15444.0,0.0,5.0999756,0.0037599348
2011-02-14 16:00:00,1361.58,1376.46,1360.73,1373.63,16461.0,0.0,12.130005,0.008909294
2011-02-15 16:00:00,1373.61,1381.85,1369.57,1374.18,17093.0,0.0,0.5500488,0.00040043448
2011-02-16 16:00:00,1374.23,1384.81,1374.18,1383.98,15636.0,0.0,9.799927,0.007131472
2011-02-17 16:00:00,1383.86,1391.81,1381.74,1389.53,17525.0,0.0,5.550049,0.004010209
2011-02-20 16:00:00,1390.01,1403.52,1389.98,1403.06,10523.0,0.0,13.530029,0.0097371265
2011-02-21 16:00:00,1407.15,1410.85,1392.71,1399.01,22879.0,0.0,-4.050049,-0.0028865826
2011-02-22 16:00:00,1398.88,1416.63,1395.56,1411.51,20483.0,0.0,12.5,0.00893489
2011-02-23 16:00:00,1411.43,1418.11,1394.67,1402.55,22662.0,0.0,-8.959961,-0.0063477843
2011-02-24 16:00:00,1402.53,1411.61,1399.69,1410.1,19593.0,0.0,7.5499268,0.005383
2011-02-27 16:00:00,1409.7,1416.31,1404.68,1410.68,17448.0,0.0,0.5800781,0.00041137377
2011-02-28 16:00:00,1411.03,1434.73,1409.28,1433.05,18182.0,0.0,22.369995,0.015857596
2011-03-01 16:00:00,1433.13,1440.11,1427.55,1434.0,18014.0,0.0,0.9499512,0.00066288764
2011-03-02 16:00:00,1434.28,1436.17,1410.11,1415.7,21807.0,0.0,-18.300049,-0.012761541
2011-03-03 16:00:00,1415.76,1432.03,1413.36,1430.38,18324.0,0.0,14.680054,0.010369467
2011-03-06 16:00:00,1434.4,1444.77,1428.02,1431.71,21458.0,0.0,1.329956,0.0009297921
2011-03-07 16:00:00,1431.86,1436.71,1423.17,1428.81,19979.0,0.0,-2.8999023,-0.0020254818
2011-03-08 16:00:00,1428.73,1436.14,1422.88,1430.71,18528.0,0.0,1.8999023,0.0013297095
2011-03-09 16:00:00,1430.71,1431.81,1402.86,1411.66,20850.0,0.0,-19.049927,-0.013315016
2011-03-10 16:00:00,1411.53,1423.85,1404.71,1417.07,21432.0,0.0,5.409912,0.0038323053
2011-03-13 16:00:00,1430.93,1431.2,1418.21,1428.61,18211.0,0.0,11.540039,0.008143592
2011-03-14 16:00:00,1428.31,1428.36,1380.87,1395.51,24361.0,0.0,-33.099976,-0.023169357
2011-03-15 16:00:00,1394.51,1406.06,1392.21,1400.31,23045.0,0.0,4.800049,0.0034396376
2011-03-16 16:00:00,1400.35,1405.03,1386.43,1403.98,20785.0,0.0,3.6699219,0.0026207922
2011-03-17 16:00:00,1404.1,1423.81,1401.8,1418.3,16786.0,0.0,14.320068,0.010199624
2011-03-20 16:00:00,1425.68,1434.69,1423.71,1426.73,14796.0,0.0,8.429932,0.005943687
2011-03-21 16:00:00,1427.02,1431.99,1419.41,1428.56,16464.0,0.0,1.8300781,0.0012827081
2011-03-22 16:00:00,1428.31,1440.9,1425.63,1437.6,14016.0,0.0,9.039917,0.0063279923
2011-03-23 16:00:00,1437.75,1447.55,1423.65,1430.6,17993.0,0.0,-7.0,-0.0048692264
2011-03-24 16:00:00,1431.34,1437.75,1422.05,1429.55,14212.0,0.0,-1.0499268,-0.0007339066
2011-03-27 16:00:00,1425.05,1428.08,1409.93,1420.5,16778.0,0.0,-9.050049,-0.0063306973
2011-03-28 16:00:00,1420.59,1423.2,1410.9,1418.4,12941.0,0.0,-2.0999756,-0.0014783355
2011-03-29 16:00:00,1418.32,1430.0,1411.9,1423.0,16072.0,0.0,4.5999756,0.0032430736
2011-03-30 16:00:00,1423.35,1439.45,1420.35,1431.65,17162.0,0.0,8.650024,0.0060787243
2011-03-31 16:00:00,1432.75,1436.25,1412.55,1428.48,19224.0,0.0,-3.170044,-0.002214259
2011-04-03 16:00:00,1428.48,1438.6,1427.8,1434.41,10684.0,0.0,5.9300537,0.0041513033
2011-04-04 16:00:00,1433.9,1457.0,1429.75,1455.83,18280.0,0.0,21.419922,0.014932914
2011-04-05 16:00:00,1456.3,1462.15,1451.25,1458.91,17717.0,0.0,3.0800781,0.0021156853
2011-04-06 16:00:00,1459.63,1465.03,1452.6,1458.21,17849.0,0.0,-0.70007324,-0.00047986046
2011-04-07 16:00:00,1458.45,1474.95,1456.4,1474.45,17541.0,0.0,16.23999,0.011136935
2011-04-10 16:00:00,1474.96,1476.3,1459.16,1462.83,30169.0,0.0,-11.619995,-0.007880902
2011-04-11 16:00:00,1463.37,1467.11,1443.96,1453.53,37302.0,0.0,-9.299927,-0.00635749
2011-04-12 16:00:00,1452.7,1462.24,1451.1,1457.53,31260.0,0.0,4.0,0.002751921
2011-04-13 16:00:00,1457.54,1475.45,1452.3,1474.73,24837.0,0.0,17.199951,0.011800753
2011-04-14 16:00:00,1475.15,1488.1,1471.25,1486.6,21996.0,0.0,11.869995,0.008048927
2011-04-17 16:00:00,1485.35,1497.8,1477.35,1495.73,25336.0,0.0,9.130005,0.0061415345
2011-04-18 16:00:00,1495.65,1499.35,1487.35,1496.15,16703.0,0.0,0.42004395,0.00028082874
2011-04-19 16:00:00,1495.25,1505.8,1493.2,1501.96,22407.0,0.0,5.8099365,0.003883258
2011-04-20 16:00:00,1501.41,1508.95,1500.35,1506.05,19475.0,0.0,4.090088,0.002723167
2011-04-24 16:00:00,1511.93,1518.35,1501.93,1506.96,23803.0,0.0,0.9099121,0.00060417125
2011-04-25 16:00:00,1506.7,1508.4,1492.7,1507.01,21277.0,0.0,0.050048828,3.3211785e-05
2011-04-26 16:00:00,1506.15,1530.1,1502.95,1526.88,24016.0,0.0,19.869995,0.013185045
2011-04-27 16:00:00,1526.78,1538.3,1524.05,1535.43,24904.0,0.0,8.550049,0.005599686
2011-04-28 16:00:00,1534.98,1569.1,1531.75,1563.45,23094.0,0.0,28.019897,0.018248891
2011-05-01 16:00:00,1556.13,1575.18,1540.3,1544.96,36076.0,0.0,-18.48999,-0.011826403
2011-05-02 16:00:00,1544.9,1551.06,1526.15,1536.63,34565.0,0.0,-8.329956,-0.005391697
2011-05-03 16:00:00,1537.45,1543.2,1505.95,1516.03,34151.0,0.0,-20.599976,-0.013405944
2011-05-04 16:00:00,1516.75,1521.8,1462.5,1473.36,38445.0,0.0,-42.670044,-0.02814591
2011-05-05 16:00:00,1475.55,1498.35,1470.95,1495.43,38851.0,0.0,22.070068,0.014979414
2011-05-08 16:00:00,1491.65,1513.95,1490.85,1512.81,26254.0,0.0,17.380005,0.011622078
2011-05-09 16:00:00,1512.3,1519.3,1505.85,1515.61,24706.0,0.0,2.7999268,0.0018508119
2011-05-10 16:00:00,1515.4,1526.4,1495.6,1500.26,26824.0,0.0,-15.349976,-0.01012792
2011-05-11 16:00:00,1499.78,1507.75,1478.05,1506.28,33653.0,0.0,6.0200195,0.004012651
2011-05-12 16:00:00,1505.85,1516.4,1482.75,1494.98,29831.0,0.0,-11.300049,-0.0075019575
2011-05-15 16:00:00,1488.83,1504.4,1488.4,1489.91,24285.0,0.0,-5.0699463,-0.0033913138
2011-05-16 16:00:00,1489.95,1497.5,1471.75,1486.76,25046.0,0.0,-3.1500244,-0.002114238
2011-05-17 16:00:00,1486.48,1499.75,1484.8,1496.86,23309.0,0.0,10.099976,0.006793279
2011-05-18 16:00:00,1495.59,1499.55,1486.15,1493.46,27516.0,0.0,-3.4000244,-0.0022714378
2011-05-19 16:00:00,1493.65,1515.55,1486.85,1511.95,23481.0,0.0,18.48999,0.01238064
2011-05-22 16:00:00,1514.17,1517.63,1503.8,1516.88,39012.0,0.0,4.9300537,0.0032607254
2011-05-23 16:00:00,1516.9,1527.51,1513.13,1526.16,30759.0,0.0,9.280029,0.0061178403
2011-05-24 16:00:00,1526.13,1532.14,1521.14,1525.78,31795.0,0.0,-0.38000488,-0.00024899413
2011-05-25 16:00:00,1525.6,1530.73,1514.52,1518.89,36002.0,0.0,-6.8900146,-0.0045157326
2011-05-26 16:00:00,1518.55,1538.23,1518.5,1535.88,25302.0,0.0,16.98999,0.011185793
2011-05-29 16:00:00,1536.0,1537.45,1534.08,1535.88,4585.0,0.0,0.0,0.0
2011-05-30 16:00:00,1537.8,1540.69,1532.05,1535.3,24254.0,0.0,-0.57995605,-0.00037760506
2011-07-03 16:00:00,1487.72,1496.51,1487.31,1493.63,6196.0,0.0,-41.670044,-0.027141303
2011-07-04 16:00:00,1495.53,1516.45,1493.14,1515.93,15045.0,0.0,22.300049,0.014930102
2011-07-05 16:00:00,1515.43,1533.5,1509.95,1529.06,16383.0,0.0,13.130005,0.008661353
2011-07-06 16:00:00,1528.9,1534.3,1522.75,1532.16,16969.0,0.0,3.0999756,0.0020273733
2011-07-07 16:00:00,1531.75,1545.31,1524.73,1543.95,16285.0,0.0,11.789917,0.0076949643
2011-07-10 16:00:00,1542.42,1556.69,1541.65,1554.03,16753.0,0.0,10.080078,0.00652876
2011-07-11 16:00:00,1553.95,1573.33,1540.46,1569.81,20687.0,0.0,15.780029,0.010154263
2011-07-12 16:00:00,1569.81,1575.16,1564.15,1571.58,7805.0,0.0,1.7698975,0.0011274596
2011-07-13 16:00:00,1569.81,1594.21,1564.15,1587.06,20678.0,0.0,15.480103,0.009850025
2011-07-14 16:00:00,1586.95,1593.8,1575.86,1593.35,16821.0,0.0,6.289917,0.0039632507
2011-07-17 16:00:00,1596.31,1607.26,1591.41,1605.16,18823.0,0.0,11.810059,0.007412093
2011-07-18 16:00:00,1605.05,1609.98,1582.41,1588.61,21488.0,0.0,-16.550049,-0.010310529
2011-07-19 16:00:00,1587.49,1602.06,1581.05,1601.86,20732.0,0.0,13.25,0.008340625
2011-07-20 16:00:00,1601.38,1604.47,1584.72,1589.86,24096.0,0.0,-12.0,-0.0074912915
2011-07-21 16:00:00,1588.95,1607.08,1583.48,1601.0,17475.0,0.0,11.140015,0.0070069158
2011-07-24 16:00:00,1621.11,1622.13,1607.89,1614.55,19597.0,0.0,13.550049,0.008463491
2011-07-25 16:00:00,1614.14,1620.16,1607.84,1619.45,17922.0,0.0,4.8999023,0.0030348408
2011-07-26 16:00:00,1618.98,1628.55,1608.89,1613.63,20073.0,0.0,-5.8199463,-0.0035937796
2011-07-27 16:00:00,1613.65,1620.08,1602.98,1616.51,15862.0,0.0,2.880005,0.0017847988
2011-07-28 16:00:00,1616.6,1632.43,1610.56,1626.9,19904.0,0.0,10.390015,0.006427436
2011-07-31 16:00:00,1615.35,1631.75,1608.9,1619.86,20750.0,0.0,-7.040039,-0.004327272
2011-08-01 16:00:00,1619.66,1660.95,1616.15,1659.73,22805.0,0.0,39.869995,0.024613235
2011-08-02 16:00:00,1659.25,1672.83,1651.71,1661.11,25897.0,0.0,1.3800049,0.0008314635
2011-08-03 16:00:00,1660.58,1681.98,1639.86,1648.66,29944.0,0.0,-12.449951,-0.007494959
2011-08-04 16:00:00,1647.35,1670.0,1641.73,1663.36,27599.0,0.0,14.699951,0.008916303
2011-08-07 16:00:00,1686.45,1720.36,1682.33,1717.06,40271.0,0.0,53.700073,0.032284096
2011-08-08 16:00:00,1716.36,1779.46,1715.13,1743.81,35913.0,0.0,26.75,0.0155789545
2011-08-09 16:00:00,1744.98,1797.16,1737.49,1794.81,34031.0,0.0,51.0,0.029246304
2011-08-10 16:00:00,1794.49,1814.88,1732.01,1767.66,45012.0,0.0,-27.150024,-0.015126962
2011-08-11 16:00:00,1764.21,1768.11,1723.32,1746.7,33902.0,0.0,-20.960083,-0.011857531
2011-08-14 16:00:00,1739.89,1766.36,1728.2,1765.51,24664.0,0.0,18.810059,0.010768913
2011-08-15 16:00:00,1766.13,1786.96,1760.91,1786.71,26289.0,0.0,21.199951,0.012007834
2011-08-16 16:00:00,1785.93,1794.56,1778.86,1788.61,22829.0,0.0,1.9000244,0.0010634208
2011-08-17 16:00:00,1789.28,1828.56,1783.86,1824.21,27854.0,0.0,35.599976,0.01990371
2011-08-18 16:00:00,1824.03,1877.52,1821.35,1851.8,35142.0,0.0,27.590088,0.015124404
2011-08-21 16:00:00,1872.08,1900.76,1857.8,1897.81,32716.0,0.0,46.01001,0.024846101
2011-08-22 16:00:00,1897.48,1912.16,1823.18,1830.31,36262.0,0.0,-67.5,-0.03556731
2011-08-23 16:00:00,1829.11,1853.95,1749.86,1751.11,43218.0,0.0,-79.20007,-0.043271396
2011-08-24 16:00:00,1750.95,1774.66,1702.95,1772.06,44351.0,0.0,20.950073,0.011963882
2011-08-25 16:00:00,1773.15,1828.0,1757.16,1827.85,35730.0,0.0,55.789917,0.031483084
2011-08-28 16:00:00,1826.23,1830.28,1775.95,1788.94,37797.0,0.0,-38.910034,-0.021287324
2011-08-29 16:00:00,1788.83,1840.05,1783.55,1835.28,34733.0,0.0,46.340088,0.025903657
2011-08-30 16:00:00,1835.57,1839.7,1811.43,1825.15,31589.0,0.0,-10.130005,-0.0055195964
2011-08-31 16:00:00,1824.65,1830.65,1813.53,1825.03,28418.0,0.0,-0.11999512,-6.574534e-05
2011-09-01 16:00:00,1825.33,1884.45,1824.3,1882.85,29278.0,0.0,57.819946,0.031681642
2011-09-04 16:00:00,1886.7,1902.75,1874.18,1894.85,16593.0,0.0,12.0,0.006373317
2011-09-05 16:00:00,1901.48,1920.8,1862.53,1873.7,44781.0,0.0,-21.150024,-0.011161846
2011-09-06 16:00:00,1872.18,1880.23,1792.8,1816.58,45993.0,0.0,-57.119995,-0.030485135
2011-09-07 16:00:00,1811.43,1870.58,1811.43,1869.58,42672.0,0.0,53.0,0.029175704
2011-09-08 16:00:00,1869.25,1886.03,1822.95,1855.55,48129.0,0.0,-14.029907,-0.00750431
2011-09-11 16:00:00,1855.05,1860.4,1801.25,1814.45,47208.0,0.0,-41.100098,-0.02214982
2011-09-12 16:00:00,1814.23,1843.83,1794.5,1834.2,45248.0,0.0,19.75,0.010884841
2011-09-13 16:00:00,1833.7,1844.59,1808.63,1819.4,39881.0,0.0,-14.799927,-0.008068874
2011-09-14 16:00:00,1820.75,1826.48,1772.65,1789.4,40146.0,0.0,-30.0,-0.016488953
2011-09-15 16:00:00,1787.54,1821.45,1762.5,1811.63,36988.0,0.0,22.22998,0.012423147
2011-09-18 16:00:00,1823.55,1826.85,1770.48,1778.78,34443.0,0.0,-32.849976,-0.018132828
2011-09-19 16:00:00,1778.33,1811.35,1769.7,1803.53,39616.0,0.0,24.75,0.013914031
2011-09-20 16:00:00,1803.88,1816.43,1778.78,1782.45,41642.0,0.0,-21.080078,-0.011688232
2011-09-21 16:00:00,1780.35,1786.4,1720.68,1737.7,51084.0,0.0,-44.75,-0.025105894
2011-09-22 16:00:00,1737.18,1755.15,1628.55,1656.6,58205.0,0.0,-81.099976,-0.046670873
2011-09-25 16:00:00,1641.55,1663.75,1532.65,1628.35,62969.0,0.0,-28.25,-0.017053
2011-09-26 16:00:00,1626.55,1676.95,1614.9,1649.6,50421.0,0.0,21.25,0.01305002
2011-09-27 16:00:00,1650.43,1669.0,1598.5,1608.62,51618.0,0.0,-40.97998,-0.024842374
2011-09-28 16:00:00,1606.97,1635.1,1583.1,1616.15,48812.0,0.0,7.5300293,0.0046810494
2011-09-29 16:00:00,1609.98,1640.48,1606.4,1623.75,41167.0,0.0,7.5999756,0.0047025187
2011-10-02 16:00:00,1626.5,1664.3,1624.5,1659.45,39402.0,0.0,35.69995,0.021986114
2011-10-03 16:00:00,1660.65,1678.85,1595.78,1625.88,45443.0,0.0,-33.569946,-0.020229563
2011-10-04 16:00:00,1624.5,1646.88,1597.13,1640.65,44388.0,0.0,14.77002,0.009084323
2011-10-05 16:00:00,1641.45,1654.93,1631.45,1651.35,42058.0,0.0,10.699951,0.0065217754
2011-10-06 16:00:00,1650.54,1666.48,1626.38,1637.9,42590.0,0.0,-13.449951,-0.008144822
2011-10-09 16:00:00,1640.3,1677.63,1639.43,1675.53,33340.0,0.0,37.630005,0.022974543
2011-10-10 16:00:00,1676.14,1684.43,1653.95,1663.03,18548.0,0.0,-12.5,-0.007460326
2011-10-11 16:00:00,1663.31,1688.65,1660.98,1674.8,2126.0,0.0,11.77002,0.0070774546
2011-10-12 16:00:00,1676.63,1683.78,1659.53,1667.05,882.0,0.0,-7.75,-0.0046274182
2011-10-13 16:00:00,1665.93,1683.75,1663.48,1680.63,25171.0,0.0,13.579956,0.0081461
2011-10-16 16:00:00,1680.95,1694.75,1664.65,1670.38,32040.0,0.0,-10.25,-0.0060989032
2011-10-17 16:00:00,1670.4,1676.58,1626.8,1655.95,37583.0,0.0,-14.430054,-0.008638785
2011-10-18 16:00:00,1655.37,1665.18,1639.65,1642.15,34570.0,0.0,-13.799927,-0.0083335405
2011-10-19 16:00:00,1643.7,1644.66,1603.55,1620.55,42599.0,0.0,-21.599976,-0.013153473
2011-10-20 16:00:00,1618.75,1648.5,1611.5,1642.05,35595.0,0.0,21.5,0.0132671
2011-10-23 16:00:00,1639.65,1661.9,1635.35,1653.25,32734.0,0.0,11.199951,0.0068207122
2011-10-24 16:00:00,1652.75,1708.85,1643.5,1704.25,37116.0,0.0,51.0,0.03084833
2011-10-25 16:00:00,1705.1,1726.65,1694.97,1724.45,33810.0,0.0,20.199951,0.011852693
2011-10-26 16:00:00,1725.34,1749.8,1705.9,1745.0,35846.0,0.0,20.550049,0.011916872
2011-10-27 16:00:00,1744.5,1752.25,1732.35,1743.35,33768.0,0.0,-1.6500244,-0.00094557274
2011-10-30 16:00:00,1742.74,1745.05,1704.85,1714.75,39025.0,0.0,-28.599976,-0.016405184
2011-10-31 16:00:00,1713.96,1724.15,1681.05,1719.45,38886.0,0.0,4.699951,0.0027408958
2011-11-01 16:00:00,1719.68,1744.05,1714.25,1736.45,33857.0,0.0,17.0,0.009886882
2011-11-02 16:00:00,1736.92,1767.7,1722.6,1763.35,37450.0,0.0,26.900024,0.015491391
2011-11-03 16:00:00,1764.42,1764.67,1748.5,1754.4,30946.0,0.0,-8.949951,-0.005075539
2011-11-06 16:00:00,1753.72,1798.3,1752.95,1794.63,34424.0,0.0,40.22998,0.022930905
2011-11-07 16:00:00,1795.3,1802.7,1776.9,1786.1,32516.0,0.0,-8.530029,-0.0047530853
2011-11-08 16:00:00,1786.15,1799.7,1763.85,1769.63,33839.0,0.0,-16.46997,-0.0092211915
2011-11-09 16:00:00,1769.4,1775.25,1735.58,1758.1,35159.0,0.0,-11.530029,-0.006515503
2011-11-10 16:00:00,1757.75,1789.05,1744.2,1787.95,29887.0,0.0,29.849976,0.016978543
2011-11-13 16:00:00,1787.84,1796.25,1773.35,1780.05,31886.0,0.0,-7.8999023,-0.0044184136
2011-11-14 16:00:00,1780.05,1786.63,1760.15,1780.5,31757.0,0.0,0.44995117,0.00025277445
2011-11-15 16:00:00,1780.65,1783.55,1753.2,1763.1,34567.0,0.0,-17.400024,-0.009772549
2011-11-16 16:00:00,1763.45,1766.82,1710.55,1721.2,38739.0,0.0,-41.900024,-0.023764974
2011-11-17 16:00:00,1721.0,1737.25,1710.8,1723.4,36453.0,0.0,2.2000732,0.0012782206
2011-11-20 16:00:00,1723.39,1726.35,1666.45,1677.15,38958.0,0.0,-46.25,-0.026836487
2011-11-21 16:00:00,1677.2,1705.35,1667.95,1699.2,34549.0,0.0,22.049927,0.01314726
2011-11-22 16:00:00,1699.25,1710.1,1677.3,1691.88,32320.0,0.0,-7.3199463,-0.004307878
2011-11-23 16:00:00,1692.0,1701.8,1687.6,1694.95,16707.0,0.0,3.0699463,0.0018145178
2011-11-24 16:00:00,1694.55,1697.65,1671.8,1680.25,22693.0,0.0,-14.699951,-0.008672793
2011-11-27 16:00:00,1684.16,1720.5,1682.5,1711.81,19849.0,0.0,31.560059,0.018782955
2011-11-28 16:00:00,1712.15,1719.95,1703.45,1715.35,25225.0,0.0,3.539917,0.002067938
2011-11-29 16:00:00,1715.35,1750.1,1700.9,1746.25,29356.0,0.0,30.900024,0.018013831
2011-11-30 16:00:00,1746.35,1754.1,1733.5,1744.45,26427.0,0.0,-1.8000488,-0.0010308082
2011-12-01 16:00:00,1744.5,1762.94,1737.9,1745.9,19307.0,0.0,1.4500732,0.0008312496
2011-12-04 16:00:00,1746.83,1754.88,1717.73,1722.68,39456.0,0.0,-23.21997,-0.013299714
2011-12-05 16:00:00,1722.94,1732.82,1702.04,1728.14,45130.0,0.0,5.459961,0.0031694574
2011-12-06 16:00:00,1728.53,1742.67,1720.19,1741.73,39109.0,0.0,13.589966,0.007863927
2011-12-07 16:00:00,1742.93,1755.76,1704.03,1708.06,34403.0,0.0,-33.66992,-0.01933131
2011-12-08 16:00:00,1708.05,1723.88,1703.33,1710.9,29659.0,0.0,2.8399658,0.001662685
2011-12-11 16:00:00,1712.51,1714.73,1657.28,1666.0,26551.0,0.0,-44.900024,-0.026243512
2011-12-12 16:00:00,1664.83,1677.98,1622.45,1631.2,34820.0,0.0,-34.80005,-0.020888384
2011-12-13 16:00:00,1631.4,1641.38,1563.25,1573.73,42291.0,0.0,-57.46997,-0.035231713
2011-12-14 16:00:00,1577.4,1593.85,1561.35,1569.95,41304.0,0.0,-3.7800293,-0.0024019554
2011-12-15 16:00:00,1571.0,1601.03,1570.75,1598.45,30004.0,0.0,28.5,0.018153446
2011-12-18 16:00:00,1599.03,1608.38,1583.28,1593.98,23993.0,0.0,-4.4699707,-0.0027964409
2011-12-19 16:00:00,1592.25,1618.23,1592.03,1615.0,31578.0,0.0,21.02002,0.013187129
2011-12-20 16:00:00,1614.81,1641.43,1605.93,1614.95,29783.0,0.0,-0.050048828,-3.0989988e-05
2011-12-21 16:00:00,1614.75,1616.78,1598.08,1605.95,30936.0,0.0,-9.0,-0.005572928
2011-12-22 16:00:00,1605.95,1613.73,1599.95,1606.4,19030.0,0.0,0.45007324,0.0002802536
2011-12-26 16:00:00,1606.18,1608.18,1588.68,1591.98,35260.0,0.0,-14.420044,-0.008976621
2011-12-27 16:00:00,1591.94,1592.67,1548.68,1555.81,50950.0,0.0,-36.16992,-0.022720085
2011-12-28 16:00:00,1555.74,1560.58,1521.78,1544.43,51557.0,0.0,-11.380005,-0.007314521
2011-12-29 16:00:00,1544.56,1580.7,1543.53,1564.73,47400.0,0.0,20.299927,0.01314396
2012-01-01 16:00:00,1563.11,1563.11,1563.11,1563.11,1.0,0.0,-1.6199951,-0.0010353193
2012-01-02 16:00:00,1569.0,1606.63,1566.78,1603.08,45278.0,0.0,39.96997,0.025570799
2012-01-03 16:00:00,1602.93,1617.73,1592.02,1610.98,57618.0,0.0,7.9000244,0.004928029
2012-01-04 16:00:00,1611.03,1625.13,1596.08,1622.47,62179.0,0.0,11.48999,0.007132299
2012-01-05 16:00:00,1621.44,1631.08,1608.51,1617.23,44116.0,0.0,-5.23999,-0.0032296376
2012-01-08 16:00:00,1615.08,1623.55,1604.75,1611.02,48219.0,0.0,-6.209961,-0.0038398749
2012-01-09 16:00:00,1609.88,1640.01,1608.18,1632.37,47712.0,0.0,21.349976,0.013252459
2012-01-10 16:00:00,1631.39,1647.07,1630.02,1641.68,47458.0,0.0,9.310059,0.0057034
2012-01-11 16:00:00,1641.71,1661.89,1640.01,1649.95,47544.0,0.0,8.269897,0.00503746
2012-01-12 16:00:00,1648.73,1649.57,1625.19,1639.01,51762.0,0.0,-10.939941,-0.0066304686
2012-01-15 16:00:00,1634.87,1646.91,1631.37,1642.48,28512.0,0.0,3.4699707,0.002117114
2012-01-16 16:00:00,1642.28,1667.55,1640.98,1651.84,48063.0,0.0,9.359985,0.0056986907
2012-01-17 16:00:00,1652.1,1662.21,1642.49,1659.53,53768.0,0.0,7.6900635,0.004655453
2012-01-18 16:00:00,1658.38,1670.0,1649.17,1658.02,43232.0,0.0,-1.5100098,-0.00090990204
2012-01-19 16:00:00,1656.68,1666.76,1644.94,1666.1,44956.0,0.0,8.079956,0.004873256
2012-01-22 16:00:00,1664.86,1681.32,1662.38,1676.92,40258.0,0.0,10.820068,0.006494249
2012-01-23 16:00:00,1676.18,1679.6,1661.41,1665.51,46785.0,0.0,-11.410034,-0.0068041612
2012-01-24 16:00:00,1664.28,1712.9,1649.0,1710.26,52075.0,0.0,44.75,0.026868647
2012-01-25 16:00:00,1710.8,1730.23,1702.91,1720.4,49281.0,0.0,10.140015,0.0059289318
2012-01-26 16:00:00,1720.1,1739.39,1714.43,1738.61,43896.0,0.0,18.20996,0.010584725
2012-01-29 16:00:00,1736.32,1739.84,1716.15,1729.78,50813.0,0.0,-8.829956,-0.0050787446
2012-01-30 16:00:00,1731.18,1747.48,1726.15,1738.2,53916.0,0.0,8.419922,0.004867626
2012-01-31 16:00:00,1736.5,1751.03,1732.59,1743.68,58032.0,0.0,5.4801025,0.0031527458
2012-02-01 16:00:00,1743.55,1760.97,1740.91,1759.16,53182.0,0.0,15.47998,0.008877764
2012-02-02 16:00:00,1758.7,1763.12,1723.55,1725.7,47559.0,0.0,-33.460083,-0.019020488
2012-02-05 16:00:00,1728.09,1737.98,1711.71,1719.95,47288.0,0.0,-5.75,-0.0033319814
2012-02-06 16:00:00,1719.9,1749.68,1710.03,1745.1,49257.0,0.0,25.150024,0.014622533
2012-02-07 16:00:00,1744.95,1751.91,1724.34,1732.94,48269.0,0.0,-12.160034,-0.006968102
2012-02-08 16:00:00,1731.85,1752.4,1725.76,1729.02,51601.0,0.0,-3.9199219,-0.0022620067
2012-02-09 16:00:00,1730.03,1734.56,1704.63,1720.75,49994.0,0.0,-8.27002,-0.0047830674
2012-02-12 16:00:00,1726.15,1733.11,1716.02,1722.02,36264.0,0.0,1.2700195,0.0007380616
2012-02-13 16:00:00,1721.7,1727.59,1712.03,1719.99,50193.0,0.0,-2.0300293,-0.0011788651
2012-02-14 16:00:00,1720.73,1737.19,1718.41,1727.93,47084.0,0.0,7.9400635,0.004616343
2012-02-15 16:00:00,1728.18,1729.87,1705.28,1727.93,49962.0,0.0,0.0,0.0
2012-02-16 16:00:00,1727.88,1735.61,1717.13,1723.09,39921.0,0.0,-4.840088,-0.0028010902
2012-02-19 16:00:00,1726.6,1737.05,1726.12,1734.6,17726.0,0.0,11.51001,0.006679866
2012-02-20 16:00:00,1734.4,1759.75,1730.7,1759.0,38504.0,0.0,24.400024,0.014066658
2012-02-21 16:00:00,1759.37,1781.54,1749.19,1775.9,35941.0,0.0,16.900024,0.009607745
2012-02-22 16:00:00,1776.7,1787.2,1772.14,1780.46,45318.0,0.0,4.5599365,0.0025676764
2012-02-23 16:00:00,1779.84,1782.72,1770.41,1771.85,43509.0,0.0,-8.609985,-0.0048358208
2012-02-26 16:00:00,1774.93,1779.28,1761.48,1767.41,44620.0,0.0,-4.4399414,-0.0025058223
2012-02-27 16:00:00,1768.65,1789.82,1765.76,1784.0,44565.0,0.0,16.589966,0.009386597
2012-02-28 16:00:00,1784.45,1790.51,1686.85,1696.68,56249.0,0.0,-87.31995,-0.048946157
2012-02-29 16:00:00,1695.07,1725.73,1694.66,1718.02,61297.0,0.0,21.339966,0.012577483
2012-03-01 16:00:00,1717.87,1724.07,1704.89,1711.95,47747.0,0.0,-6.0700684,-0.0035331768
2012-03-04 16:00:00,1711.03,1716.66,1693.62,1706.18,49372.0,0.0,-5.7698975,-0.0033703658
2012-03-05 16:00:00,1706.15,1708.85,1663.11,1674.08,53697.0,0.0,-32.100098,-0.018814016
2012-03-06 16:00:00,1675.03,1688.03,1671.17,1684.57,44282.0,0.0,10.48999,0.0062661227
2012-03-07 16:00:00,1684.49,1703.79,1683.04,1699.45,44190.0,0.0,14.880005,0.008833118
2012-03-08 16:00:00,1699.59,1714.5,1676.63,1713.33,47457.0,0.0,13.880005,0.008167352
2012-03-11 16:00:00,1713.6,1714.11,1692.48,1701.1,43027.0,0.0,-12.22998,-0.007138135
2012-03-12 16:00:00,1700.17,1705.51,1661.83,1673.75,49640.0,0.0,-27.349976,-0.016077818
2012-03-13 16:00:00,1674.8,1682.22,1634.39,1644.49,53707.0,0.0,-29.26001,-0.017481709
2012-03-14 16:00:00,1643.38,1666.37,1636.0,1658.38,48568.0,0.0,13.890015,0.008446396
2012-03-15 16:00:00,1657.41,1664.59,1639.55,1659.75,45167.0,0.0,1.3699951,0.0008261045
2012-03-18 16:00:00,1662.09,1669.71,1652.32,1664.25,37227.0,0.0,4.5,0.0027112516
2012-03-19 16:00:00,1664.3,1664.59,1641.51,1650.57,42080.0,0.0,-13.680054,-0.008219951
2012-03-20 16:00:00,1650.74,1661.66,1646.52,1650.28,40719.0,0.0,-0.289917,-0.0001756466
2012-03-21 16:00:00,1649.82,1656.21,1628.03,1645.75,44118.0,0.0,-4.5300293,-0.0027450065
2012-03-22 16:00:00,1643.93,1666.38,1641.99,1661.5,51511.0,0.0,15.75,0.009570105
2012-03-25 16:00:00,1668.54,1693.26,1655.53,1689.88,52252.0,0.0,28.380005,0.017080953
2012-03-26 16:00:00,1690.4,1696.83,1679.53,1680.42,41033.0,0.0,-9.459961,-0.0055980077
2012-03-27 16:00:00,1679.74,1684.29,1654.67,1663.42,49783.0,0.0,-17.0,-0.0101165185
2012-03-28 16:00:00,1662.57,1664.89,1645.09,1661.33,51387.0,0.0,-2.090088,-0.0012565004
2012-03-29 16:00:00,1661.38,1670.5,1659.75,1668.09,33256.0,0.0,6.76001,0.004069035
2012-04-01 16:00:00,1673.65,1683.28,1662.75,1677.55,50545.0,0.0,9.460083,0.005671207
2012-04-02 16:00:00,1676.95,1680.83,1638.87,1645.83,58082.0,0.0,-31.720093,-0.018908583
2012-04-03 16:00:00,1645.58,1647.95,1612.22,1620.5,62315.0,0.0,-25.329956,-0.015390385
2012-04-04 16:00:00,1620.35,1633.27,1619.88,1630.9,37323.0,0.0,10.400024,0.006417787
2012-04-08 16:00:00,1644.38,1648.4,1635.47,1640.01,31303.0,0.0,9.109985,0.0055858637
2012-04-09 16:00:00,1640.55,1662.9,1631.81,1659.73,46157.0,0.0,19.71997,0.012024299
2012-04-10 16:00:00,1659.27,1662.4,1652.9,1658.66,52513.0,0.0,-1.0699463,-0.00064465083
2012-04-11 16:00:00,1659.05,1679.96,1650.43,1675.46,51625.0,0.0,16.799927,0.010128614
2012-04-12 16:00:00,1675.3,1677.86,1649.21,1658.15,51588.0,0.0,-17.309937,-0.010331454
2012-04-15 16:00:00,1652.83,1657.51,1641.25,1651.68,40281.0,0.0,-6.4699707,-0.0039019212
2012-04-16 16:00:00,1652.57,1657.3,1634.71,1649.37,45931.0,0.0,-2.3100586,-0.0013986115
2012-04-17 16:00:00,1649.88,1654.21,1637.8,1641.87,45201.0,0.0,-7.5,-0.004547191
2012-04-18 16:00:00,1641.88,1653.68,1630.97,1642.52,52969.0,0.0,0.6500244,0.00039590494
2012-04-19 16:00:00,1642.5,1647.02,1638.46,1642.95,45018.0,0.0,0.42993164,0.00026175124
2012-04-22 16:00:00,1641.85,1643.17,1623.17,1638.46,48640.0,0.0,-4.48999,-0.0027328832
2012-04-23 16:00:00,1638.22,1649.12,1633.92,1641.9,45319.0,0.0,3.4400635,0.0020995713
2012-04-24 16:00:00,1641.26,1646.4,1624.65,1643.6,50302.0,0.0,1.6999512,0.0010353561
2012-04-25 16:00:00,1644.2,1660.72,1641.8,1656.97,46061.0,0.0,13.369995,0.00813458
2012-04-26 16:00:00,1656.25,1667.42,1650.49,1662.5,42952.0,0.0,5.5300293,0.0033374347
2012-04-29 16:00:00,1663.6,1665.77,1644.65,1664.25,35974.0,0.0,1.75,0.0010526315
2012-04-30 16:00:00,1664.77,1671.19,1657.2,1661.87,32880.0,0.0,-2.380005,-0.0014300765
2012-05-01 16:00:00,1662.08,1663.25,1645.7,1652.9,42958.0,0.0,-8.969971,-0.0053975163
2012-05-02 16:00:00,1652.84,1653.44,1630.91,1635.35,41135.0,0.0,-17.550049,-0.010617731
2012-05-03 16:00:00,1635.71,1647.05,1626.63,1640.53,26198.0,0.0,5.1800537,0.0031675505
2012-05-06 16:00:00,1637.01,1642.48,1632.39,1638.26,39307.0,0.0,-2.2700195,-0.001383711
2012-05-07 16:00:00,1638.23,1639.04,1595.27,1605.18,44857.0,0.0,-33.079956,-0.020192128
2012-05-08 16:00:00,1605.1,1606.3,1580.15,1589.28,53057.0,0.0,-15.900024,-0.009905446
2012-05-09 16:00:00,1589.45,1601.6,1585.57,1593.75,47187.0,0.0,4.4699707,0.0028125758
2012-05-10 16:00:00,1593.1,1594.92,1573.07,1579.05,51484.0,0.0,-14.699951,-0.009223498
2012-05-13 16:00:00,1580.24,1585.57,1556.1,1556.4,51812.0,0.0,-22.650024,-0.014344082
2012-05-14 16:00:00,1556.75,1563.84,1541.34,1543.88,53134.0,0.0,-12.52002,-0.008044217
2012-05-15 16:00:00,1544.8,1551.57,1526.93,1539.35,65052.0,0.0,-4.5300293,-0.0029341849
2012-05-16 16:00:00,1538.73,1579.84,1538.48,1573.98,53688.0,0.0,34.630005,0.022496512
2012-05-17 16:00:00,1574.68,1597.49,1567.82,1592.53,58771.0,0.0,18.550049,0.011785441
2012-05-20 16:00:00,1591.62,1599.38,1584.63,1592.88,51343.0,0.0,0.3499756,0.00021976074
2012-05-21 16:00:00,1593.08,1594.36,1561.35,1568.25,53864.0,0.0,-24.630005,-0.0154625615
2012-05-22 16:00:00,1567.3,1568.64,1533.48,1561.16,64858.0,0.0,-7.089966,-0.004520941
2012-05-23 16:00:00,1561.08,1576.28,1551.54,1558.82,30820.0,0.0,-2.340088,-0.0014989417
2012-05-24 16:00:00,1557.83,1573.07,1551.04,1572.98,6645.0,0.0,14.160034,0.009083817
2012-05-28 16:00:00,1576.49,1582.53,1547.99,1554.95,29183.0,0.0,-18.03003,-0.011462338
2012-05-29 16:00:00,1554.35,1569.41,1532.76,1562.35,49096.0,0.0,7.4000244,0.0047590113
2012-05-30 16:00:00,1562.64,1572.7,1552.66,1559.9,45199.0,0.0,-2.4499512,-0.0015681193
2012-05-31 16:00:00,1559.73,1629.93,1545.1,1623.41,53441.0,0.0,63.51001,0.040714152
2012-06-03 16:00:00,1624.02,1628.04,1608.83,1618.73,43336.0,0.0,-4.6800537,-0.0028828538
2012-06-04 16:00:00,1618.85,1623.44,1612.12,1616.75,36067.0,0.0,-1.9799805,-0.001223169
2012-06-05 16:00:00,1617.05,1640.82,1613.33,1620.35,45951.0,0.0,3.5999756,0.0022266742
2012-06-06 16:00:00,1620.03,1628.5,1578.58,1588.85,45571.0,0.0,-31.5,-0.019440245
2012-06-07 16:00:00,1589.08,1595.06,1555.1,1593.23,43948.0,0.0,4.380005,0.002756714
2012-06-10 16:00:00,1606.41,1607.03,1581.74,1596.33,58999.0,0.0,3.0999756,0.0019457176
2012-06-11 16:00:00,1596.08,1617.26,1586.07,1609.85,57490.0,0.0,13.52002,0.008469439
2012-06-12 16:00:00,1609.65,1624.57,1605.91,1616.78,50572.0,0.0,6.9300537,0.0043047825
2012-06-13 16:00:00,1618.05,1627.83,1609.35,1624.97,55068.0,0.0,8.189941,0.005065588
2012-06-14 16:00:00,1621.7,1633.03,1619.76,1627.08,47185.0,0.0,2.1099854,0.0012984765
2012-06-17 16:00:00,1615.54,1629.9,1613.54,1628.23,60871.0,0.0,1.1500244,0.00070680265
2012-06-18 16:00:00,1627.25,1633.18,1617.39,1617.9,58007.0,0.0,-10.329956,-0.006344286
2012-06-19 16:00:00,1618.1,1622.6,1590.19,1605.8,58687.0,0.0,-12.099976,-0.0074788155
2012-06-20 16:00:00,1606.4,1607.0,1564.32,1564.68,65031.0,0.0,-41.119995,-0.02560717
2012-06-21 16:00:00,1565.05,1573.21,1558.13,1572.45,54956.0,0.0,7.7698975,0.004965806
2012-06-24 16:00:00,1568.24,1588.22,1566.19,1584.3,57404.0,0.0,11.850098,0.007536073
2012-06-25 16:00:00,1586.08,1587.37,1567.55,1572.13,55097.0,0.0,-12.170044,-0.0076816534
2012-06-26 16:00:00,1571.78,1583.51,1562.62,1574.23,52495.0,0.0,2.0999756,0.0013357518
2012-06-27 16:00:00,1573.95,1578.83,1547.96,1551.9,58502.0,0.0,-22.329956,-0.0141846845
2012-06-28 16:00:00,1551.45,1606.84,1550.97,1597.05,65517.0,0.0,45.150024,0.029093385
2012-07-01 16:00:00,1599.35,1602.29,1587.07,1596.08,53696.0,0.0,-0.9700928,-0.0006074279
2012-07-02 16:00:00,1597.03,1624.73,1594.84,1617.2,54600.0,0.0,21.119995,0.0132324165
2012-07-03 16:00:00,1617.05,1620.22,1611.54,1614.35,24309.0,0.0,-2.8499756,-0.0017622901
2012-07-04 16:00:00,1615.5,1624.08,1597.33,1604.45,32744.0,0.0,-9.900024,-0.006132514
2012-07-05 16:00:00,1604.9,1609.3,1576.64,1583.45,35941.0,0.0,-21.0,-0.013088598
2012-07-08 16:00:00,1579.48,1593.2,1576.8,1587.3,27860.0,0.0,3.8500977,0.0024314616
2012-07-09 16:00:00,1588.9,1600.97,1564.4,1566.55,34631.0,0.0,-20.75,-0.013072513
2012-07-10 16:00:00,1566.35,1582.98,1566.1,1576.4,32801.0,0.0,9.849976,0.0062876865
2012-07-11 16:00:00,1576.65,1577.94,1554.48,1572.3,37183.0,0.0,-4.0999756,-0.0026008473
2012-07-12 16:00:00,1571.2,1596.73,1566.0,1589.3,30922.0,0.0,17.0,0.010812186
2012-07-15 16:00:00,1592.15,1594.58,1578.01,1588.13,30918.0,0.0,-1.170044,-0.0007362008
2012-07-16 16:00:00,1588.75,1598.67,1571.69,1582.35,45524.0,0.0,-5.7800293,-0.003639519
2012-07-17 16:00:00,1583.28,1585.68,1567.88,1573.25,32874.0,0.0,-9.099976,-0.005750925
2012-07-18 16:00:00,1573.1,1591.49,1572.6,1581.18,31901.0,0.0,7.9300537,0.0050405553
2012-07-19 16:00:00,1581.3,1587.13,1573.64,1584.21,34990.0,0.0,3.0299072,0.0019162316
2012-07-22 16:00:00,1582.07,1582.59,1563.53,1576.53,32576.0,0.0,-7.6799316,-0.004847799
2012-07-23 16:00:00,1576.63,1583.99,1568.98,1580.75,39632.0,0.0,4.2199707,0.002676746
2012-07-24 16:00:00,1580.3,1610.03,1578.71,1604.63,47739.0,0.0,23.880005,0.015106756
2012-07-25 16:00:00,1605.45,1621.46,1601.34,1615.9,41990.0,0.0,11.27002,0.007023438
2012-07-26 16:00:00,1614.8,1629.5,1611.7,1622.8,74372.0,0.0,6.9000244,0.0042700814
2012-07-29 16:00:00,1622.88,1624.75,1614.1,1622.26,64234.0,0.0,-0.54003906,-0.00033278225
2012-07-30 16:00:00,1621.95,1627.9,1610.76,1614.2,82843.0,0.0,-8.060059,-0.0049684136
2012-07-31 16:00:00,1613.85,1618.39,1591.75,1599.05,85042.0,0.0,-15.149902,-0.009385394
2012-08-01 16:00:00,1599.5,1615.2,1583.87,1589.2,83034.0,0.0,-9.850098,-0.006159968
2012-08-02 16:00:00,1588.25,1606.6,1585.78,1603.31,80428.0,0.0,14.110107,0.008878749
2012-08-05 16:00:00,1604.16,1615.37,1602.95,1610.98,68851.0,0.0,7.669922,0.0047838045
2012-08-06 16:00:00,1610.95,1618.35,1608.6,1610.95,80259.0,0.0,-0.030029297,-1.864039e-05
2012-08-07 16:00:00,1611.8,1616.7,1603.23,1612.53,75575.0,0.0,1.5800781,0.0009808362
2012-08-08 16:00:00,1612.61,1618.3,1609.53,1617.24,69293.0,0.0,4.709961,0.0029208516
2012-08-09 16:00:00,1617.13,1626.35,1605.6,1619.8,66612.0,0.0,2.5600586,0.00158298
2012-08-12 16:00:00,1621.23,1625.32,1607.3,1610.1,60281.0,0.0,-9.700073,-0.0059884386
2012-08-13 16:00:00,1610.0,1616.3,1590.83,1599.1,67731.0,0.0,-11.0,-0.0068318737
2012-08-14 16:00:00,1599.0,1606.38,1589.9,1603.32,67369.0,0.0,4.2199707,0.002638966
2012-08-15 16:00:00,1603.2,1618.55,1600.7,1614.4,64387.0,0.0,11.080078,0.006910709
2012-08-16 16:00:00,1614.35,1620.43,1611.6,1615.5,65131.0,0.0,1.0999756,0.00068135257
2012-08-19 16:00:00,1617.35,1622.4,1609.65,1620.4,61231.0,0.0,4.9000244,0.0030331318
2012-08-20 16:00:00,1620.43,1641.23,1618.45,1638.0,69644.0,0.0,17.599976,0.0108615
2012-08-21 16:00:00,1637.9,1655.86,1634.45,1647.85,55311.0,0.0,9.849976,0.006013416
2012-08-22 16:00:00,1647.93,1674.73,1647.93,1669.86,67013.0,0.0,22.01001,0.013356804
2012-08-23 16:00:00,1670.3,1673.7,1662.36,1670.41,61159.0,0.0,0.5500488,0.00032939817
2012-08-26 16:00:00,1673.23,1676.81,1662.78,1663.36,59431.0,0.0,-7.050049,-0.00422055
2012-08-27 16:00:00,1663.3,1672.19,1657.07,1666.24,67436.0,0.0,2.880005,0.0017314381
2012-08-28 16:00:00,1665.99,1669.8,1652.22,1660.18,59070.0,0.0,-6.0599365,-0.003636893
2012-08-29 16:00:00,1656.6,1663.97,1651.17,1655.05,59560.0,0.0,-5.130005,-0.0030900291
2012-08-30 16:00:00,1655.38,1692.89,1646.09,1691.7,70488.0,0.0,36.649902,0.022144286
2012-09-02 16:00:00,1690.85,1695.18,1685.3,1691.3,58590.0,0.0,-0.39990234,-0.00023639083
2012-09-03 16:00:00,1692.28,1699.03,1687.92,1694.75,74366.0,0.0,3.4499512,0.002039822
2012-09-04 16:00:00,1695.1,1695.93,1687.2,1693.08,71791.0,0.0,-1.670044,-0.000985422
2012-09-05 16:00:00,1693.3,1714.15,1691.4,1700.84,72253.0,0.0,7.76001,0.0045833685
2012-09-06 16:00:00,1701.5,1742.09,1688.8,1735.6,73744.0,0.0,34.76001,0.020436967
2012-09-09 16:00:00,1734.05,1739.95,1724.61,1724.67,81149.0,0.0,-10.929932,-0.0062974948
2012-09-10 16:00:00,1725.78,1738.03,1725.7,1731.63,71151.0,0.0,6.959961,0.004035532
2012-09-11 16:00:00,1731.64,1747.06,1725.2,1730.82,77854.0,0.0,-0.8100586,-0.0004678012
2012-09-12 16:00:00,1730.73,1772.6,1717.9,1766.86,79895.0,0.0,36.04004,0.020822523
2012-09-13 16:00:00,1767.43,1777.7,1765.51,1770.2,82597.0,0.0,3.3399658,0.0018903399
2012-09-16 16:00:00,1774.25,1776.06,1754.15,1761.89,80606.0,0.0,-8.309937,-0.004694349
2012-09-17 16:00:00,1761.98,1773.33,1752.1,1770.96,96670.0,0.0,9.069946,0.0051478506
2012-09-18 16:00:00,1771.0,1779.3,1764.85,1769.15,77466.0,0.0,-1.8099365,-0.0010220087
2012-09-19 16:00:00,1769.98,1772.1,1755.67,1767.45,92720.0,0.0,-1.7000732,-0.0009609548
2012-09-20 16:00:00,1767.43,1787.28,1766.15,1772.8,86630.0,0.0,5.3500977,0.0030270151
2012-09-23 16:00:00,1770.79,1770.83,1755.49,1763.94,69951.0,0.0,-8.860107,-0.0049978043
2012-09-24 16:00:00,1763.88,1774.81,1758.76,1760.41,72817.0,0.0,-3.5299072,-0.0020011493
2012-09-25 16:00:00,1760.32,1765.35,1736.55,1752.68,67331.0,0.0,-7.7299805,-0.0043910113
2012-09-26 16:00:00,1752.83,1780.07,1750.89,1776.8,72634.0,0.0,24.119995,0.013761778
2012-09-27 16:00:00,1777.01,1783.07,1767.26,1771.95,72631.0,0.0,-4.8500977,-0.002729681
2012-09-30 16:00:00,1768.59,1791.47,1763.12,1778.71,65898.0,0.0,6.76001,0.0038150116
2012-10-01 16:00:00,1768.96,1784.14,1768.96,1774.28,64322.0,0.0,-4.4299316,-0.0024905307
2012-10-02 16:00:00,1774.19,1781.67,1770.68,1777.68,70386.0,0.0,3.4000244,0.001916284
2012-10-03 16:00:00,1777.43,1795.03,1777.43,1789.68,73782.0,0.0,12.0,0.006750371
2012-10-04 16:00:00,1789.81,1795.74,1773.1,1780.23,69250.0,0.0,-9.450073,-0.0052803145
2012-10-07 16:00:00,1777.55,1779.42,1766.6,1774.71,67169.0,0.0,-5.5200195,-0.003100734
2012-10-08 16:00:00,1774.98,1779.63,1760.42,1763.33,71336.0,0.0,-11.380005,-0.006412318
2012-10-09 16:00:00,1765.29,1768.19,1756.7,1762.0,0.0,0.0,-1.329956,-0.00075422984
2012-10-10 16:00:00,1761.78,1774.75,1758.1,1767.17,0.0,0.0,5.170044,0.0029341907
2012-10-11 16:00:00,1767.4,1773.3,1752.0,1753.1,0.0,0.0,-14.070068,-0.007961921
2012-10-14 16:00:00,1751.75,1753.04,1728.32,1736.5,0.0,0.0,-16.599976,-0.009468927
2012-10-15 16:00:00,1736.33,1748.23,1734.4,1747.9,0.0,0.0,11.400024,0.0065649436
2012-10-16 16:00:00,1746.45,1753.5,1742.6,1749.4,0.0,0.0,1.5,0.00085817266
2012-10-17 16:00:00,1748.8,1752.16,1737.31,1740.85,0.0,0.0,-8.550049,-0.004887418
2012-10-18 16:00:00,1741.22,1743.34,1715.62,1721.6,0.0,0.0,-19.25,-0.011057816
2012-10-21 16:00:00,1718.22,1729.4,1713.22,1728.48,0.0,0.0,6.880005,0.0039962856
2012-10-22 16:00:00,1728.55,1730.1,1703.5,1707.2,0.0,0.0,-21.28003,-0.012311412
2012-10-23 16:00:00,1707.25,1714.3,1698.38,1701.84,0.0,0.0,-5.3599854,-0.0031396353
2012-10-24 16:00:00,1702.03,1718.0,1701.1,1710.5,0.0,0.0,8.660034,0.00508863
2012-10-25 16:00:00,1711.31,1718.79,1700.58,1710.3,0.0,0.0,-0.19995117,-0.00011689633
2012-10-28 16:00:00,1710.59,1717.29,1705.7,1709.2,0.0,0.0,-1.1000977,-0.0006432191
2012-10-29 16:00:00,1709.08,1715.19,1704.61,1709.3,0.0,0.0,0.100097656,5.856404e-05
2012-10-30 16:00:00,1709.59,1726.0,1708.9,1719.5,0.0,0.0,10.199951,0.0059673265
2012-10-31 16:00:00,1718.45,1727.01,1713.1,1714.06,0.0,0.0,-5.4399414,-0.0031636762
2012-11-01 16:00:00,1714.5,1716.87,1671.96,1677.4,0.0,0.0,-36.660034,-0.021387836
2012-11-04 16:00:00,1676.2,1686.3,1672.4,1684.9,0.0,0.0,7.5,0.004471205
2012-11-05 16:00:00,1684.9,1720.91,1683.2,1715.4,0.0,0.0,30.5,0.018101964
2012-11-06 16:00:00,1715.16,1731.84,1702.9,1717.5,0.0,0.0,2.0999756,0.00122419
2012-11-07 16:00:00,1715.9,1735.14,1712.4,1731.3,0.0,0.0,13.800049,0.008034963
2012-11-08 16:00:00,1731.5,1738.8,1726.9,1730.6,0.0,0.0,-0.70007324,-0.00040436274
2012-11-11 16:00:00,1732.2,1737.96,1725.4,1726.9,0.0,0.0,-3.6999512,-0.0021379585
2012-11-12 16:00:00,1727.45,1732.9,1717.55,1724.4,0.0,0.0,-2.5,-0.0014476808
2012-11-13 16:00:00,1724.0,1734.0,1720.5,1726.0,0.0,0.0,1.5999756,0.0009278448
2012-11-14 16:00:00,1726.76,1727.95,1704.56,1715.59,0.0,0.0,-10.410034,-0.006031306
2012-11-15 16:00:00,1715.0,1717.42,1705.6,1713.4,0.0,0.0,-2.1899414,-0.0012764947
2012-11-18 16:00:00,1714.72,1735.56,1714.0,1729.36,0.0,0.0,15.959961,0.009314789
2012-11-19 16:00:00,1726.88,1731.03,1726.09,1727.22,471.0,0.0,-2.1400146,-0.0012374605
2012-11-20 16:00:00,1727.76,1731.99,1718.46,1728.4,0.0,0.0,1.1800537,0.00068320986
2012-11-21 16:00:00,1727.3,1732.57,1727.25,1729.9,0.0,0.0,1.5,0.00086785463
2012-11-22 16:00:00,1728.85,1754.4,1727.58,1749.2,0.0,0.0,19.299927,0.011156672
2012-11-25 16:00:00,1751.21,1752.27,1744.9,1748.3,0.0,0.0,-0.89990234,-0.0005144651
2012-11-26 16:00:00,1749.06,1751.82,1740.0,1741.33,0.0,0.0,-6.970093,-0.003986783
2012-11-27 16:00:00,1741.62,1743.11,1705.6,1720.0,0.0,0.0,-21.329956,-0.012249233
2012-11-28 16:00:00,1719.83,1728.71,1717.8,1724.8,0.0,0.0,4.800049,0.002790726
2012-11-29 16:00:00,1725.5,1731.7,1708.2,1714.7,0.0,0.0,-10.100098,-0.005855808
2012-12-02 16:00:00,1715.22,1722.7,1712.46,1715.5,0.0,0.0,0.8000488,0.0004665824
2012-12-03 16:00:00,1716.2,1718.19,1691.0,1695.9,0.0,0.0,-19.599976,-0.011425226
2012-12-04 16:00:00,1695.73,1706.91,1684.59,1693.9,0.0,0.0,-2.0,-0.0011793148
2012-12-05 16:00:00,1693.72,1703.26,1685.7,1699.3,0.0,0.0,5.4000244,0.003187924
2012-12-06 16:00:00,1699.3,1705.5,1683.6,1703.8,0.0,0.0,4.5,0.0026481492
2012-12-09 16:00:00,1704.1,1717.3,1701.55,1711.8,0.0,0.0,8.0,0.0046953866
2012-12-10 16:00:00,1712.15,1714.4,1704.7,1709.2,24225.0,0.0,-2.6000977,-0.001518926
2012-12-11 16:00:00,1710.21,1723.3,1707.01,1709.2,0.0,0.0,0.0,0.0
2012-12-12 16:00:00,1700.99,1701.2,1689.51,1696.57,30959.0,0.0,-12.630005,-0.007389425
2012-12-13 16:00:00,1696.52,1702.35,1693.32,1695.57,86474.0,0.0,-1.0,-0.00058942457
2012-12-16 16:00:00,1695.95,1699.74,1688.85,1697.93,52286.0,0.0,2.3601074,0.0013919257
2012-12-17 16:00:00,1697.87,1703.05,1660.97,1670.13,61921.0,0.0,-27.800049,-0.016372906
2012-12-18 16:00:00,1670.83,1676.68,1663.24,1665.31,69404.0,0.0,-4.8199463,-0.0028859708
2012-12-19 16:00:00,1665.45,1671.73,1635.68,1647.19,70774.0,0.0,-18.120117,-0.010880927
2012-12-20 16:00:00,1647.15,1659.59,1635.43,1656.45,73263.0,0.0,9.26001,0.0056217015
2012-12-23 16:00:00,1656.96,1665.74,1651.84,1658.13,39892.0,0.0,1.6800537,0.0010142496
2012-12-24 16:00:00,1660.98,1694.37,1658.13,1660.98,5.0,0.0,2.8499756,0.001718789
2012-12-25 16:00:00,1655.12,1667.72,1655.09,1658.7,38222.0,0.0,-2.2800293,-0.0013727013
2012-12-26 16:00:00,1659.51,1665.31,1652.56,1663.27,60024.0,0.0,4.5700684,0.002755211
2012-12-27 16:00:00,1663.44,1666.23,1653.45,1655.51,53702.0,0.0,-7.76001,-0.004665514
2012-12-30 16:00:00,1655.37,1680.09,1655.22,1675.76,42428.0,0.0,20.25,0.01223188
2012-12-31 16:00:00,1662.52,1662.52,1662.52,1662.52,1.0,0.0,-13.23999,-0.007900887
2013-01-01 16:00:00,1679.67,1694.75,1679.59,1685.41,50541.0,0.0,22.890015,0.013768264
2013-01-02 16:00:00,1685.48,1689.84,1660.58,1662.86,65978.0,0.0,-22.550049,-0.013379563
2013-01-03 16:00:00,1663.17,1664.09,1625.79,1655.15,82448.0,0.0,-7.709961,-0.0046365666
2013-01-06 16:00:00,1656.85,1662.31,1642.8,1647.17,70521.0,0.0,-7.9799805,-0.0048213033
2013-01-07 16:00:00,1647.48,1662.44,1646.44,1659.62,63764.0,0.0,12.449951,0.0075583886
2013-01-08 16:00:00,1659.82,1665.76,1651.36,1657.34,63300.0,0.0,-2.2800293,-0.0013738262
2013-01-09 16:00:00,1657.42,1678.72,1653.7,1673.67,63609.0,0.0,16.330078,0.009853185
2013-01-10 16:00:00,1674.37,1676.75,1653.36,1662.43,68017.0,0.0,-11.23999,-0.006715774
2013-01-13 16:00:00,1662.26,1674.7,1659.91,1667.79,63761.0,0.0,5.3599854,0.003224187
2013-01-14 16:00:00,1667.77,1685.05,1666.2,1679.15,75230.0,0.0,11.359985,0.0068114
2013-01-15 16:00:00,1679.69,1684.73,1673.54,1679.64,67621.0,0.0,0.48999023,0.00029180848
2013-01-16 16:00:00,1680.35,1696.82,1666.99,1686.94,70022.0,0.0,7.2999268,0.0043461258
2013-01-17 16:00:00,1687.41,1695.13,1683.2,1683.69,68161.0,0.0,-3.25,-0.0019265653
2013-01-20 16:00:00,1685.78,1691.24,1684.71,1689.87,50788.0,0.0,6.1800537,0.0036705413
2013-01-21 16:00:00,1689.87,1695.89,1686.72,1689.85,65272.0,0.0,-0.020019531,-1.1846788e-05
2013-01-22 16:00:00,1691.98,1694.97,1683.61,1684.15,61230.0,0.0,-5.699951,-0.0033730515
2013-01-23 16:00:00,1684.41,1686.05,1664.99,1667.09,66055.0,0.0,-17.060059,-0.010129774
2013-01-24 16:00:00,1667.47,1672.16,1655.85,1658.23,67160.0,0.0,-8.859985,-0.0053146416
2013-01-27 16:00:00,1660.71,1662.26,1651.91,1654.76,57342.0,0.0,-3.4699707,-0.002092575
2013-01-28 16:00:00,1654.89,1665.81,1654.46,1663.38,63521.0,0.0,8.619995,0.0052092117
2013-01-29 16:00:00,1663.38,1683.78,1662.75,1675.85,69810.0,0.0,12.469971,0.007496766
2013-01-30 16:00:00,1675.13,1680.66,1657.82,1663.65,67976.0,0.0,-12.199951,-0.007279859
2013-01-31 16:00:00,1663.97,1682.01,1659.84,1667.79,69741.0,0.0,4.1400146,0.002488513
2013-02-03 16:00:00,1668.54,1677.49,1661.75,1674.36,66723.0,0.0,6.5699463,0.0039393124
2013-02-04 16:00:00,1674.44,1684.75,1666.64,1672.99,70622.0,0.0,-1.3699951,-0.0008182202
2013-02-05 16:00:00,1672.47,1679.54,1668.17,1676.99,69178.0,0.0,4.0,0.0023909288
2013-02-06 16:00:00,1677.12,1683.06,1663.22,1670.53,76434.0,0.0,-6.459961,-0.0038521166
2013-02-07 16:00:00,1671.06,1673.46,1665.03,1668.6,67985.0,0.0,-1.9300537,-0.0011553541
2013-02-10 16:00:00,1667.73,1669.52,1643.75,1647.67,56521.0,0.0,-20.929932,-0.012543409
2013-02-11 16:00:00,1648.01,1653.24,1639.12,1651.3,69798.0,0.0,3.630005,0.0022031139
2013-02-12 16:00:00,1651.91,1653.4,1650.48,1653.01,6547.0,0.0,1.7099609,0.0010355241
2013-02-17 16:00:00,1613.78,1667.79,1606.98,1609.77,34589.0,0.0,-43.23999,-0.026158335
2013-02-18 16:00:00,1609.47,1614.91,1600.62,1604.37,57830.0,0.0,-5.4000244,-0.0033545317
2013-02-19 16:00:00,1604.34,1609.34,1558.61,1564.66,81064.0,0.0,-39.70996,-0.024751125
2013-02-20 16:00:00,1565.0,1584.78,1554.9,1577.29,89631.0,0.0,12.630005,0.008072044
2013-02-21 16:00:00,1577.04,1587.13,1569.89,1580.97,78910.0,0.0,3.6799316,0.0023330722
2013-02-24 16:00:00,1580.22,1596.84,1575.1,1592.91,44689.0,0.0,11.940063,0.007552366
2013-02-25 16:00:00,1592.83,1619.95,1584.26,1613.25,43624.0,0.0,20.339966,0.012769061
2013-02-26 16:00:00,1613.48,1614.7,1592.28,1597.07,51562.0,0.0,-16.180054,-0.010029477
2013-02-27 16:00:00,1596.84,1602.84,1574.85,1579.35,54207.0,0.0,-17.71997,-0.0110953
2013-02-28 16:00:00,1579.57,1587.16,1564.73,1575.8,62168.0,0.0,-3.5499268,-0.0022477137
2013-03-03 16:00:00,1578.42,1584.73,1569.3,1573.5,49196.0,0.0,-2.3000488,-0.001459607
2013-03-04 16:00:00,1574.43,1586.28,1571.81,1574.8,48983.0,0.0,1.3000488,0.0008262147
2013-03-05 16:00:00,1575.45,1584.77,1567.21,1583.33,53190.0,0.0,8.529907,0.005416502
2013-03-06 16:00:00,1584.27,1585.32,1574.82,1578.52,39576.0,0.0,-4.8099365,-0.003037861
2013-03-07 16:00:00,1577.74,1583.7,1561.34,1578.46,39773.0,0.0,-0.060058594,-3.804741e-05
2013-03-10 16:00:00,1577.89,1583.07,1575.36,1580.16,22922.0,0.0,1.7000732,0.0010770456
2013-03-11 16:00:00,1580.69,1598.21,1579.88,1592.98,30189.0,0.0,12.819946,0.0081130685
2013-03-12 16:00:00,1593.08,1599.04,1585.44,1588.89,26400.0,0.0,-4.089966,-0.0025674936
2013-03-13 16:00:00,1589.1,1593.27,1576.87,1590.52,37272.0,0.0,1.6300049,0.0010258765
2013-03-14 16:00:00,1590.63,1598.69,1588.41,1591.6,29009.0,0.0,1.079956,0.00067899557
2013-03-17 16:00:00,1603.8,1611.11,1591.03,1606.08,36636.0,0.0,14.47998,0.009097751
2013-03-18 16:00:00,1605.79,1615.51,1599.96,1613.18,34330.0,0.0,7.1000977,0.0044207624
2013-03-19 16:00:00,1613.12,1614.62,1602.69,1606.27,28840.0,0.0,-6.910034,-0.004283486
2013-03-20 16:00:00,1606.33,1616.34,1604.37,1615.52,27334.0,0.0,9.25,0.005758683
2013-03-21 16:00:00,1615.5,1615.91,1603.52,1607.34,27957.0,0.0,-8.180054,-0.0050634183
2013-03-24 16:00:00,1608.07,1613.46,1589.76,1603.89,36164.0,0.0,-3.4499512,-0.002146373
2013-03-25 16:00:00,1603.9,1605.93,1594.43,1600.29,28080.0,0.0,-3.5999756,-0.0022445277
2013-03-26 16:00:00,1600.21,1608.12,1591.2,1604.99,28096.0,0.0,4.699951,0.0029369371
2013-03-27 16:00:00,1604.85,1607.57,1593.83,1596.65,27569.0,0.0,-8.339966,-0.005196273
2013-03-31 16:00:00,1597.4,1601.06,1594.66,1600.15,16225.0,0.0,3.5,0.0021920896
2013-04-01 16:00:00,1600.21,1603.72,1573.66,1575.86,24156.0,0.0,-24.29004,-0.015179851
2013-04-02 16:00:00,1575.66,1577.04,1549.6,1557.39,33371.0,0.0,-18.46997,-0.011720566
2013-04-03 16:00:00,1557.53,1559.57,1539.95,1553.48,39497.0,0.0,-3.9100342,-0.0025106326
2013-04-04 16:00:00,1553.39,1580.9,1549.24,1580.6,31864.0,0.0,27.119995,0.017457576
2013-04-07 16:00:00,1581.21,1581.23,1567.22,1573.25,23767.0,0.0,-7.3499756,-0.0046501174
2013-04-08 16:00:00,1573.29,1590.23,1570.27,1585.88,27404.0,0.0,12.630005,0.008027971
2013-04-09 16:00:00,1585.97,1588.45,1555.57,1557.96,33770.0,0.0,-27.920044,-0.017605394
2013-04-10 16:00:00,1558.15,1568.15,1553.24,1561.4,29439.0,0.0,3.4400635,0.0022080564
2013-04-11 16:00:00,1561.3,1564.53,1481.18,1483.48,44870.0,0.0,-77.920044,-0.04990396
2013-04-14 16:00:00,1483.01,1495.43,1385.48,1399.77,61088.0,0.0,-83.70996,-0.056428105
2013-04-15 16:00:00,1328.32,1403.41,1327.57,1374.27,57682.0,0.0,-25.5,-0.018217279
2013-04-16 16:00:00,1373.47,1394.9,1364.96,1378.34,58776.0,0.0,4.0699463,0.0029615331
2013-04-17 16:00:00,1378.29,1401.94,1336.1,1394.11,49461.0,0.0,15.77002,0.011441314
2013-04-18 16:00:00,1393.91,1424.92,1385.7,1403.39,41153.0,0.0,9.280029,0.006656598
2013-04-21 16:00:00,1407.12,1438.85,1403.76,1426.3,36696.0,0.0,22.910034,0.01632478
2013-04-22 16:00:00,1426.3,1432.62,1404.75,1412.86,45319.0,0.0,-13.440063,-0.009423027
2013-04-23 16:00:00,1412.73,1433.74,1412.73,1430.45,38782.0,0.0,17.589966,0.012449901
2013-04-24 16:00:00,1430.35,1468.9,1426.94,1463.87,41230.0,0.0,33.420044,0.023363309
2013-04-25 16:00:00,1464.07,1485.22,1447.98,1458.19,54656.0,0.0,-5.6800537,-0.0038801627
2013-04-28 16:00:00,1464.57,1478.66,1461.94,1474.63,37962.0,0.0,16.440063,0.011274295
2013-04-29 16:00:00,1474.52,1479.94,1460.94,1475.03,37452.0,0.0,0.4000244,0.00027127104
2013-04-30 16:00:00,1475.65,1477.76,1440.28,1458.64,33763.0,0.0,-16.390015,-0.011111648
2013-05-01 16:00:00,1458.64,1473.59,1448.44,1466.76,34429.0,0.0,8.119995,0.005566826
2013-05-02 16:00:00,1466.76,1487.93,1456.22,1470.2,37727.0,0.0,3.4399414,0.0023452654
2013-05-05 16:00:00,1470.41,1483.48,1464.46,1470.21,31995.0,0.0,0.010009766,6.8084382e-06
2013-05-06 16:00:00,1470.3,1470.52,1441.19,1450.37,42382.0,0.0,-19.839966,-0.013494648
2013-05-07 16:00:00,1449.87,1476.42,1447.53,1471.87,31270.0,0.0,21.5,0.014823804
2013-05-08 16:00:00,1472.07,1475.84,1453.28,1456.5,32227.0,0.0,-15.369995,-0.010442495
2013-05-09 16:00:00,1456.4,1462.03,1419.56,1448.52,49503.0,0.0,-7.9799805,-0.0054788743
2013-05-12 16:00:00,1442.14,1442.66,1425.83,1432.55,42550.0,0.0,-15.969971,-0.0110250255
2013-05-13 16:00:00,1432.5,1445.38,1421.14,1426.98,42540.0,0.0,-5.5700684,-0.0038882191
2013-05-14 16:00:00,1426.94,1430.64,1388.89,1395.0,47380.0,0.0,-31.97998,-0.022410952
2013-05-15 16:00:00,1395.12,1398.1,1369.53,1384.84,53088.0,0.0,-10.160034,-0.0072831786
2013-05-16 16:00:00,1384.74,1392.89,1355.16,1359.94,51360.0,0.0,-24.900024,-0.017980434
2013-05-19 16:00:00,1343.29,1399.6,1338.04,1392.9,51816.0,0.0,32.960083,0.024236426
2013-05-20 16:00:00,1392.85,1401.38,1359.61,1374.03,45639.0,0.0,-18.869995,-0.0135472715
2013-05-21 16:00:00,1373.8,1414.45,1354.26,1368.11,53004.0,0.0,-5.920044,-0.004308526
2013-05-22 16:00:00,1366.67,1398.05,1356.6,1391.63,53005.0,0.0,23.52002,0.017191615
2013-05-23 16:00:00,1391.5,1398.05,1382.31,1386.15,38772.0,0.0,-5.4799805,-0.0039378144
2013-05-26 16:00:00,1386.57,1396.59,1384.29,1393.61,16976.0,0.0,7.459961,0.005381785
2013-05-27 16:00:00,1393.35,1401.91,1373.58,1380.31,42809.0,0.0,-13.299927,-0.009543507
2013-05-28 16:00:00,1380.37,1395.15,1379.97,1391.15,44658.0,0.0,10.839966,0.007853284
2013-05-29 16:00:00,1390.97,1417.95,1388.61,1415.29,46193.0,0.0,24.140015,0.01735256
2013-05-30 16:00:00,1415.51,1421.56,1384.75,1387.35,43398.0,0.0,-27.940063,-0.019741582
2013-06-02 16:00:00,1389.26,1416.77,1386.15,1412.88,36302.0,0.0,25.53003,0.01840201
2013-06-03 16:00:00,1413.55,1415.04,1388.81,1399.68,39598.0,0.0,-13.199951,-0.009342585
2013-06-04 16:00:00,1399.55,1410.4,1395.66,1402.1,39465.0,0.0,2.4199219,0.0017289107
2013-06-05 16:00:00,1401.93,1423.7,1386.15,1412.18,46252.0,0.0,10.080078,0.007189272
2013-06-06 16:00:00,1412.13,1417.79,1377.38,1382.53,46741.0,0.0,-29.650024,-0.020995924
2013-06-09 16:00:00,1381.85,1388.86,1375.81,1385.67,38625.0,0.0,3.1400146,0.002271209
2013-06-10 16:00:00,1385.7,1386.64,1365.87,1377.47,49923.0,0.0,-8.200073,-0.0059177675
2013-06-11 16:00:00,1377.51,1394.49,1373.43,1387.29,34094.0,0.0,9.820068,0.0071290615
2013-06-12 16:00:00,1391.56,1394.76,1374.4,1386.11,43700.0,0.0,-1.1800537,-0.0008506179
2013-06-13 16:00:00,1386.29,1392.15,1378.31,1390.15,41162.0,0.0,4.040039,0.00291466
2013-06-16 16:00:00,1389.69,1391.8,1380.4,1383.45,25957.0,0.0,-6.7000732,-0.0048196763
2013-06-17 16:00:00,1385.39,1385.41,1360.91,1367.98,35158.0,0.0,-15.469971,-0.0111821685
2013-06-18 16:00:00,1368.11,1376.4,1343.04,1343.66,37998.0,0.0,-24.319946,-0.017777998
2013-06-19 16:00:00,1343.16,1348.08,1276.16,1279.95,72910.0,0.0,-63.710083,-0.04741533
2013-06-20 16:00:00,1280.16,1302.3,1269.41,1295.93,53428.0,0.0,15.980103,0.0124849435
2013-06-23 16:00:00,1295.15,1382.53,1276.12,1283.24,43876.0,0.0,-12.690063,-0.009792244
2013-06-24 16:00:00,1283.41,1295.93,1271.53,1276.98,40885.0,0.0,-6.26001,-0.0048782844
2013-06-25 16:00:00,1276.93,1277.03,1221.68,1228.57,70163.0,0.0,-48.410034,-0.037909783
2013-06-26 16:00:00,1228.6,1244.69,1196.78,1202.4,56279.0,0.0,-26.169922,-0.021301124
2013-06-27 16:00:00,1202.21,1235.04,1180.14,1227.94,62822.0,0.0,25.539917,0.021240782
2013-06-30 16:00:00,1238.51,1261.63,1225.16,1253.45,49525.0,0.0,25.51001,0.02077464
2013-07-01 16:00:00,1253.68,1267.32,1239.45,1243.36,49439.0,0.0,-10.089966,-0.008049755
2013-07-02 16:00:00,1243.22,1249.17,1241.68,1245.89,6342.0,0.0,2.5300293,0.0020348325
2013-07-07 16:00:00,1225.05,1238.03,1215.65,1236.2,23359.0,0.0,-9.690063,-0.0077776234
2013-07-08 16:00:00,1236.05,1260.19,1233.42,1249.48,42496.0,0.0,13.280029,0.010742622
2013-07-09 16:00:00,1249.55,1288.77,1243.87,1288.13,51424.0,0.0,38.650024,0.030932888
2013-07-10 16:00:00,1288.2,1298.78,1277.97,1285.13,57815.0,0.0,-3.0,-0.0023289574
2013-07-11 16:00:00,1285.04,1288.47,1267.72,1285.0,40240.0,0.0,-0.13000488,-0.000101160884
2013-07-14 16:00:00,1291.94,1294.33,1274.06,1283.1,28826.0,0.0,-1.9000244,-0.0014786182
2013-07-15 16:00:00,1283.17,1295.38,1277.0,1290.77,34538.0,0.0,7.670044,0.0059777447
2013-07-16 16:00:00,1290.82,1300.36,1270.06,1275.14,42148.0,0.0,-15.630005,-0.012109055
2013-07-17 16:00:00,1275.18,1288.45,1274.74,1283.88,35920.0,0.0,8.73999,0.0068541416
2013-07-18 16:00:00,1283.89,1297.76,1282.28,1295.45,32319.0,0.0,11.569946,0.009011704
2013-07-21 16:00:00,1312.38,1337.98,1310.99,1335.82,33587.0,0.0,40.369995,0.031162914
2013-07-22 16:00:00,1335.85,1348.05,1326.61,1343.51,37786.0,0.0,7.6900635,0.0057568112
2013-07-23 16:00:00,1343.52,1346.45,1313.03,1318.32,42675.0,0.0,-25.190063,-0.018749442
2013-07-24 16:00:00,1318.25,1337.75,1308.8,1334.59,43095.0,0.0,16.27002,0.01234148
2013-07-25 16:00:00,1334.4,1340.39,1312.37,1332.65,30719.0,0.0,-1.9399414,-0.001453586
2013-07-28 16:00:00,1332.95,1338.2,1322.77,1325.01,37848.0,0.0,-7.6400146,-0.005732949
2013-07-29 16:00:00,1324.69,1330.04,1318.02,1327.58,29612.0,0.0,2.5699463,0.0019395675
2013-07-30 16:00:00,1327.79,1339.01,1305.97,1325.1,44562.0,0.0,-2.4799805,-0.001868046
2013-07-31 16:00:00,1325.13,1330.93,1302.54,1303.26,40968.0,0.0,-21.839966,-0.01648175
2013-08-01 16:00:00,1303.3,1318.39,1283.13,1311.68,37534.0,0.0,8.420044,0.006460755
2013-08-04 16:00:00,1313.97,1320.59,1297.36,1302.99,28244.0,0.0,-8.690063,-0.0066251396
2013-08-05 16:00:00,1303.0,1307.14,1279.01,1282.47,34415.0,0.0,-20.52002,-0.01574841
2013-08-06 16:00:00,1282.57,1289.49,1272.7,1284.8,32092.0,0.0,2.3300781,0.0018168676
2013-08-07 16:00:00,1284.78,1314.03,1282.78,1313.93,33743.0,0.0,29.130005,0.022672793
2013-08-08 16:00:00,1313.95,1317.31,1305.23,1314.03,29700.0,0.0,0.099975586,7.6088974e-05
2013-08-11 16:00:00,1329.67,1343.77,1322.58,1336.08,34788.0,0.0,22.049927,0.016780382
2013-08-12 16:00:00,1335.83,1341.12,1318.55,1322.56,43539.0,0.0,-13.519897,-0.010119078
2013-08-13 16:00:00,1322.61,1339.2,1315.67,1338.05,36180.0,0.0,15.48999,0.011712126
2013-08-14 16:00:00,1338.03,1370.16,1318.8,1365.19,47789.0,0.0,27.139893,0.020283166
2013-08-15 16:00:00,1365.15,1379.67,1357.39,1376.08,43670.0,0.0,10.890015,0.007976923
2013-08-18 16:00:00,1377.03,1384.35,1362.17,1365.34,37474.0,0.0,-10.73999,-0.007804772
2013-08-19 16:00:00,1365.39,1377.46,1352.43,1369.24,35928.0,0.0,3.9000244,0.0028564492
2013-08-20 16:00:00,1369.03,1378.89,1355.4,1357.25,37799.0,0.0,-11.98999,-0.008756676
2013-08-21 16:00:00,1357.2,1381.49,1355.0,1378.31,42909.0,0.0,21.060059,0.015516713
2013-08-22 16:00:00,1378.26,1399.6,1369.0,1397.18,35815.0,0.0,18.869995,0.013690675
2013-08-25 16:00:00,1403.63,1406.83,1389.26,1401.13,40150.0,0.0,3.9499512,0.002827088
2013-08-26 16:00:00,1400.94,1423.4,1395.66,1417.07,47018.0,0.0,15.939941,0.01137649
2013-08-27 16:00:00,1417.02,1433.49,1413.23,1417.47,49234.0,0.0,0.4000244,0.0002822898
2013-08-28 16:00:00,1417.42,1417.98,1402.22,1404.98,46941.0,0.0,-12.48999,-0.008811467
2013-08-29 16:00:00,1405.01,1410.97,1392.1,1395.47,43222.0,0.0,-9.51001,-0.006768787
2013-09-01 16:00:00,1380.69,1398.08,1379.57,1390.9,27567.0,0.0,-4.5699463,-0.0032748438
2013-09-02 16:00:00,1390.82,1416.01,1384.56,1411.37,41841.0,0.0,20.46997,0.0147170685
2013-09-03 16:00:00,1411.34,1414.93,1384.63,1391.6,42012.0,0.0,-19.77002,-0.01400768
2013-09-04 16:00:00,1391.55,1399.27,1364.82,1367.09,35832.0,0.0,-24.51001,-0.017612828
2013-09-05 16:00:00,1367.04,1393.01,1361.26,1391.35,39665.0,0.0,24.26001,0.01774573
2013-09-08 16:00:00,1387.31,1391.62,1381.78,1387.21,28864.0,0.0,-4.1400146,-0.002975538
2013-09-09 16:00:00,1387.26,1387.41,1357.6,1365.18,36319.0,0.0,-22.029907,-0.01588073
2013-09-10 16:00:00,1365.24,1368.34,1356.44,1364.04,33172.0,0.0,-1.1400146,-0.00083506544
2013-09-11 16:00:00,1364.02,1365.85,1320.43,1322.69,42505.0,0.0,-41.350098,-0.03031443
2013-09-12 16:00:00,1322.65,1330.6,1304.96,1325.6,45701.0,0.0,2.9100342,0.002200088
2013-09-15 16:00:00,1331.01,1332.67,1302.74,1313.64,37766.0,0.0,-11.959961,-0.0090223
2013-09-16 16:00:00,1313.62,1323.69,1305.97,1306.3,37588.0,0.0,-7.339966,-0.005587502
2013-09-17 16:00:00,1306.32,1367.47,1291.56,1362.66,53264.0,0.0,56.359985,0.043144748
2013-09-18 16:00:00,1362.63,1375.31,1358.44,1367.66,47819.0,0.0,5.0,0.0036692938
2013-09-19 16:00:00,1367.64,1368.1,1324.97,1325.58,41138.0,0.0,-42.08008,-0.030767938
2013-09-22 16:00:00,1329.58,1331.33,1313.77,1321.85,37973.0,0.0,-3.7299805,-0.002813848
2013-09-23 16:00:00,1321.86,1329.27,1305.64,1323.41,47607.0,0.0,1.5600586,0.0011802085
2013-09-24 16:00:00,1323.46,1337.94,1316.34,1333.0,41176.0,0.0,9.589966,0.0072464054
2013-09-25 16:00:00,1332.95,1339.0,1318.69,1321.86,40516.0,0.0,-11.140015,-0.0083571
2013-09-26 16:00:00,1321.76,1344.13,1319.6,1336.9,44061.0,0.0,15.040039,0.011377936
2013-09-29 16:00:00,1339.72,1343.76,1322.77,1329.06,23145.0,0.0,-7.839966,-0.0058642873
2013-09-30 16:00:00,1329.02,1337.11,1282.49,1289.25,32304.0,0.0,-39.81006,-0.029953543
2013-10-01 16:00:00,1289.55,1323.53,1277.58,1315.66,34233.0,0.0,26.410034,0.020484805
2013-10-02 16:00:00,1315.71,1321.52,1302.02,1315.59,32278.0,0.0,-0.07006836,-5.3257194e-05
2013-10-03 16:00:00,1315.55,1320.43,1314.56,1315.69,7255.0,0.0,0.099975586,7.599297e-05
2013-10-06 16:00:00,1313.56,1328.72,1308.68,1322.23,33487.0,0.0,6.540039,0.0049708057
2013-10-07 16:00:00,1322.18,1329.89,1315.9,1319.22,49109.0,0.0,-3.0100098,-0.0022764646
2013-10-08 16:00:00,1319.24,1321.59,1294.61,1305.45,52798.0,0.0,-13.77002,-0.010438001
2013-10-09 16:00:00,1305.5,1311.54,1282.28,1286.98,51098.0,0.0,-18.46997,-0.014148356
2013-10-10 16:00:00,1286.93,1294.26,1262.5,1271.91,51378.0,0.0,-15.069946,-0.011709542
2013-10-13 16:00:00,1274.52,1289.99,1268.47,1272.92,52455.0,0.0,1.0100098,0.000794089
2013-10-14 16:00:00,1272.87,1288.07,1251.63,1279.84,59136.0,0.0,6.919922,0.005436258
2013-10-15 16:00:00,1279.74,1287.17,1269.35,1280.24,54725.0,0.0,0.4000244,0.00031255814
2013-10-16 16:00:00,1280.33,1324.47,1274.5,1318.15,57445.0,0.0,37.910034,0.029611662
2013-10-17 16:00:00,1318.11,1325.94,1311.55,1316.0,40350.0,0.0,-2.1500244,-0.0016310924
2013-10-20 16:00:00,1314.8,1323.99,1313.42,1314.68,24163.0,0.0,-1.3199463,-0.0010029987
2013-10-21 16:00:00,1314.44,1344.97,1310.14,1340.92,32229.0,0.0,26.23999,0.01995922
2013-10-22 16:00:00,1341.0,1342.11,1328.79,1331.93,36719.0,0.0,-8.98999,-0.006704345
2013-10-23 16:00:00,1331.97,1351.96,1331.88,1346.32,39621.0,0.0,14.389893,0.01080379
2013-10-24 16:00:00,1346.29,1355.58,1336.59,1351.26,30754.0,0.0,4.9400635,0.0036693087
2013-10-27 16:00:00,1348.9,1361.74,1346.23,1352.16,34065.0,0.0,0.9000244,0.0006660631
2013-10-28 16:00:00,1352.21,1360.26,1339.9,1343.94,40019.0,0.0,-8.220093,-0.0060792305
2013-10-29 16:00:00,1343.93,1359.38,1334.31,1340.99,42301.0,0.0,-2.9499512,-0.0021950023
2013-10-30 16:00:00,1340.79,1341.87,1318.96,1323.09,44220.0,0.0,-17.900024,-0.013348365
2013-10-31 16:00:00,1323.07,1327.17,1305.82,1315.98,40750.0,0.0,-7.1099854,-0.005373773
2013-11-03 16:00:00,1313.79,1322.17,1310.8,1313.78,30732.0,0.0,-2.1999512,-0.0016717209
2013-11-04 16:00:00,1313.76,1319.28,1305.92,1311.75,34601.0,0.0,-2.0300293,-0.0015451821
2013-11-05 16:00:00,1311.71,1321.96,1309.03,1317.69,30349.0,0.0,5.9399414,0.004528257
2013-11-06 16:00:00,1317.68,1325.92,1296.46,1307.66,38173.0,0.0,-10.029907,-0.0076117353
2013-11-07 16:00:00,1307.63,1313.75,1281.15,1288.3,37962.0,0.0,-19.359985,-0.01480506
2013-11-10 16:00:00,1288.14,1288.49,1278.95,1281.95,28623.0,0.0,-6.3500977,-0.0049290517
2013-11-11 16:00:00,1281.92,1285.34,1261.42,1266.25,40720.0,0.0,-15.699951,-0.01224693
2013-11-12 16:00:00,1266.2,1284.39,1265.57,1281.43,38647.0,0.0,15.180054,0.0119881965
2013-11-13 16:00:00,1281.35,1293.91,1278.2,1286.94,44206.0,0.0,5.5098877,0.0042997957
2013-11-14 16:00:00,1287.14,1291.09,1280.4,1289.93,27050.0,0.0,2.9901123,0.002323428
2013-11-17 16:00:00,1289.21,1289.49,1270.03,1275.66,32835.0,0.0,-14.27002,-0.01106263
2013-11-18 16:00:00,1275.71,1278.91,1268.88,1274.7,34881.0,0.0,-0.960083,-0.0007526167
2013-11-19 16:00:00,1274.75,1276.16,1240.96,1242.84,46080.0,0.0,-31.859985,-0.024994105
2013-11-20 16:00:00,1242.89,1250.38,1236.72,1243.48,40179.0,0.0,0.64001465,0.00051496143
2013-11-21 16:00:00,1243.63,1248.92,1240.81,1243.4,31525.0,0.0,-0.079956055,-6.4300235e-05
2013-11-24 16:00:00,1240.79,1253.47,1227.56,1250.9,39868.0,0.0,7.5,0.006031848
2013-11-25 16:00:00,1250.97,1258.03,1239.64,1242.12,32838.0,0.0,-8.780029,-0.00701897
2013-11-26 16:00:00,1241.78,1254.82,1236.15,1237.45,31609.0,0.0,-4.670044,-0.0037597367
2013-11-27 16:00:00,1238.19,1245.86,1234.99,1244.79,17305.0,0.0,7.340088,0.005931624
2013-11-28 16:00:00,1244.38,1254.87,1240.77,1250.98,22242.0,0.0,6.1899414,0.004972679
2013-12-01 16:00:00,1249.03,1249.48,1217.64,1219.58,36920.0,0.0,-31.400024,-0.025100341
2013-12-02 16:00:00,1219.46,1226.23,1214.98,1223.31,34959.0,0.0,3.7301025,0.003058514
2013-12-03 16:00:00,1223.3,1251.44,1211.46,1242.75,42025.0,0.0,19.439941,0.015891263
2013-12-04 16:00:00,1242.74,1243.32,1216.78,1224.55,43126.0,0.0,-18.199951,-0.014644901
2013-12-05 16:00:00,1224.95,1243.48,1213.17,1228.85,38491.0,0.0,4.2999268,0.003511434
2013-12-08 16:00:00,1230.33,1243.16,1225.2,1240.17,28766.0,0.0,11.320068,0.00921192
2013-12-09 16:00:00,1239.25,1267.91,1237.64,1261.55,37917.0,0.0,21.380005,0.017239576
2013-12-10 16:00:00,1260.93,1263.31,1250.8,1252.13,35209.0,0.0,-9.420044,-0.0074670394
2013-12-11 16:00:00,1252.19,1257.01,1223.76,1225.17,37646.0,0.0,-26.95996,-0.02153128
2013-12-12 16:00:00,1225.21,1238.45,1220.1,1238.43,37073.0,0.0,13.26001,0.010822996
2013-12-15 16:00:00,1237.59,1252.1,1227.53,1240.73,37742.0,0.0,2.2999268,0.0018571309
2013-12-16 16:00:00,1240.12,1248.09,1227.13,1231.05,37423.0,0.0,-9.679932,-0.0078018038
2013-12-17 16:00:00,1230.53,1244.24,1216.01,1218.45,41839.0,0.0,-12.600098,-0.010235244
2013-12-18 16:00:00,1219.09,1226.24,1187.05,1188.28,49871.0,0.0,-30.169922,-0.024760904
2013-12-19 16:00:00,1188.88,1207.55,1188.63,1202.95,38027.0,0.0,14.669922,0.012345509
2013-12-22 16:00:00,1202.82,1206.01,1192.6,1198.76,28590.0,0.0,-4.1899414,-0.0034830554
2013-12-23 16:00:00,1197.93,1205.47,1196.34,1204.45,12419.0,0.0,5.6899414,0.0047465228
2013-12-25 16:00:00,1206.0,1215.7,1203.05,1210.65,11816.0,0.0,6.2000732,0.0051476387
2013-12-26 16:00:00,1210.95,1218.95,1208.8,1212.71,17265.0,0.0,2.0599365,0.0017015128
2013-12-29 16:00:00,1213.8,1216.15,1194.87,1196.37,21998.0,0.0,-16.339966,-0.013473927
2013-12-30 16:00:00,1197.33,1214.54,1182.29,1201.0,27651.0,0.0,4.630005,0.0038700444
2014-01-01 16:00:00,1203.72,1230.71,1203.13,1222.59,39801.0,0.0,21.589966,0.017976658
2014-01-02 16:00:00,1223.18,1240.15,1221.54,1237.38,35585.0,0.0,14.790039,0.012097301
2014-01-05 16:00:00,1237.11,1248.09,1218.21,1237.3,33541.0,0.0,-0.079956055,-6.461722e-05
2014-01-06 16:00:00,1237.75,1245.15,1224.86,1231.55,35476.0,0.0,-5.75,-0.0046472154
2014-01-07 16:00:00,1231.13,1232.3,1218.3,1225.68,40892.0,0.0,-5.869995,-0.0047663474
2014-01-08 16:00:00,1225.51,1231.35,1223.4,1227.48,24086.0,0.0,1.7999268,0.0014685127
2014-01-09 16:00:00,1227.18,1248.76,1227.15,1248.22,28351.0,0.0,20.73999,0.016896399
2014-01-12 16:00:00,1248.7,1254.83,1243.55,1253.81,34529.0,0.0,5.590088,0.0044784476
2014-01-13 16:00:00,1252.9,1255.11,1241.56,1244.67,32681.0,0.0,-9.140015,-0.007289792
2014-01-14 16:00:00,1244.7,1244.91,1234.17,1241.25,35141.0,0.0,-3.420044,-0.0027477515
2014-01-15 16:00:00,1241.82,1245.08,1236.22,1242.21,29471.0,0.0,0.95996094,0.00077338243
2014-01-16 16:00:00,1242.19,1254.62,1237.65,1253.8,28271.0,0.0,11.590088,0.009330217
2014-01-19 16:00:00,1252.94,1261.38,1252.6,1254.75,15735.0,0.0,0.9499512,0.00075765763
2014-01-20 16:00:00,1254.63,1255.67,1235.5,1240.74,25175.0,0.0,-14.01001,-0.011165579
2014-01-21 16:00:00,1240.05,1243.48,1235.65,1236.51,21647.0,0.0,-4.2299805,-0.0034092402
2014-01-22 16:00:00,1235.82,1265.35,1231.45,1263.79,24866.0,0.0,27.28003,0.022062117
2014-01-23 16:00:00,1263.56,1272.45,1256.9,1269.83,21760.0,0.0,6.039917,0.0047792094
2014-01-26 16:00:00,1270.0,1278.75,1251.83,1256.07,27167.0,0.0,-13.76001,-0.010836104
2014-01-27 16:00:00,1256.35,1261.24,1249.05,1256.11,27545.0,0.0,0.040039062,3.1876458e-05
2014-01-28 16:00:00,1255.5,1270.02,1248.65,1267.16,29904.0,0.0,11.050049,0.008797039
2014-01-29 16:00:00,1266.59,1267.72,1237.92,1243.13,31710.0,0.0,-24.03003,-0.018963689
2014-01-30 16:00:00,1242.7,1254.8,1238.4,1243.78,20687.0,0.0,0.6500244,0.00052289333
2014-02-02 16:00:00,1242.84,1266.15,1240.65,1256.85,19816.0,0.0,13.069946,0.010508246
2014-02-03 16:00:00,1257.35,1260.85,1247.3,1253.15,15372.0,0.0,-3.6999512,-0.0029438287
2014-02-05 16:00:00,1257.39,1257.45,1257.39,1257.45,2.0,0.0,4.2999268,0.0034312946
2014-02-06 16:00:00,1256.85,1271.78,1256.0,1266.93,21481.0,0.0,9.480103,0.007539149
2014-02-09 16:00:00,1265.36,1277.92,1264.95,1274.37,30448.0,0.0,7.4399414,0.005872417
2014-02-10 16:00:00,1274.15,1293.85,1273.43,1290.35,34949.0,0.0,15.97998,0.012539514
2014-02-11 16:00:00,1290.07,1296.31,1283.95,1291.35,26667.0,0.0,1.0,0.00077498355
2014-02-12 16:00:00,1290.43,1302.84,1285.96,1301.7,30239.0,0.0,10.349976,0.008014849
2014-02-13 16:00:00,1301.88,1321.17,1299.88,1318.4,39241.0,0.0,16.700073,0.012829434
2014-02-16 16:00:00,1318.44,1329.66,1318.44,1328.34,25176.0,0.0,9.939941,0.007539397
2014-02-17 16:00:00,1328.49,1332.09,1312.49,1321.67,21769.0,0.0,-6.669922,-0.005021246
2014-02-18 16:00:00,1321.78,1322.62,1308.71,1310.48,24178.0,0.0,-11.190063,-0.008466609
2014-02-19 16:00:00,1311.27,1324.76,1307.19,1322.53,33425.0,0.0,12.050049,0.0091951415
2014-02-20 16:00:00,1322.81,1328.27,1315.97,1323.86,28541.0,0.0,1.329956,0.001005615
2014-02-23 16:00:00,1325.23,1339.0,1318.49,1333.58,32186.0,0.0,9.719971,0.007342144
2014-02-24 16:00:00,1333.62,1343.55,1331.17,1340.69,27572.0,0.0,7.1099854,0.0053315028
2014-02-25 16:00:00,1340.68,1345.31,1322.54,1329.4,31187.0,0.0,-11.289917,-0.008420975
2014-02-26 16:00:00,1329.35,1336.02,1323.75,1331.28,38355.0,0.0,1.8800049,0.0014141755
2014-02-27 16:00:00,1331.09,1333.19,1319.61,1326.1,50946.0,0.0,-5.1800537,-0.0038910324
2014-03-02 16:00:00,1332.3,1354.61,1330.63,1349.35,58281.0,0.0,23.25,0.017532615
2014-03-03 16:00:00,1349.79,1352.39,1331.15,1334.15,55145.0,0.0,-15.199951,-0.011264647
2014-03-04 16:00:00,1334.55,1341.64,1332.44,1336.5,47671.0,0.0,2.3499756,0.0017614028
2014-03-05 16:00:00,1336.89,1353.42,1331.02,1350.2,47143.0,0.0,13.699951,0.010250618
2014-03-06 16:00:00,1350.55,1352.78,1328.82,1339.95,54383.0,0.0,-10.25,-0.0075914683
2014-03-09 16:00:00,1338.69,1344.44,1327.96,1339.79,49659.0,0.0,-0.15991211,-0.00011934185
2014-03-10 16:00:00,1339.85,1352.18,1337.6,1348.63,35281.0,0.0,8.839966,0.006598023
2014-03-11 16:00:00,1348.58,1370.7,1345.27,1366.3,34119.0,0.0,17.670044,0.013102218
2014-03-12 16:00:00,1366.28,1375.01,1364.37,1371.1,36063.0,0.0,4.7999268,0.003513084
2014-03-13 16:00:00,1371.08,1387.51,1367.93,1382.61,37551.0,0.0,11.51001,0.008394727
2014-03-16 16:00:00,1389.12,1389.12,1361.81,1365.79,43246.0,0.0,-16.819946,-0.012165358
2014-03-17 16:00:00,1365.85,1367.38,1350.61,1356.56,39452.0,0.0,-9.22998,-0.0067579793
2014-03-18 16:00:00,1356.61,1359.47,1325.64,1326.98,47673.0,0.0,-29.580078,-0.02180521
2014-03-19 16:00:00,1326.92,1334.53,1320.41,1330.28,53696.0,0.0,3.3000488,0.0024868867
2014-03-20 16:00:00,1330.24,1342.26,1328.98,1334.3,36403.0,0.0,4.0200195,0.0030219348
2014-03-23 16:00:00,1330.44,1334.15,1307.75,1309.0,45017.0,0.0,-25.300049,-0.01896129
2014-03-24 16:00:00,1309.05,1317.19,1305.62,1310.5,46552.0,0.0,1.5,0.0011459129
2014-03-25 16:00:00,1310.43,1316.18,1298.49,1304.68,40353.0,0.0,-5.8199463,-0.004441012
2014-03-26 16:00:00,1304.72,1306.57,1288.93,1291.88,29125.0,0.0,-12.800049,-0.009810871
2014-03-27 16:00:00,1291.92,1298.59,1285.63,1293.77,27880.0,0.0,1.8900146,0.0014629955
2014-03-30 16:00:00,1295.86,1298.39,1282.18,1284.24,26226.0,0.0,-9.530029,-0.0073660924
2014-03-31 16:00:00,1284.23,1287.85,1277.5,1281.1,38671.0,0.0,-3.1400146,-0.0024450372
2014-04-01 16:00:00,1280.81,1294.38,1280.31,1290.25,42952.0,0.0,9.150024,0.007142319
2014-04-02 16:00:00,1290.27,1293.78,1281.52,1286.96,40466.0,0.0,-3.290039,-0.0025499237
2014-04-03 16:00:00,1287.04,1306.52,1284.06,1302.66,33281.0,0.0,15.700073,0.012199349
2014-04-06 16:00:00,1301.09,1304.05,1295.51,1297.84,20546.0,0.0,-4.8200684,-0.0037001737
2014-04-07 16:00:00,1297.86,1314.21,1296.77,1309.55,23962.0,0.0,11.710083,0.009022748
2014-04-08 16:00:00,1309.49,1314.87,1300.75,1311.64,25625.0,0.0,2.0899658,0.001595942
2014-04-09 16:00:00,1311.63,1324.38,1310.63,1317.78,26510.0,0.0,6.1400146,0.0046811737
2014-04-10 16:00:00,1317.76,1323.72,1314.0,1318.49,24698.0,0.0,0.70996094,0.00053875527
2014-04-13 16:00:00,1327.68,1330.96,1318.64,1326.6,22135.0,0.0,8.109985,0.0061509646
2014-04-14 16:00:00,1326.58,1326.9,1287.28,1302.54,31536.0,0.0,-24.059937,-0.018136542
2014-04-15 16:00:00,1302.47,1306.88,1293.35,1302.37,26285.0,0.0,-0.17004395,-0.00013054797
2014-04-16 16:00:00,1302.35,1304.0,1293.05,1294.64,27056.0,0.0,-7.7299805,-0.0059353183
2014-04-17 16:00:00,1295.36,1295.36,1295.36,1295.36,1.0,0.0,0.7199707,0.0005561165
2014-04-20 16:00:00,1293.82,1301.23,1281.8,1289.29,36718.0,0.0,-6.0699463,-0.0046859146
2014-04-21 16:00:00,1289.23,1292.59,1277.42,1283.44,24431.0,0.0,-5.8500977,-0.0045374567
2014-04-22 16:00:00,1283.41,1288.8,1280.76,1283.79,38710.0,0.0,0.35009766,0.00027278072
2014-04-23 16:00:00,1283.75,1298.56,1268.35,1293.09,47101.0,0.0,9.299927,0.007244118
2014-04-24 16:00:00,1293.04,1304.91,1290.26,1302.9,42517.0,0.0,9.810059,0.0075865244
2014-04-27 16:00:00,1302.87,1306.33,1291.87,1296.29,40115.0,0.0,-6.6099854,-0.0050732866
2014-04-28 16:00:00,1296.23,1301.07,1286.21,1295.33,23709.0,0.0,-0.960083,-0.00074063905
2014-04-29 16:00:00,1295.31,1297.85,1284.9,1292.13,33383.0,0.0,-3.1999512,-0.0024703753
2014-04-30 16:00:00,1292.21,1292.71,1277.18,1283.94,34402.0,0.0,-8.190063,-0.006338421
2014-05-01 16:00:00,1284.03,1304.38,1274.06,1300.24,31627.0,0.0,16.300049,0.012695336
2014-05-04 16:00:00,1300.74,1315.45,1299.77,1309.97,24426.0,0.0,9.72998,0.007483219
2014-05-05 16:00:00,1309.88,1313.9,1304.2,1307.79,29498.0,0.0,-2.1799316,-0.0016641081
2014-05-06 16:00:00,1307.77,1314.33,1286.51,1289.5,30875.0,0.0,-18.29004,-0.013985455
2014-05-07 16:00:00,1289.5,1294.88,1285.29,1290.24,32995.0,0.0,0.73999023,0.00057385827
2014-05-08 16:00:00,1290.21,1294.26,1285.37,1286.49,19385.0,0.0,-3.75,-0.002906436
2014-05-11 16:00:00,1281.1,1303.73,1281.09,1295.59,23229.0,0.0,9.099976,0.0070734913
2014-05-12 16:00:00,1295.58,1298.55,1288.93,1294.03,28634.0,0.0,-1.5599365,-0.0012040357
2014-05-13 16:00:00,1294.08,1308.86,1291.41,1305.24,32611.0,0.0,11.209961,0.008662829
2014-05-14 16:00:00,1305.23,1306.97,1290.76,1296.33,29315.0,0.0,-8.910034,-0.006826357
2014-05-15 16:00:00,1296.34,1298.08,1287.64,1292.01,28383.0,0.0,-4.3199463,-0.0033324435
2014-05-18 16:00:00,1290.9,1305.26,1290.64,1293.17,20779.0,0.0,1.1600342,0.0008978523
2014-05-19 16:00:00,1293.11,1296.71,1285.88,1294.49,22373.0,0.0,1.3199463,0.0010207059
2014-05-20 16:00:00,1294.51,1296.05,1283.16,1292.38,20615.0,0.0,-2.1099854,-0.0016299742
2014-05-21 16:00:00,1292.4,1303.45,1289.92,1293.53,18934.0,0.0,1.1500244,0.00088985
2014-05-22 16:00:00,1293.51,1295.35,1286.56,1292.33,18460.0,0.0,-1.2000732,-0.0009277506
2014-05-25 16:00:00,1291.2,1295.13,1290.81,1291.76,20406.0,0.0,-0.5699463,-0.00044102228
2014-05-26 16:00:00,1291.43,1293.12,1263.02,1264.01,40064.0,0.0,-27.75,-0.021482319
2014-05-27 16:00:00,1264.02,1267.15,1255.68,1259.17,31901.0,0.0,-4.839966,-0.0038290566
2014-05-28 16:00:00,1259.07,1260.18,1251.34,1255.77,43917.0,0.0,-3.4000244,-0.0027002108
2014-05-29 16:00:00,1255.79,1260.24,1242.09,1249.41,40643.0,0.0,-6.3599854,-0.00506461
2014-06-01 16:00:00,1247.74,1250.56,1240.86,1244.29,24702.0,0.0,-5.119995,-0.00409793
2014-06-02 16:00:00,1244.3,1247.47,1240.51,1244.84,23873.0,0.0,0.54992676,0.00044196026
2014-06-03 16:00:00,1244.83,1248.75,1242.73,1243.96,20895.0,0.0,-0.8800049,-0.0007069221
2014-06-04 16:00:00,1243.95,1257.27,1241.06,1253.3,24238.0,0.0,9.340088,0.007508351
2014-06-05 16:00:00,1253.35,1257.54,1245.77,1252.9,23884.0,0.0,-0.4000244,-0.00031917688
2014-06-08 16:00:00,1252.97,1256.93,1251.34,1252.11,17044.0,0.0,-0.79003906,-0.0006305683
2014-06-09 16:00:00,1252.07,1263.28,1250.17,1259.34,20075.0,0.0,7.2299805,0.0057742377
2014-06-10 16:00:00,1259.35,1265.15,1258.47,1260.69,20122.0,0.0,1.3499756,0.0010719707
2014-06-11 16:00:00,1260.68,1274.72,1259.7,1272.65,25365.0,0.0,11.960083,0.009486934
2014-06-12 16:00:00,1272.66,1277.69,1270.65,1275.85,24087.0,0.0,3.1999512,0.0025144
2014-06-15 16:00:00,1277.12,1284.72,1270.49,1271.97,26100.0,0.0,-3.880005,-0.0030411137
2014-06-16 16:00:00,1271.89,1273.14,1258.92,1270.06,25292.0,0.0,-1.9099121,-0.0015015387
2014-06-17 16:00:00,1269.99,1278.27,1266.04,1277.4,24303.0,0.0,7.339966,0.0057792272
2014-06-18 16:00:00,1277.43,1321.79,1275.81,1318.79,38414.0,0.0,41.390015,0.032401763
2014-06-19 16:00:00,1318.78,1319.69,1306.27,1315.26,39306.0,0.0,-3.5300293,-0.0026767182
2014-06-22 16:00:00,1313.29,1318.3,1309.71,1314.44,28797.0,0.0,-0.82006836,-0.0006235028
2014-06-23 16:00:00,1314.45,1325.68,1313.69,1317.49,29440.0,0.0,3.0500488,0.002320417
2014-06-24 16:00:00,1317.51,1324.69,1310.46,1317.8,30744.0,0.0,0.3100586,0.00023534038
2014-06-25 16:00:00,1317.83,1319.73,1305.96,1315.56,29836.0,0.0,-2.2399902,-0.0016997952
2014-06-26 16:00:00,1315.55,1322.15,1312.52,1315.9,27290.0,0.0,0.33996582,0.00025841908
2014-06-29 16:00:00,1315.19,1329.28,1310.21,1326.11,30454.0,0.0,10.209961,0.007758918
2014-06-30 16:00:00,1326.09,1332.19,1323.57,1326.56,28394.0,0.0,0.45007324,0.0003393936
2014-07-01 16:00:00,1326.44,1331.91,1320.97,1327.24,26389.0,0.0,0.67993164,0.00051255245
2014-07-02 16:00:00,1327.28,1327.39,1309.28,1319.51,28905.0,0.0,-7.7299805,-0.0058241016
2014-07-03 16:00:00,1319.75,1322.92,1318.44,1320.89,11031.0,0.0,1.3800049,0.0010458465
2014-07-06 16:00:00,1318.02,1319.67,1311.14,1317.77,21832.0,0.0,-3.119995,-0.00236204
2014-07-07 16:00:00,1317.82,1324.59,1313.28,1318.19,25259.0,0.0,0.41992188,0.00031866098
2014-07-08 16:00:00,1318.32,1331.81,1317.52,1327.22,27918.0,0.0,9.030029,0.006850325
2014-07-09 16:00:00,1327.14,1344.8,1326.22,1336.29,32536.0,0.0,9.070068,0.006833885
2014-07-10 16:00:00,1336.28,1338.99,1333.62,1338.47,21148.0,0.0,2.1799316,0.0016313312
2014-07-13 16:00:00,1338.74,1338.98,1303.08,1307.51,34342.0,0.0,-30.95996,-0.02313086
2014-07-14 16:00:00,1307.41,1313.65,1291.92,1294.11,30734.0,0.0,-13.400024,-0.010248506
2014-07-15 16:00:00,1294.12,1303.51,1293.92,1297.74,26296.0,0.0,3.630005,0.0028050204
2014-07-16 16:00:00,1297.87,1324.37,1297.52,1321.86,35171.0,0.0,24.119995,0.018586153
2014-07-17 16:00:00,1321.77,1321.91,1304.35,1310.68,27677.0,0.0,-11.179932,-0.008457728
2014-07-20 16:00:00,1310.22,1318.22,1307.24,1311.84,17495.0,0.0,1.1599121,0.00088496966
2014-07-21 16:00:00,1311.86,1315.25,1301.74,1307.11,25616.0,0.0,-4.7299805,-0.003605608
2014-07-22 16:00:00,1307.16,1311.04,1302.92,1304.28,18501.0,0.0,-2.829956,-0.0021650482
2014-07-23 16:00:00,1304.23,1304.89,1287.55,1293.01,29299.0,0.0,-11.27002,-0.008640798
2014-07-24 16:00:00,1293.03,1308.17,1290.74,1306.93,22277.0,0.0,13.920044,0.010765612
2014-07-27 16:00:00,1307.02,1309.16,1301.19,1303.74,22513.0,0.0,-3.1900635,-0.002440883
2014-07-28 16:00:00,1303.7,1311.96,1296.0,1299.1,28084.0,0.0,-4.6400146,-0.0035590031
2014-07-29 16:00:00,1298.96,1303.33,1291.52,1296.69,21835.0,0.0,-2.4100342,-0.0018551569
2014-07-30 16:00:00,1296.65,1297.0,1280.41,1282.76,25577.0,0.0,-13.929932,-0.010742685
2014-07-31 16:00:00,1282.72,1296.7,1280.15,1293.59,25783.0,0.0,10.829956,0.008442699
2014-08-03 16:00:00,1292.83,1295.18,1285.9,1287.93,15543.0,0.0,-5.659912,-0.0043753525
2014-08-04 16:00:00,1287.94,1293.84,1282.4,1288.09,23550.0,0.0,0.15991211,0.0001241621
2014-08-05 16:00:00,1288.02,1309.32,1287.42,1306.37,25525.0,0.0,18.28003,0.014191578
2014-08-06 16:00:00,1306.36,1314.32,1301.88,1311.41,26612.0,0.0,5.040039,0.0038580487
2014-08-07 16:00:00,1311.34,1322.47,1305.8,1309.34,32465.0,0.0,-2.0700684,-0.0015785058
2014-08-10 16:00:00,1310.66,1311.22,1304.89,1307.49,17397.0,0.0,-1.8499756,-0.001412907
2014-08-11 16:00:00,1307.51,1317.64,1305.46,1308.78,21392.0,0.0,1.2900391,0.0009866531
2014-08-12 16:00:00,1308.86,1314.83,1304.61,1312.67,22321.0,0.0,3.8900146,0.0029722448
2014-08-13 16:00:00,1312.71,1319.05,1308.58,1312.38,23509.0,0.0,-0.29003906,-0.00022095352
2014-08-14 16:00:00,1312.35,1314.95,1292.36,1304.53,27525.0,0.0,-7.8499756,-0.0059814807
2014-08-17 16:00:00,1302.4,1303.46,1295.49,1298.05,18583.0,0.0,-6.4799805,-0.0049672914
2014-08-18 16:00:00,1297.97,1302.17,1293.69,1295.5,17278.0,0.0,-2.5500488,-0.0019645228
2014-08-19 16:00:00,1295.4,1297.62,1287.53,1290.55,19542.0,0.0,-4.949951,-0.0038208808
2014-08-20 16:00:00,1290.28,1290.84,1272.84,1276.71,25728.0,0.0,-13.840088,-0.010724178
2014-08-21 16:00:00,1276.73,1282.85,1273.98,1280.87,20674.0,0.0,4.160034,0.003258402
2014-08-24 16:00:00,1276.3,1280.97,1274.36,1275.84,15278.0,0.0,-5.0300293,-0.0039270413
2014-08-25 16:00:00,1275.84,1290.66,1275.31,1280.59,22398.0,0.0,4.75,0.0037230374
2014-08-26 16:00:00,1280.16,1287.15,1279.96,1282.88,17024.0,0.0,2.290039,0.0017882688
2014-08-27 16:00:00,1282.83,1296.37,1282.68,1289.72,25032.0,0.0,6.839966,0.0053317267
2014-08-28 16:00:00,1289.66,1291.18,1283.3,1287.1,17721.0,0.0,-2.619995,-0.002031445
2014-08-31 16:00:00,1285.79,1289.81,1282.22,1286.3,8866.0,0.0,-0.79992676,-0.0006214954
2014-09-01 16:00:00,1286.31,1287.3,1262.23,1266.56,27121.0,0.0,-19.73999,-0.015346334
2014-09-02 16:00:00,1266.58,1271.31,1260.93,1269.18,22688.0,0.0,2.619995,0.0020685913
2014-09-03 16:00:00,1269.16,1277.02,1257.09,1258.19,27628.0,0.0,-10.990112,-0.008659222
2014-09-04 16:00:00,1258.12,1273.32,1257.04,1268.53,21964.0,0.0,10.340088,0.008218225
2014-09-07 16:00:00,1268.17,1271.68,1251.22,1256.55,22662.0,0.0,-11.97998,-0.009443986
2014-09-08 16:00:00,1256.57,1258.03,1247.42,1254.97,24981.0,0.0,-1.5800781,-0.0012574733
2014-09-09 16:00:00,1255.01,1257.62,1243.57,1249.66,26238.0,0.0,-5.3099365,-0.0042311265
2014-09-10 16:00:00,1249.71,1249.97,1234.62,1240.6,29370.0,0.0,-9.060059,-0.007250019
2014-09-11 16:00:00,1240.61,1241.58,1227.27,1229.32,29300.0,0.0,-11.280029,-0.009092398
2014-09-14 16:00:00,1226.59,1238.45,1225.92,1232.77,20012.0,0.0,3.4500732,0.0028064894
2014-09-15 16:00:00,1232.76,1241.82,1231.61,1234.7,26015.0,0.0,1.9299316,0.0015655245
2014-09-16 16:00:00,1234.73,1238.96,1216.0,1217.14,23694.0,0.0,-17.559937,-0.014222028
2014-09-17 16:00:00,1217.22,1227.72,1215.66,1225.59,34133.0,0.0,8.449951,0.0069424645
2014-09-18 16:00:00,1225.6,1228.34,1213.57,1215.39,50199.0,0.0,-10.199951,-0.008322483
2014-09-21 16:00:00,1214.79,1220.33,1208.1,1214.62,27851.0,0.0,-0.77001953,-0.00063355756
2014-09-22 16:00:00,1214.43,1234.68,1214.06,1221.97,31271.0,0.0,7.3499756,0.0060512554
2014-09-23 16:00:00,1221.8,1225.85,1215.54,1216.3,26964.0,0.0,-5.669922,-0.0046399846
2014-09-24 16:00:00,1216.2,1223.87,1206.7,1221.98,24919.0,0.0,5.6799316,0.004669844
2014-09-25 16:00:00,1222.03,1231.07,1212.15,1218.11,26481.0,0.0,-3.869995,-0.0031669873
2014-09-28 16:00:00,1216.88,1223.12,1214.46,1215.22,23722.0,0.0,-2.8900146,-0.00237254
2014-09-29 16:00:00,1215.2,1219.89,1204.18,1208.51,31285.0,0.0,-6.709961,-0.005521602
2014-09-30 16:00:00,1208.52,1219.11,1204.49,1212.97,29843.0,0.0,4.459961,0.0036904626
2014-10-01 16:00:00,1212.94,1222.14,1208.49,1214.38,34478.0,0.0,1.4100342,0.0011624643
2014-10-02 16:00:00,1214.38,1215.21,1189.84,1190.97,27567.0,0.0,-23.410034,-0.019277355
2014-10-05 16:00:00,1185.77,1208.78,1183.0,1205.99,28582.0,0.0,15.02002,0.012611586
2014-10-06 16:00:00,1206.01,1213.28,1202.69,1210.06,30067.0,0.0,4.0700684,0.0033748774
2014-10-07 16:00:00,1209.96,1223.95,1204.81,1220.24,37121.0,0.0,10.179932,0.0084127495
2014-10-08 16:00:00,1220.37,1233.19,1218.89,1224.45,36796.0,0.0,4.209961,0.003450109
2014-10-09 16:00:00,1224.4,1225.25,1217.14,1222.91,27932.0,0.0,-1.539917,-0.0012576398
2014-10-12 16:00:00,1229.86,1237.68,1224.87,1235.61,24492.0,0.0,12.699951,0.010385025
2014-10-13 16:00:00,1235.56,1237.99,1228.61,1230.03,31562.0,0.0,-5.579956,-0.0045159524
2014-10-14 16:00:00,1229.87,1249.13,1221.71,1240.52,55296.0,0.0,10.48999,0.008528239
2014-10-15 16:00:00,1240.58,1245.02,1235.29,1238.14,54083.0,0.0,-2.380005,-0.0019185542
2014-10-16 16:00:00,1238.06,1241.62,1231.43,1237.97,40859.0,0.0,-0.17004395,-0.00013733823
2014-10-19 16:00:00,1236.12,1248.5,1234.51,1246.55,30229.0,0.0,8.580078,0.0069307643
2014-10-20 16:00:00,1246.7,1255.11,1245.14,1248.3,28354.0,0.0,1.75,0.0014038746
2014-10-21 16:00:00,1248.41,1249.26,1239.9,1241.64,22947.0,0.0,-6.660034,-0.005335283
2014-10-22 16:00:00,1241.7,1244.53,1226.07,1232.11,26397.0,0.0,-9.530029,-0.007675356
2014-10-23 16:00:00,1232.13,1234.08,1228.47,1230.8,20116.0,0.0,-1.3099365,-0.0010631653
2014-10-26 16:00:00,1227.85,1231.82,1225.03,1225.82,18743.0,0.0,-4.9801025,-0.004046232
2014-10-27 16:00:00,1225.85,1235.25,1222.39,1228.17,24157.0,0.0,2.3500977,0.0019171638
2014-10-28 16:00:00,1228.14,1230.44,1208.28,1211.42,22505.0,0.0,-16.75,-0.013638177
2014-10-29 16:00:00,1211.24,1215.56,1195.84,1200.03,35623.0,0.0,-11.390015,-0.009402201
2014-10-30 16:00:00,1199.96,1202.66,1161.01,1172.47,45633.0,0.0,-27.560059,-0.02296614
2014-11-02 16:00:00,1170.83,1173.74,1161.39,1165.17,26119.0,0.0,-7.2999268,-0.00622611
2014-11-03 16:00:00,1165.05,1174.49,1163.78,1168.06,27604.0,0.0,2.8900146,0.0024803372
2014-11-04 16:00:00,1168.2,1169.7,1137.55,1140.02,39695.0,0.0,-28.04004,-0.024005648
2014-11-05 16:00:00,1139.9,1149.43,1137.99,1141.53,42013.0,0.0,1.5100098,0.0013245468
2014-11-06 16:00:00,1141.7,1178.34,1131.51,1177.7,66499.0,0.0,36.16992,0.031685475
2014-11-09 16:00:00,1177.67,1177.73,1147.12,1151.65,59972.0,0.0,-26.049927,-0.022119325
2014-11-10 16:00:00,1150.94,1173.06,1145.89,1163.5,41275.0,0.0,11.849976,0.010289563
2014-11-11 16:00:00,1163.96,1169.84,1157.03,1161.74,59272.0,0.0,-1.7600098,-0.0015126857
2014-11-12 16:00:00,1161.49,1167.83,1153.92,1162.0,69751.0,0.0,0.26000977,0.00022381064
2014-11-13 16:00:00,1162.26,1193.49,1146.64,1188.55,62430.0,0.0,26.550049,0.022848578
2014-11-16 16:00:00,1186.43,1194.12,1181.42,1186.83,49414.0,0.0,-1.7200928,-0.0014472195
2014-11-17 16:00:00,1186.23,1204.58,1183.35,1196.71,47292.0,0.0,9.880005,0.008324701
2014-11-18 16:00:00,1196.64,1202.09,1175.13,1182.37,51654.0,0.0,-14.339966,-0.011982825
2014-11-19 16:00:00,1183.54,1197.03,1176.74,1193.88,51590.0,0.0,11.51001,0.009734694
2014-11-20 16:00:00,1193.83,1207.68,1186.68,1201.32,39961.0,0.0,7.4399414,0.006231733
2014-11-23 16:00:00,1200.66,1204.18,1192.72,1197.8,28581.0,0.0,-3.5198975,-0.0029300249
2014-11-24 16:00:00,1198.5,1202.87,1190.36,1201.14,36962.0,0.0,3.3399658,0.0027884168
2014-11-25 16:00:00,1201.11,1201.6,1194.79,1197.7,24800.0,0.0,-3.4400635,-0.0028639988
2014-11-26 16:00:00,1197.72,1199.56,1185.6,1190.67,24874.0,0.0,-7.029907,-0.005869506
2014-11-27 16:00:00,1190.7,1192.02,1165.14,1166.92,31812.0,0.0,-23.75,-0.019946752
2014-11-30 16:00:00,1159.38,1221.01,1142.74,1211.31,57898.0,0.0,44.390015,0.03804032
2014-12-01 16:00:00,1211.58,1212.66,1192.1,1197.68,42570.0,0.0,-13.630005,-0.011252284
2014-12-02 16:00:00,1197.64,1214.99,1194.47,1208.93,33316.0,0.0,11.25,0.009393159
2014-12-03 16:00:00,1208.84,1213.26,1201.24,1205.45,27997.0,0.0,-3.4801025,-0.0028786634
2014-12-04 16:00:00,1205.44,1207.46,1186.19,1191.99,30718.0,0.0,-13.459961,-0.0111659225
2014-12-07 16:00:00,1190.58,1208.88,1187.06,1203.08,24839.0,0.0,11.089966,0.009303741
2014-12-08 16:00:00,1203.23,1238.14,1199.21,1230.95,33736.0,0.0,27.869995,0.023165539
2014-12-09 16:00:00,1230.65,1238.18,1224.51,1224.9,32814.0,0.0,-6.0499268,-0.004914844
2014-12-10 16:00:00,1225.2,1232.62,1215.86,1226.85,29495.0,0.0,1.9499512,0.0015919268
2014-12-11 16:00:00,1227.59,1228.06,1214.14,1222.35,26564.0,0.0,-4.5,-0.0036679301
2014-12-14 16:00:00,1221.96,1224.14,1190.58,1192.75,28051.0,0.0,-29.599976,-0.024215631
2014-12-15 16:00:00,1194.4,1223.22,1187.4,1196.02,38243.0,0.0,3.2700195,0.00274158
2014-12-16 16:00:00,1195.02,1202.82,1183.5,1188.55,28775.0,0.0,-7.4699707,-0.0062456904
2014-12-17 16:00:00,1188.79,1213.71,1188.4,1197.75,26922.0,0.0,9.199951,0.0077404827
2014-12-18 16:00:00,1197.42,1201.21,1193.62,1195.38,18534.0,0.0,-2.369995,-0.001978706
2014-12-21 16:00:00,1195.54,1203.22,1170.64,1175.76,21826.0,0.0,-19.619995,-0.016413186
2014-12-22 16:00:00,1175.82,1184.8,1172.48,1176.9,15978.0,0.0,1.1400146,0.00096959807
2014-12-23 16:00:00,1175.98,1181.02,1172.79,1174.75,9482.0,0.0,-2.1500244,-0.001826854
2014-12-24 16:00:00,1174.58,1174.75,1174.58,1174.75,2.0,0.0,0.0,0.0
2014-12-25 16:00:00,1183.92,1199.09,1183.0,1195.56,35733.0,0.0,20.810059,0.017714458
2014-12-28 16:00:00,1194.3,1197.37,1178.77,1182.92,45789.0,0.0,-12.640015,-0.010572463
2014-12-29 16:00:00,1182.66,1210.23,1180.7,1199.8,52943.0,0.0,16.880005,0.014269777
2014-12-30 16:00:00,1199.53,1203.74,1179.4,1183.9,44335.0,0.0,-15.900024,-0.0132522285
2014-12-31 16:00:00,1183.96,1183.96,1182.01,1182.01,1211.0,0.0,-1.8900146,-0.0015964309
2015-01-01 16:00:00,1184.3,1194.83,1167.69,1189.6,51614.0,0.0,7.589966,0.0064212363
2015-01-04 16:00:00,1187.9,1207.8,1178.01,1204.28,66288.0,0.0,14.680054,0.012340328
2015-01-05 16:00:00,1203.53,1223.3,1201.5,1218.15,56348.0,0.0,13.869995,0.011517251
2015-01-06 16:00:00,1218.88,1219.0,1208.83,1210.5,53668.0,0.0,-7.6500244,-0.006280035
2015-01-07 16:00:00,1210.3,1216.38,1204.5,1208.8,51529.0,0.0,-1.6999512,-0.001404338
2015-01-08 16:00:00,1208.45,1220.79,1207.2,1218.11,42659.0,0.0,9.309937,0.0077018
2015-01-11 16:00:00,1226.22,1235.83,1217.6,1233.8,42225.0,0.0,15.690063,0.012880662
2015-01-12 16:00:00,1232.99,1244.0,1227.19,1230.9,56696.0,0.0,-2.9000244,-0.0023504817
2015-01-13 16:00:00,1230.6,1244.23,1224.9,1229.2,59241.0,0.0,-1.7000732,-0.0013811628
2015-01-14 16:00:00,1228.99,1266.54,1225.7,1263.1,61140.0,0.0,33.900024,0.027578933
2015-01-15 16:00:00,1263.08,1282.03,1254.6,1279.68,58290.0,0.0,16.580078,0.013126497
2015-01-18 16:00:00,1280.22,1281.51,1272.1,1276.0,40313.0,0.0,-3.6800537,-0.002875761
2015-01-19 16:00:00,1275.9,1297.03,1273.9,1295.2,58169.0,0.0,19.199951,0.015046984
2015-01-20 16:00:00,1294.51,1305.03,1284.61,1294.1,58390.0,0.0,-1.0999756,-0.00084927084
2015-01-21 16:00:00,1293.36,1306.79,1279.3,1302.08,56209.0,0.0,7.9799805,0.0061664325
2015-01-22 16:00:00,1301.9,1302.4,1283.8,1293.88,53848.0,0.0,-8.199951,-0.006297579
2015-01-25 16:00:00,1293.28,1299.1,1275.6,1279.7,55899.0,0.0,-14.180054,-0.010959326
2015-01-26 16:00:00,1280.7,1297.53,1271.8,1292.7,56117.0,0.0,13.0,0.010158631
2015-01-27 16:00:00,1292.2,1293.86,1279.88,1284.1,53718.0,0.0,-8.599976,-0.0066527235
2015-01-28 16:00:00,1283.35,1285.9,1251.6,1257.0,56933.0,0.0,-27.099976,-0.021104258
2015-01-29 16:00:00,1258.49,1284.75,1256.6,1283.18,52851.0,0.0,26.180054,0.020827409
2015-02-01 16:00:00,1282.04,1283.35,1266.1,1275.5,53772.0,0.0,-7.6800537,-0.0059851725
2015-02-02 16:00:00,1274.83,1285.35,1255.2,1260.1,56061.0,0.0,-15.400024,-0.012073716
2015-02-03 16:00:00,1261.32,1272.23,1256.3,1269.4,55475.0,0.0,9.300049,0.0073804054
2015-02-04 16:00:00,1270.26,1273.97,1256.1,1265.6,54919.0,0.0,-3.8000488,-0.0029935786
2015-02-05 16:00:00,1265.79,1268.74,1227.7,1232.5,53715.0,0.0,-33.099976,-0.026153585
2015-02-08 16:00:00,1236.32,1243.6,1234.06,1238.42,49154.0,0.0,5.920044,0.0048032813
2015-02-09 16:00:00,1238.11,1245.84,1230.6,1233.8,51781.0,0.0,-4.619995,-0.0037305558
2015-02-10 16:00:00,1233.93,1238.85,1216.3,1217.72,47872.0,0.0,-16.080078,-0.013032969
2015-02-11 16:00:00,1218.55,1232.76,1217.7,1223.4,49555.0,0.0,5.6800537,0.0046644993
2015-02-12 16:00:00,1222.6,1234.92,1222.3,1229.28,48545.0,0.0,5.880005,0.0048062815
2015-02-15 16:00:00,1227.87,1236.4,1227.56,1230.48,29897.0,0.0,1.1999512,0.0009761414
2015-02-16 16:00:00,1230.39,1233.89,1203.6,1209.21,49036.0,0.0,-21.27002,-0.017285954
2015-02-17 16:00:00,1209.25,1213.6,1197.53,1212.3,46268.0,0.0,3.090088,0.0025554602
2015-02-18 16:00:00,1212.73,1222.97,1205.32,1206.45,48049.0,0.0,-5.8500977,-0.0048256186
2015-02-19 16:00:00,1207.13,1215.2,1198.2,1201.57,48518.0,0.0,-4.880005,-0.0040449295
2015-02-22 16:00:00,1203.62,1210.27,1190.57,1201.33,46756.0,0.0,-0.23999023,-0.00019973055
2015-02-23 16:00:00,1201.76,1204.49,1190.5,1200.33,47395.0,0.0,-1.0,-0.00083241076
2015-02-24 16:00:00,1200.9,1211.79,1200.65,1203.92,48313.0,0.0,3.590088,0.0029909175
2015-02-25 16:00:00,1204.12,1219.95,1203.52,1208.7,51312.0,0.0,4.779907,0.0039702863
2015-02-26 16:00:00,1208.46,1219.27,1204.3,1212.86,47948.0,0.0,4.160034,0.0034417426
2015-03-01 16:00:00,1213.75,1223.3,1204.5,1206.33,51691.0,0.0,-6.5300293,-0.0053839926
2015-03-02 16:00:00,1205.96,1214.71,1195.35,1204.01,50213.0,0.0,-2.3199463,-0.0019231441
2015-03-03 16:00:00,1203.99,1208.97,1197.7,1200.6,48173.0,0.0,-3.4100342,-0.0028322306
2015-03-04 16:00:00,1200.56,1209.42,1196.2,1197.95,48039.0,0.0,-2.6500244,-0.00220725
2015-03-05 16:00:00,1198.2,1200.67,1163.67,1168.2,51441.0,0.0,-29.75,-0.024834093
2015-03-08 16:00:00,1169.29,1175.31,1165.7,1167.42,47141.0,0.0,-0.7799072,-0.0006676145
2015-03-09 16:00:00,1167.45,1170.44,1154.6,1162.38,53874.0,0.0,-5.040039,-0.0043172454
2015-03-10 16:00:00,1162.52,1165.22,1147.49,1155.02,50796.0,0.0,-7.3599854,-0.0063318238
2015-03-11 16:00:00,1154.88,1166.41,1148.6,1153.69,51289.0,0.0,-1.3300781,-0.0011515628
2015-03-12 16:00:00,1153.76,1161.8,1151.3,1158.02,46662.0,0.0,4.330078,0.0037532425
2015-03-15 16:00:00,1156.05,1164.08,1150.29,1154.75,46903.0,0.0,-3.2700195,-0.0028238022
2015-03-16 16:00:00,1154.62,1159.63,1142.78,1149.41,43101.0,0.0,-5.339966,-0.004624348
2015-03-17 16:00:00,1149.18,1175.31,1145.6,1167.96,50931.0,0.0,18.549927,0.01613865
2015-03-18 16:00:00,1168.06,1177.75,1159.5,1171.08,56254.0,0.0,3.119995,0.0026713202
2015-03-19 16:00:00,1171.3,1188.0,1168.6,1182.5,51332.0,0.0,11.420044,0.00975172
2015-03-22 16:00:00,1186.01,1191.65,1179.1,1189.63,50557.0,0.0,7.130005,0.0060296026
2015-03-23 16:00:00,1189.72,1195.01,1185.1,1192.48,47367.0,0.0,2.8499756,0.0023956823
2015-03-24 16:00:00,1192.35,1199.8,1186.63,1194.78,47913.0,0.0,2.3000488,0.0019287945
2015-03-25 16:00:00,1195.1,1219.73,1194.2,1204.34,52751.0,0.0,9.559937,0.00800142
2015-03-26 16:00:00,1204.49,1206.07,1192.0,1198.4,50983.0,0.0,-5.9399414,-0.0049321135
2015-03-29 16:00:00,1197.86,1198.34,1182.4,1186.29,46869.0,0.0,-12.109985,-0.0101051275
2015-03-30 16:00:00,1186.21,1190.71,1178.42,1183.13,49174.0,0.0,-3.1600342,-0.0026637956
2015-03-31 16:00:00,1183.01,1208.52,1180.7,1203.13,47456.0,0.0,20.0,0.016904313
2015-04-01 16:00:00,1203.19,1207.4,1195.05,1201.95,47454.0,0.0,-1.1800537,-0.0009808198
2015-04-02 16:00:00,1201.36,1202.72,1199.84,1202.45,920.0,0.0,0.5,0.0004159907
2015-04-05 16:00:00,1216.34,1224.21,1213.7,1214.68,47293.0,0.0,12.230103,0.010170987
2015-04-06 16:00:00,1214.74,1215.8,1207.4,1209.48,47613.0,0.0,-5.2000732,-0.004281023
2015-04-07 16:00:00,1209.64,1212.31,1197.3,1201.64,48418.0,0.0,-7.839966,-0.0064820964
2015-04-08 16:00:00,1201.65,1202.65,1192.2,1194.39,46568.0,0.0,-7.25,-0.006033421
2015-04-09 16:00:00,1194.33,1210.7,1192.6,1208.4,46718.0,0.0,14.01001,0.011729845
2015-04-12 16:00:00,1207.26,1209.48,1195.9,1198.76,47942.0,0.0,-9.640015,-0.007977502
2015-04-13 16:00:00,1198.71,1201.53,1183.3,1192.65,51452.0,0.0,-6.1099854,-0.005096921
2015-04-14 16:00:00,1192.54,1204.6,1188.4,1202.83,48491.0,0.0,10.179932,0.0085355565
2015-04-15 16:00:00,1202.79,1209.11,1194.1,1198.33,57118.0,0.0,-4.5,-0.0037411773
2015-04-16 16:00:00,1198.43,1207.68,1196.7,1203.7,49645.0,0.0,5.369995,0.0044812323
2015-04-19 16:00:00,1204.02,1209.03,1190.8,1196.2,50696.0,0.0,-7.5,-0.006230789
2015-04-20 16:00:00,1196.17,1204.28,1192.9,1203.01,47180.0,0.0,6.8100586,0.005693077
2015-04-21 16:00:00,1202.98,1204.79,1185.3,1187.69,50488.0,0.0,-15.320068,-0.01273478
2015-04-22 16:00:00,1187.58,1198.0,1183.5,1193.65,51569.0,0.0,5.960083,0.0050182147
2015-04-23 16:00:00,1193.56,1196.0,1174.4,1179.9,47951.0,0.0,-13.75,-0.01151929
2015-04-26 16:00:00,1178.9,1207.15,1178.56,1201.58,52433.0,0.0,21.679932,0.01837438
2015-04-27 16:00:00,1201.76,1215.03,1199.0,1211.79,53270.0,0.0,10.210083,0.008497215
2015-04-28 16:00:00,1211.78,1213.6,1201.3,1205.33,52043.0,0.0,-6.460083,-0.005331025
2015-04-29 16:00:00,1205.39,1207.2,1176.6,1183.88,56136.0,0.0,-21.449951,-0.017795917
2015-04-30 16:00:00,1183.84,1185.19,1169.7,1177.7,47228.0,0.0,-6.1800537,-0.005220169
2015-05-03 16:00:00,1178.25,1192.81,1177.6,1188.49,48255.0,0.0,10.790039,0.009161959
2015-05-04 16:00:00,1188.54,1199.86,1185.4,1194.12,48488.0,0.0,5.630005,0.0047371075
2015-05-05 16:00:00,1194.05,1197.58,1188.0,1192.44,49057.0,0.0,-1.6800537,-0.0014069388
2015-05-06 16:00:00,1192.2,1192.85,1178.5,1184.24,49928.0,0.0,-8.199951,-0.006876616
2015-05-07 16:00:00,1184.25,1193.36,1181.3,1187.7,49983.0,0.0,3.459961,0.002921672
2015-05-10 16:00:00,1188.8,1191.78,1178.8,1183.29,48289.0,0.0,-4.409912,-0.003712985
2015-05-11 16:00:00,1183.13,1197.08,1180.6,1192.77,49054.0,0.0,9.47998,0.008011544
2015-05-12 16:00:00,1192.73,1218.92,1191.08,1215.04,52006.0,0.0,22.27002,0.018670842
2015-05-13 16:00:00,1214.97,1227.15,1212.1,1221.51,53230.0,0.0,6.4699707,0.0053249034
2015-05-14 16:00:00,1221.44,1226.2,1210.7,1223.5,48382.0,0.0,1.9899902,0.0016291231
2015-05-17 16:00:00,1225.17,1232.27,1221.3,1225.2,50901.0,0.0,1.6999512,0.0013894165
2015-05-18 16:00:00,1225.15,1225.33,1205.78,1208.95,52738.0,0.0,-16.25,-0.013263141
2015-05-19 16:00:00,1208.6,1213.57,1206.89,1210.01,22486.0,0.0,1.0600586,0.0008768424
2015-05-20 16:00:00,1209.98,1212.76,1201.5,1206.34,46592.0,0.0,-3.670044,-0.003033069
2015-05-21 16:00:00,1206.23,1214.86,1201.48,1206.13,45369.0,0.0,-0.20996094,-0.0001740479
2015-05-24 16:00:00,1204.29,1209.2,1202.6,1206.93,30722.0,0.0,0.8000488,0.0006633189
2015-05-25 16:00:00,1206.83,1207.53,1185.5,1187.62,50548.0,0.0,-19.310059,-0.015999319
2015-05-26 16:00:00,1187.68,1190.86,1183.59,1188.07,51409.0,0.0,0.44995117,0.00037886796
2015-05-27 16:00:00,1188.03,1192.12,1180.68,1188.5,52873.0,0.0,0.4300537,0.00036197677
2015-05-28 16:00:00,1188.52,1193.31,1185.67,1189.9,49505.0,0.0,1.4000244,0.0011779759
2015-05-31 16:00:00,1193.54,1204.34,1184.3,1188.8,50977.0,0.0,-1.0999756,-0.0009244269
2015-06-01 16:00:00,1188.71,1196.09,1185.5,1193.11,51250.0,0.0,4.3099365,0.0036254511
2015-06-02 16:00:00,1193.09,1195.45,1179.55,1185.04,52879.0,0.0,-8.069946,-0.0067637907
2015-06-03 16:00:00,1185.13,1186.23,1172.4,1176.67,54199.0,0.0,-8.369995,-0.0070630484
2015-06-04 16:00:00,1176.59,1178.55,1162.1,1171.9,47293.0,0.0,-4.7700195,-0.0040538292
2015-06-07 16:00:00,1170.46,1177.55,1169.3,1172.98,54869.0,0.0,1.079956,0.0009215428
2015-06-08 16:00:00,1172.96,1182.93,1172.3,1177.03,52500.0,0.0,4.050049,0.003452786
2015-06-09 16:00:00,1176.93,1192.24,1175.18,1186.02,55166.0,0.0,8.98999,0.00763786
2015-06-10 16:00:00,1185.98,1187.94,1175.7,1181.75,50447.0,0.0,-4.2700195,-0.003600293
2015-06-11 16:00:00,1181.63,1184.35,1176.67,1180.8,48599.0,0.0,-0.9499512,-0.00080385123
2015-06-14 16:00:00,1185.84,1190.25,1172.3,1185.74,50503.0,0.0,4.9399414,0.0041835546
2015-06-15 16:00:00,1185.83,1187.87,1176.04,1181.8,48924.0,0.0,-3.9399414,-0.0033227701
2015-06-16 16:00:00,1181.74,1189.15,1174.4,1184.5,47217.0,0.0,2.6999512,0.002284609
2015-06-17 16:00:00,1184.56,1205.66,1183.9,1201.48,53907.0,0.0,16.97998,0.014335146
2015-06-18 16:00:00,1201.5,1204.2,1198.15,1200.1,47215.0,0.0,-1.3800049,-0.0011485874
2015-06-21 16:00:00,1198.54,1200.12,1182.06,1186.04,47954.0,0.0,-14.059937,-0.0117156375
2015-06-22 16:00:00,1185.94,1188.12,1176.1,1178.01,49020.0,0.0,-8.030029,-0.006770454
2015-06-23 16:00:00,1178.17,1180.19,1171.01,1175.23,48864.0,0.0,-2.7800293,-0.002359937
2015-06-24 16:00:00,1175.18,1178.1,1171.83,1173.88,47946.0,0.0,-1.3499756,-0.0011486906
2015-06-25 16:00:00,1173.77,1178.58,1168.72,1175.04,49017.0,0.0,1.1600342,0.0009882051
2015-06-28 16:00:00,1185.16,1187.47,1173.76,1180.28,59884.0,0.0,5.23999,0.004459414
2015-06-29 16:00:00,1180.16,1180.52,1166.9,1173.5,57697.0,0.0,-6.7800293,-0.005744424
2015-06-30 16:00:00,1173.0,1175.07,1167.4,1168.48,51472.0,0.0,-5.0200195,-0.004277818
2015-07-01 16:00:00,1168.56,1169.33,1156.6,1165.86,53173.0,0.0,-2.619995,-0.002242225
2015-07-02 16:00:00,1165.93,1170.02,1165.1,1168.28,38216.0,0.0,2.420044,0.0020757588
2015-07-05 16:00:00,1174.29,1174.45,1162.8,1169.43,56030.0,0.0,1.1500244,0.000984374
2015-07-06 16:00:00,1169.39,1170.04,1147.7,1154.6,53129.0,0.0,-14.830078,-0.012681458
2015-07-07 16:00:00,1154.5,1164.64,1146.5,1158.08,59749.0,0.0,3.4799805,0.0030140139
2015-07-08 16:00:00,1158.1,1167.63,1155.5,1158.37,57430.0,0.0,0.29003906,0.0002504482
2015-07-09 16:00:00,1158.39,1165.42,1157.4,1162.65,52530.0,0.0,4.2800293,0.0036948724
2015-07-12 16:00:00,1162.76,1164.26,1150.8,1157.3,54072.0,0.0,-5.3499756,-0.004601536
2015-07-13 16:00:00,1157.35,1159.64,1152.5,1155.99,50532.0,0.0,-1.3100586,-0.0011319956
2015-07-14 16:00:00,1155.98,1156.83,1143.2,1148.93,49612.0,0.0,-7.0599365,-0.006107264
2015-07-15 16:00:00,1148.86,1149.4,1142.24,1145.21,53185.0,0.0,-3.7200928,-0.0032378759
2015-07-16 16:00:00,1145.22,1145.8,1131.0,1134.32,48813.0,0.0,-10.890015,-0.009509186
2015-07-19 16:00:00,1131.8,1132.97,1073.33,1097.41,61526.0,0.0,-36.909912,-0.03253924
2015-07-20 16:00:00,1097.2,1109.78,1096.89,1102.97,58131.0,0.0,5.5599365,0.0050664167
2015-07-21 16:00:00,1102.84,1103.22,1086.9,1095.21,54595.0,0.0,-7.76001,-0.0070355586
2015-07-22 16:00:00,1095.1,1105.7,1087.18,1090.93,57616.0,0.0,-4.279907,-0.0039078416
2015-07-23 16:00:00,1090.82,1101.7,1077.0,1100.5,60517.0,0.0,9.569946,0.008772282
2015-07-26 16:00:00,1095.68,1104.96,1088.34,1093.96,61238.0,0.0,-6.540039,-0.005942789
2015-07-27 16:00:00,1094.09,1098.88,1091.2,1095.28,55427.0,0.0,1.3200684,0.001206688
2015-07-28 16:00:00,1095.36,1101.71,1089.8,1097.02,57028.0,0.0,1.7399902,0.001588626
2015-07-29 16:00:00,1096.98,1098.61,1081.9,1088.31,56772.0,0.0,-8.709961,-0.007939655
2015-07-30 16:00:00,1088.38,1103.43,1079.8,1096.0,56925.0,0.0,7.6899414,0.007065947
2015-08-02 16:00:00,1094.64,1097.72,1083.6,1085.17,57828.0,0.0,-10.829956,-0.0098813465
2015-08-03 16:00:00,1085.05,1094.71,1080.3,1087.27,60147.0,0.0,2.0999756,0.001935158
2015-08-04 16:00:00,1087.19,1092.44,1082.8,1085.43,55992.0,0.0,-1.8399658,-0.0016922805
2015-08-05 16:00:00,1085.33,1093.92,1083.3,1089.68,52883.0,0.0,4.25,0.003915499
2015-08-06 16:00:00,1089.69,1099.2,1082.95,1093.9,26116.0,0.0,4.2199707,0.0038726695
2015-08-09 16:00:00,1093.01,1108.89,1092.7,1104.27,48547.0,0.0,10.369995,0.009479838
2015-08-10 16:00:00,1104.17,1119.36,1093.87,1108.82,59449.0,0.0,4.5499268,0.004120303
2015-08-11 16:00:00,1108.83,1125.86,1101.7,1124.34,62464.0,0.0,15.52002,0.01399688
2015-08-12 16:00:00,1124.33,1126.57,1113.58,1114.83,56709.0,0.0,-9.51001,-0.008458304
2015-08-13 16:00:00,1114.63,1121.04,1111.5,1114.56,53372.0,0.0,-0.26989746,-0.00024209742
2015-08-16 16:00:00,1114.33,1122.74,1113.6,1117.11,57294.0,0.0,2.5499268,0.0022878326
2015-08-17 16:00:00,1117.1,1121.18,1109.4,1117.51,55694.0,0.0,0.4000244,0.00035808867
2015-08-18 16:00:00,1117.49,1134.6,1115.9,1132.87,61231.0,0.0,15.359985,0.01374483
2015-08-19 16:00:00,1132.89,1155.09,1132.4,1154.87,59046.0,0.0,22.0,0.019419704
2015-08-20 16:00:00,1154.8,1168.24,1148.6,1160.23,62780.0,0.0,5.3599854,0.0046412023
2015-08-23 16:00:00,1163.26,1170.05,1146.25,1151.57,68493.0,0.0,-8.660034,-0.007464067
2015-08-24 16:00:00,1151.56,1156.53,1134.6,1143.38,65144.0,0.0,-8.189941,-0.007111979
2015-08-25 16:00:00,1143.29,1146.43,1117.6,1123.37,63776.0,0.0,-20.01001,-0.017500753
2015-08-26 16:00:00,1123.53,1129.21,1118.2,1125.97,62718.0,0.0,2.5999756,0.0023144428
2015-08-27 16:00:00,1125.93,1140.77,1123.6,1133.07,58364.0,0.0,7.0999756,0.0063056527
2015-08-30 16:00:00,1132.59,1136.54,1125.77,1135.37,57572.0,0.0,2.3000488,0.0020299265
2015-08-31 16:00:00,1135.48,1147.79,1134.28,1139.72,61052.0,0.0,4.3499756,0.0038313286
2015-09-01 16:00:00,1139.76,1142.45,1132.0,1133.0,59413.0,0.0,-6.7199707,-0.0058961594
2015-09-02 16:00:00,1132.95,1134.32,1121.7,1124.91,54628.0,0.0,-8.089966,-0.0071403054
2015-09-03 16:00:00,1124.9,1131.89,1116.8,1121.24,53225.0,0.0,-3.670044,-0.0032625222
2015-09-06 16:00:00,1122.26,1124.79,1115.99,1120.08,41898.0,0.0,-1.1600342,-0.0010345994
2015-09-07 16:00:00,1120.0,1126.58,1118.5,1122.34,56408.0,0.0,2.2600098,0.0020177218
2015-09-08 16:00:00,1122.28,1125.35,1101.19,1107.12,58328.0,0.0,-15.219971,-0.0135609275
2015-09-09 16:00:00,1107.05,1114.92,1103.79,1111.9,58464.0,0.0,4.7800293,0.004317535
2015-09-10 16:00:00,1111.78,1112.87,1098.6,1107.26,52701.0,0.0,-4.6400146,-0.00417305
2015-09-13 16:00:00,1106.08,1110.44,1103.3,1108.26,51190.0,0.0,1.0,0.0009031302
2015-09-14 16:00:00,1108.22,1109.4,1102.49,1105.56,48121.0,0.0,-2.6999512,-0.0024362074
2015-09-15 16:00:00,1105.59,1124.23,1103.8,1119.75,54690.0,0.0,14.189941,0.0128350705
2015-09-16 16:00:00,1119.66,1134.0,1115.3,1132.15,59080.0,0.0,12.400024,0.011073922
2015-09-17 16:00:00,1132.12,1141.61,1127.3,1138.9,58473.0,0.0,6.75,0.0059621073
2015-09-20 16:00:00,1137.63,1139.85,1129.48,1132.79,51262.0,0.0,-6.1099854,-0.005364813
2015-09-21 16:00:00,1132.8,1136.32,1121.1,1125.12,52857.0,0.0,-7.670044,-0.0067709316
2015-09-22 16:00:00,1124.98,1134.16,1121.2,1130.84,52483.0,0.0,5.7199707,0.005083876
2015-09-23 16:00:00,1130.77,1156.71,1130.2,1150.02,60529.0,0.0,19.180054,0.016960891
2015-09-24 16:00:00,1149.93,1151.18,1140.7,1145.87,59757.0,0.0,-4.1500244,-0.003608654
2015-09-27 16:00:00,1146.11,1148.08,1128.0,1132.08,59104.0,0.0,-13.790039,-0.012034558
2015-09-28 16:00:00,1132.01,1134.56,1124.3,1126.3,58653.0,0.0,-5.779907,-0.0051055644
2015-09-29 16:00:00,1126.17,1128.17,1111.4,1115.2,59812.0,0.0,-11.100098,-0.009855364
2015-09-30 16:00:00,1115.15,1119.1,1111.01,1113.89,54780.0,0.0,-1.3099365,-0.0011746204
2015-10-01 16:00:00,1113.77,1141.3,1104.59,1137.52,55353.0,0.0,23.630005,0.021213949
2015-10-04 16:00:00,1137.05,1141.83,1130.01,1136.29,58691.0,0.0,-1.2299805,-0.0010812825
2015-10-05 16:00:00,1136.18,1151.12,1134.8,1146.18,55405.0,0.0,9.890015,0.008703777
2015-10-06 16:00:00,1146.23,1153.3,1141.56,1145.93,15730.0,0.0,-0.25,-0.00021811582
2015-10-07 16:00:00,1145.91,1151.24,1136.65,1139.84,55543.0,0.0,-6.090088,-0.0053145373
2015-10-08 16:00:00,1139.76,1159.7,1139.2,1155.58,58471.0,0.0,15.73999,0.013808947
2015-10-11 16:00:00,1155.31,1169.0,1154.7,1163.6,53004.0,0.0,8.02002,0.006940255
2015-10-12 16:00:00,1163.52,1168.95,1151.7,1168.6,59822.0,0.0,5.0,0.004297009
2015-10-13 16:00:00,1168.64,1189.81,1163.43,1184.07,62325.0,0.0,15.469971,0.013238038
2015-10-14 16:00:00,1184.02,1191.34,1174.7,1182.1,60907.0,0.0,-1.9699707,-0.0016637283
2015-10-15 16:00:00,1182.09,1184.32,1174.29,1176.55,57379.0,0.0,-5.5499268,-0.004694972
2015-10-18 16:00:00,1175.7,1178.04,1168.4,1169.89,57575.0,0.0,-6.660034,-0.0056606466
2015-10-19 16:00:00,1170.1,1180.85,1167.2,1176.25,58590.0,0.0,6.3599854,0.0054363958
2015-10-20 16:00:00,1176.13,1179.21,1163.73,1166.77,59210.0,0.0,-9.47998,-0.008059494
2015-10-21 16:00:00,1166.47,1171.74,1162.63,1166.25,61705.0,0.0,-0.52001953,-0.00044569155
2015-10-22 16:00:00,1166.31,1179.37,1158.8,1163.81,61213.0,0.0,-2.4399414,-0.0020921256
2015-10-25 16:00:00,1162.93,1169.49,1162.09,1163.63,58742.0,0.0,-0.18005371,-0.00015471056
2015-10-26 16:00:00,1163.62,1168.6,1160.59,1167.19,57759.0,0.0,3.5599365,0.0030593371
2015-10-27 16:00:00,1167.12,1182.5,1152.0,1157.26,35804.0,0.0,-9.929932,-0.008507554
2015-10-28 16:00:00,1157.24,1162.36,1144.3,1146.5,46448.0,0.0,-10.76001,-0.009297833
2015-10-29 16:00:00,1146.48,1150.06,1139.0,1141.6,60108.0,0.0,-4.9000244,-0.0042738984
2015-11-01 16:00:00,1141.6,1142.92,1132.4,1132.6,59000.0,0.0,-9.0,-0.007883673
2015-11-02 16:00:00,1133.15,1138.3,1114.1,1117.5,59625.0,0.0,-15.099976,-0.013332135
2015-11-03 16:00:00,1117.45,1122.85,1105.9,1107.3,64573.0,0.0,-10.199951,-0.009127473
2015-11-04 16:00:00,1107.49,1111.48,1102.6,1103.6,61355.0,0.0,-3.7000732,-0.0033415272
2015-11-05 16:00:00,1104.08,1110.39,1084.9,1089.32,57180.0,0.0,-14.280029,-0.012939498
2015-11-08 16:00:00,1089.88,1095.64,1087.9,1091.1,59034.0,0.0,1.7800293,0.0016340739
2015-11-09 16:00:00,1091.68,1094.66,1085.2,1089.83,55276.0,0.0,-1.2700195,-0.0011639809
2015-11-10 16:00:00,1089.25,1093.6,1083.9,1085.85,56403.0,0.0,-3.9799805,-0.003651928
2015-11-11 16:00:00,1085.96,1089.42,1074.08,1084.85,59207.0,0.0,-1.0,-0.0009209375
2015-11-12 16:00:00,1083.85,1088.47,1079.6,1083.89,61055.0,0.0,-0.95996094,-0.000884879
2015-11-15 16:00:00,1089.86,1098.12,1081.2,1083.17,62325.0,0.0,-0.7199707,-0.000664247
2015-11-16 16:00:00,1083.22,1084.69,1065.44,1069.87,61346.0,0.0,-13.300049,-0.0122788185
2015-11-17 16:00:00,1071.22,1075.4,1065.3,1069.92,63177.0,0.0,0.050048828,4.678029e-05
2015-11-18 16:00:00,1069.98,1087.3,1069.53,1081.7,64208.0,0.0,11.779907,0.0110100815
2015-11-19 16:00:00,1080.91,1088.05,1075.7,1076.77,62450.0,0.0,-4.9299316,-0.004557578
2015-11-22 16:00:00,1076.8,1077.1,1066.71,1068.84,652429.0,0.0,-7.9300537,-0.007364668
2015-11-23 16:00:00,1068.85,1081.0,1068.64,1075.09,60834.0,0.0,6.25,0.005847461
2015-11-24 16:00:00,1075.11,1080.81,1067.9,1070.68,82200.0,0.0,-4.409912,-0.0041019004
2015-11-25 16:00:00,1071.05,1074.9,1069.6,1071.27,45132.0,0.0,0.5899658,0.00055101974
2015-11-26 16:00:00,1071.7,1073.8,1052.5,1057.49,51496.0,0.0,-13.780029,-0.012863264
2015-11-29 16:00:00,1057.64,1069.66,1053.11,1064.84,64937.0,0.0,7.3499756,0.0069503975
2015-11-30 16:00:00,1064.83,1074.7,1063.15,1069.0,61382.0,0.0,4.160034,0.0039067226
2015-12-01 16:00:00,1068.1,1071.5,1050.54,1053.66,59195.0,0.0,-15.339966,-0.014349828
2015-12-02 16:00:00,1053.75,1065.43,1046.24,1062.7,65386.0,0.0,9.039917,0.008579538
2015-12-03 16:00:00,1062.7,1088.84,1058.1,1085.83,64079.0,0.0,23.130005,0.02176532
2015-12-06 16:00:00,1086.1,1086.64,1066.15,1070.65,56978.0,0.0,-15.179932,-0.013980026
2015-12-07 16:00:00,1071.39,1078.96,1067.5,1074.55,56999.0,0.0,3.9000244,0.0036426696
2015-12-08 16:00:00,1074.85,1085.3,1069.4,1072.34,54794.0,0.0,-2.210083,-0.002056752
2015-12-09 16:00:00,1071.9,1076.39,1069.3,1071.7,1728697.0,0.0,-0.64001465,-0.0005968393
2015-12-10 16:00:00,1071.64,1079.66,1062.3,1074.13,59522.0,0.0,2.4300537,0.0022674757
2015-12-13 16:00:00,1073.3,1077.51,1058.66,1060.5,58154.0,0.0,-13.630005,-0.012689344
2015-12-14 16:00:00,1059.78,1068.61,1059.4,1060.87,57729.0,0.0,0.36999512,0.00034888744
2015-12-15 16:00:00,1060.86,1078.28,1060.5,1072.6,105026.0,0.0,11.72998,0.011056945
2015-12-16 16:00:00,1072.95,1073.27,1047.4,1050.94,57928.0,0.0,-21.660034,-0.020193953
2015-12-17 16:00:00,1052.24,1071.41,1050.76,1065.67,56267.0,0.0,14.730103,0.014016123
2015-12-20 16:00:00,1065.8,1081.65,1063.78,1078.4,53312.0,0.0,12.72998,0.011945518
2015-12-21 16:00:00,1078.22,1080.74,1071.6,1072.39,352098.0,0.0,-6.01001,-0.00557308
2015-12-22 16:00:00,1072.5,1075.5,1068.2,1070.04,49890.0,0.0,-2.3499756,-0.002191344
2015-12-23 16:00:00,1069.81,1077.11,1069.81,1076.45,42566.0,0.0,6.409912,0.005990348
2015-12-24 16:00:00,1076.45,1076.65,1075.89,1076.45,11.0,0.0,0.0,0.0
2015-12-27 16:00:00,1075.72,1077.0,1066.3,1068.69,54279.0,0.0,-7.76001,-0.0072088903
2015-12-28 16:00:00,1068.61,1075.25,1067.2,1068.6,53742.0,0.0,-0.08996582,-8.418327e-05
2015-12-29 16:00:00,1068.76,1072.21,1059.3,1061.01,51412.0,0.0,-7.589966,-0.0071027195
2015-12-30 16:00:00,1060.98,1063.5,1058.0,1061.99,51071.0,0.0,0.97998047,0.0009236298
2015-12-31 16:00:00,1061.25,1061.99,1061.0,1061.0,7.0,0.0,-0.98999023,-0.00093220297
2016-01-03 16:00:00,1062.43,1083.45,1061.5,1073.9,95977.0,0.0,12.900024,0.012158364
2016-01-04 16:00:00,1073.58,1081.95,1072.5,1077.22,55089.0,0.0,3.3199463,0.0030914855
2016-01-05 16:00:00,1077.1,1095.25,1074.8,1093.84,59185.0,0.0,16.619995,0.015428599
2016-01-06 16:00:00,1093.6,1110.07,1091.28,1108.7,63851.0,0.0,14.859985,0.013585155
2016-01-07 16:00:00,1108.75,1112.41,1092.6,1103.72,61792.0,0.0,-4.9799805,-0.0044917297
2016-01-10 16:00:00,1103.61,1108.39,1093.6,1094.21,63360.0,0.0,-9.51001,-0.0086163245
2016-01-11 16:00:00,1094.45,1099.09,1083.0,1086.73,62163.0,0.0,-7.4799805,-0.0068359645
2016-01-12 16:00:00,1086.76,1095.32,1079.6,1093.32,59816.0,0.0,6.589966,0.006064032
2016-01-13 16:00:00,1093.33,1095.25,1071.3,1079.1,61523.0,0.0,-14.219971,-0.01300623
2016-01-14 16:00:00,1079.1,1097.22,1075.8,1088.57,63964.0,0.0,9.469971,0.008775805
2016-01-17 16:00:00,1088.97,1093.26,1087.41,1088.7,47418.0,0.0,0.13000488,0.00011942722
2016-01-18 16:00:00,1088.98,1094.59,1082.59,1087.07,63239.0,0.0,-1.6300049,-0.001497203
2016-01-19 16:00:00,1087.03,1109.5,1087.03,1100.4,462798.0,0.0,13.330078,0.012262392
2016-01-20 16:00:00,1100.43,1104.52,1092.3,1101.1,65119.0,0.0,0.6999512,0.0006360879
2016-01-21 16:00:00,1101.26,1102.74,1093.97,1097.6,59532.0,0.0,-3.5,-0.0031786396
2016-01-24 16:00:00,1097.43,1108.93,1096.9,1107.98,57192.0,0.0,10.380005,0.009457001
2016-01-25 16:00:00,1108.08,1122.91,1106.94,1119.34,112280.0,0.0,11.359985,0.01025288
2016-01-26 16:00:00,1119.63,1128.04,1114.87,1124.25,59509.0,0.0,4.910034,0.004386544
2016-01-27 16:00:00,1125.22,1125.81,1111.2,1114.27,60321.0,0.0,-9.97998,-0.008877012
2016-01-28 16:00:00,1114.25,1118.37,1108.45,1117.69,55170.0,0.0,3.4199219,0.0030692038
2016-01-31 16:00:00,1117.6,1129.75,1115.44,1127.87,58468.0,0.0,10.180054,0.00910812
2016-02-01 16:00:00,1128.08,1130.87,1122.27,1128.86,54940.0,0.0,0.98999023,0.0008777521
2016-02-02 16:00:00,1128.93,1145.5,1124.3,1141.7,60191.0,0.0,12.839966,0.011374277
2016-02-03 16:00:00,1141.64,1157.38,1139.55,1155.3,63771.0,0.0,13.600098,0.011912147
2016-02-04 16:00:00,1154.9,1174.48,1145.14,1173.05,63263.0,0.0,17.75,0.0153639745
2016-02-07 16:00:00,1172.58,1200.89,1163.8,1188.78,62945.0,0.0,15.72998,0.013409471
2016-02-08 16:00:00,1188.36,1198.88,1185.57,1188.91,65190.0,0.0,0.13000488,0.00010935991
2016-02-09 16:00:00,1189.07,1197.69,1180.9,1196.85,64434.0,0.0,7.9399414,0.0066783368
2016-02-10 16:00:00,1197.05,1263.19,1195.5,1245.2,67915.0,0.0,48.349976,0.040397692
2016-02-11 16:00:00,1245.84,1248.16,1232.2,1237.36,67673.0,0.0,-7.839966,-0.00629615
2016-02-14 16:00:00,1235.17,1235.35,1201.8,1208.0,53710.0,0.0,-29.359985,-0.023727925
2016-02-15 16:00:00,1208.4,1216.91,1190.6,1199.85,67494.0,0.0,-8.150024,-0.006746709
2016-02-16 16:00:00,1200.81,1213.66,1195.4,1208.0,67468.0,0.0,8.150024,0.006792536
2016-02-17 16:00:00,1208.65,1239.9,1200.74,1230.51,65424.0,0.0,22.51001,0.018634114
2016-02-18 16:00:00,1230.37,1234.48,1219.7,1225.83,65781.0,0.0,-4.6800537,-0.0038033447
2016-02-21 16:00:00,1225.35,1226.21,1201.93,1207.5,65421.0,0.0,-18.329956,-0.014953098
2016-02-22 16:00:00,1208.37,1228.18,1206.7,1224.75,181778.0,0.0,17.25,0.014285714
2016-02-23 16:00:00,1224.7,1253.18,1221.83,1227.54,69142.0,0.0,2.790039,0.0022780478
2016-02-24 16:00:00,1227.55,1242.73,1221.03,1231.39,71235.0,0.0,3.8499756,0.003136334
2016-02-25 16:00:00,1231.88,1240.25,1211.1,1222.15,66940.0,0.0,-9.23999,-0.0075037074
2016-02-28 16:00:00,1222.41,1241.05,1215.65,1238.22,66612.0,0.0,16.069946,0.013148915
2016-02-29 16:00:00,1238.12,1248.56,1227.22,1231.51,67252.0,0.0,-6.709961,-0.005419038
2016-03-01 16:00:00,1231.49,1243.96,1224.5,1240.05,65174.0,0.0,8.540039,0.006934608
2016-03-02 16:00:00,1239.83,1268.13,1237.0,1263.37,66761.0,0.0,23.319946,0.01880565
2016-03-03 16:00:00,1263.37,1279.78,1250.3,1258.59,68248.0,0.0,-4.7800293,-0.0037835545
2016-03-06 16:00:00,1259.68,1273.14,1256.65,1266.92,66156.0,0.0,8.330078,0.00661858
2016-03-07 16:00:00,1265.23,1277.99,1260.1,1261.3,66821.0,0.0,-5.619995,-0.004435951
2016-03-08 16:00:00,1261.26,1264.9,1242.9,1252.55,65660.0,0.0,-8.75,-0.006937287
2016-03-09 16:00:00,1252.49,1273.35,1237.04,1270.84,65876.0,0.0,18.289917,0.014602144
2016-03-10 16:00:00,1270.86,1282.74,1248.1,1250.13,67575.0,0.0,-20.70996,-0.016296277
2016-03-13 16:00:00,1250.89,1261.06,1229.1,1235.19,61110.0,0.0,-14.940063,-0.011950808
2016-03-14 16:00:00,1235.24,1237.79,1225.68,1232.55,62879.0,0.0,-2.6398926,-0.002137236
2016-03-15 16:00:00,1232.54,1263.98,1226.68,1259.9,64061.0,0.0,27.349976,0.02218975
2016-03-16 16:00:00,1259.89,1270.85,1254.3,1259.04,67379.0,0.0,-0.85998535,-0.0006825822
2016-03-17 16:00:00,1258.92,1266.85,1247.75,1255.18,63977.0,0.0,-3.8599854,-0.0030658161
2016-03-20 16:00:00,1255.42,1255.71,1240.6,1243.73,63269.0,0.0,-11.450073,-0.009122255
2016-03-21 16:00:00,1243.75,1259.96,1241.9,1247.55,64140.0,0.0,3.8200684,0.003071461
2016-03-22 16:00:00,1247.48,1249.4,1214.9,1222.45,63922.0,0.0,-25.100098,-0.020119512
2016-03-23 16:00:00,1222.58,1223.82,1212.66,1216.58,61364.0,0.0,-5.869995,-0.0048018284
2016-03-24 16:00:00,1216.82,1216.82,1216.7,1216.7,4.0,0.0,0.11999512,9.863315e-05
2016-03-27 16:00:00,1214.09,1222.93,1208.24,1221.24,57799.0,0.0,4.540039,0.0037314368
2016-03-28 16:00:00,1221.18,1243.1,1215.23,1239.42,64688.0,0.0,18.180054,0.0148865525
2016-03-29 16:00:00,1239.47,1243.88,1223.2,1225.28,64498.0,0.0,-14.140015,-0.011408574
2016-03-30 16:00:00,1225.24,1240.38,1223.4,1231.73,65110.0,0.0,6.449951,0.005264063
2016-03-31 16:00:00,1231.62,1235.2,1208.7,1221.82,61781.0,0.0,-9.910034,-0.008045622
2016-04-03 16:00:00,1218.62,1222.54,1214.2,1216.11,63214.0,0.0,-5.709961,-0.0046733245
2016-04-04 16:00:00,1216.15,1236.64,1214.6,1229.62,67080.0,0.0,13.51001,0.0111092
2016-04-05 16:00:00,1229.22,1232.15,1217.1,1223.15,64818.0,0.0,-6.4699707,-0.0052617644
2016-04-06 16:00:00,1223.14,1243.25,1222.8,1240.29,67250.0,0.0,17.140015,0.014013011
2016-04-07 16:00:00,1240.2,1242.79,1229.5,1239.14,62250.0,0.0,-1.1500244,-0.00092722214
2016-04-10 16:00:00,1245.0,1259.2,1243.8,1258.26,67058.0,0.0,19.119995,0.015430052
2016-04-11 16:00:00,1258.11,1262.53,1251.21,1256.04,65347.0,0.0,-2.2199707,-0.001764318
2016-04-12 16:00:00,1256.0,1256.71,1239.4,1241.54,64725.0,0.0,-14.5,-0.011544218
2016-04-13 16:00:00,1241.37,1244.02,1223.5,1227.97,65518.0,0.0,-13.570068,-0.010930029
2016-04-14 16:00:00,1227.98,1235.89,1224.9,1233.74,61121.0,0.0,5.7700195,0.004698828
2016-04-17 16:00:00,1238.13,1241.61,1229.85,1231.75,61333.0,0.0,-1.9899902,-0.0016129737
2016-04-18 16:00:00,1231.6,1256.64,1227.0,1250.23,63231.0,0.0,18.47998,0.015003028
2016-04-19 16:00:00,1250.32,1257.93,1242.1,1244.39,65346.0,0.0,-5.839966,-0.004671113
2016-04-20 16:00:00,1244.34,1270.2,1243.0,1249.58,64733.0,0.0,5.1899414,0.004170671
2016-04-21 16:00:00,1249.6,1252.6,1227.1,1232.05,62307.0,0.0,-17.529907,-0.0140286395
2016-04-24 16:00:00,1231.41,1242.26,1230.0,1237.53,60257.0,0.0,5.4799805,0.0044478555
2016-04-25 16:00:00,1237.3,1244.68,1231.28,1242.76,59474.0,0.0,5.2299805,0.0042261444
2016-04-26 16:00:00,1242.61,1252.75,1239.62,1245.03,59777.0,0.0,2.2700195,0.0018265953
2016-04-27 16:00:00,1245.11,1269.61,1237.83,1265.68,64153.0,0.0,20.650024,0.016585965
2016-04-28 16:00:00,1265.91,1296.69,1264.8,1292.54,61171.0,0.0,26.859985,0.021221781
2016-05-01 16:00:00,1291.92,1303.72,1287.64,1291.87,61101.0,0.0,-0.67004395,-0.0005183932
2016-05-02 16:00:00,1291.82,1301.73,1282.0,1284.7,62719.0,0.0,-7.170044,-0.005550128
2016-05-03 16:00:00,1285.01,1289.66,1271.7,1281.46,62892.0,0.0,-3.2399902,-0.002521982
2016-05-04 16:00:00,1281.35,1286.41,1268.79,1277.04,64220.0,0.0,-4.419922,-0.0034491299
2016-05-05 16:00:00,1277.12,1295.51,1274.2,1288.06,61597.0,0.0,11.02002,0.008629345
2016-05-08 16:00:00,1286.76,1287.58,1261.17,1264.41,63962.0,0.0,-23.650024,-0.018360965
2016-05-09 16:00:00,1264.44,1269.4,1256.76,1266.62,62102.0,0.0,2.209961,0.0017478198
2016-05-10 16:00:00,1266.6,1278.9,1264.6,1278.24,61499.0,0.0,11.619995,0.009174018
2016-05-11 16:00:00,1278.3,1280.8,1261.57,1265.19,63501.0,0.0,-13.050049,-0.010209389
2016-05-12 16:00:00,1265.1,1276.29,1262.92,1272.45,59738.0,0.0,7.26001,0.0057382765
2016-05-15 16:00:00,1272.64,1288.58,1270.7,1274.74,64559.0,0.0,2.290039,0.0017997086
2016-05-16 16:00:00,1274.96,1282.15,1269.08,1280.42,64436.0,0.0,5.6800537,0.004455853
2016-05-17 16:00:00,1280.41,1280.59,1254.9,1260.45,66852.0,0.0,-19.970093,-0.015596516
2016-05-18 16:00:00,1260.54,1261.26,1243.7,1256.71,63379.0,0.0,-3.7399902,-0.0029671867
2016-05-19 16:00:00,1256.37,1259.94,1248.5,1251.92,58382.0,0.0,-4.789917,-0.0038114737
2016-05-22 16:00:00,1251.4,1255.61,1242.9,1249.69,41967.0,0.0,-2.2301025,-0.0017813458
2016-05-23 16:00:00,1249.85,1252.16,1226.23,1227.53,61999.0,0.0,-22.159912,-0.017732328
2016-05-24 16:00:00,1227.45,1230.21,1217.67,1222.96,61821.0,0.0,-4.5700684,-0.0037229788
2016-05-25 16:00:00,1222.71,1234.15,1218.34,1219.73,60945.0,0.0,-3.2299805,-0.0026411172
2016-05-26 16:00:00,1219.85,1223.41,1206.73,1212.52,59831.0,0.0,-7.209961,-0.0059111123
2016-05-29 16:00:00,1209.0,1210.91,1199.79,1209.45,48154.0,0.0,-3.0700684,-0.0025319734
2016-05-30 16:00:00,1209.36,1218.25,1208.2,1215.22,61704.0,0.0,5.7700195,0.00477078
2016-05-31 16:00:00,1215.35,1220.43,1205.88,1213.38,60241.0,0.0,-1.8399658,-0.001514101
2016-06-01 16:00:00,1213.28,1217.62,1206.8,1208.13,60842.0,0.0,-5.25,-0.0043267566
2016-06-02 16:00:00,1208.03,1244.75,1207.4,1243.83,22427.0,0.0,35.69995,0.029549759
2016-06-05 16:00:00,1242.62,1248.76,1239.8,1244.95,61330.0,0.0,1.1199951,0.0009004407
2016-06-06 16:00:00,1244.94,1246.59,1234.64,1243.25,57829.0,0.0,-1.6999512,-0.0013654776
2016-06-07 16:00:00,1243.99,1264.42,1242.8,1262.25,59012.0,0.0,19.0,0.015282526
2016-06-08 16:00:00,1261.75,1271.72,1256.6,1269.32,59525.0,0.0,7.0699463,0.0056010666
2016-06-09 16:00:00,1268.74,1278.13,1264.3,1273.58,58729.0,0.0,4.26001,0.0033561355
2016-06-12 16:00:00,1275.63,1287.2,1272.3,1282.1,63359.0,0.0,8.52002,0.006689819
2016-06-13 16:00:00,1282.2,1289.83,1275.8,1284.6,67093.0,0.0,2.5,0.0019499259
2016-06-14 16:00:00,1284.6,1296.84,1277.9,1291.5,70063.0,0.0,6.9000244,0.005371341
2016-06-15 16:00:00,1291.82,1315.61,1276.8,1278.3,73243.0,0.0,-13.199951,-0.010220636
2016-06-16 16:00:00,1278.1,1299.58,1276.0,1298.18,70919.0,0.0,19.880005,0.015551908
2016-06-19 16:00:00,1289.04,1292.27,1277.4,1289.9,69866.0,0.0,-8.280029,-0.0063781827
2016-06-20 16:00:00,1289.1,1294.26,1263.8,1267.5,68679.0,0.0,-22.400024,-0.017365705
2016-06-21 16:00:00,1267.6,1270.69,1260.4,1265.8,68071.0,0.0,-1.6999512,-0.0013411844
2016-06-22 16:00:00,1265.7,1271.91,1254.2,1256.0,68583.0,0.0,-9.800049,-0.0077421777
2016-06-23 16:00:00,1251.48,1358.8,1250.0,1315.93,60742.0,0.0,59.930054,0.047715012
2016-06-26 16:00:00,1321.96,1335.43,1317.3,1324.8,73567.0,0.0,8.869995,0.006740476
2016-06-27 16:00:00,1325.1,1326.24,1304.9,1311.76,70710.0,0.0,-13.040039,-0.009843024
2016-06-28 16:00:00,1312.1,1327.82,1310.13,1317.7,68542.0,0.0,5.9399414,0.0045282226
2016-06-29 16:00:00,1317.8,1324.18,1312.2,1321.51,69199.0,0.0,3.8100586,0.0028914462
2016-06-30 16:00:00,1321.88,1344.53,1319.8,1343.4,69738.0,0.0,21.890015,0.016564395
2016-07-03 16:00:00,1342.38,1357.5,1335.75,1348.1,58347.0,0.0,4.699951,0.0034985493
2016-07-04 16:00:00,1348.2,1357.62,1337.3,1355.1,69987.0,0.0,7.0,0.005192493
2016-07-05 16:00:00,1354.8,1375.15,1354.2,1362.3,71487.0,0.0,7.2000732,0.005313315
2016-07-06 16:00:00,1362.5,1370.71,1349.6,1360.1,70748.0,0.0,-2.2000732,-0.0016149697
2016-07-07 16:00:00,1359.97,1370.25,1335.38,1365.85,71088.0,0.0,5.75,0.0042276303
2016-07-10 16:00:00,1367.42,1375.12,1350.1,1354.6,76999.0,0.0,-11.25,-0.008236629
2016-07-11 16:00:00,1354.5,1357.67,1329.1,1332.8,76336.0,0.0,-21.799927,-0.016093258
2016-07-12 16:00:00,1333.1,1345.28,1326.3,1341.7,75741.0,0.0,8.899902,0.0066775978
2016-07-13 16:00:00,1341.8,1347.13,1319.3,1334.1,76429.0,0.0,-7.5999756,-0.0056644375
2016-07-14 16:00:00,1335.17,1338.72,1322.46,1337.25,76668.0,0.0,3.1500244,0.0023611607
2016-07-17 16:00:00,1332.04,1335.48,1322.9,1328.3,75031.0,0.0,-8.949951,-0.0066928035
2016-07-18 16:00:00,1328.3,1335.04,1325.1,1331.6,74786.0,0.0,3.2999268,0.0024843232
2016-07-19 16:00:00,1331.5,1338.4,1312.6,1317.66,68034.0,0.0,-13.939941,-0.010468565
2016-07-20 16:00:00,1316.17,1333.91,1310.0,1330.6,64348.0,0.0,12.939941,0.009820394
2016-07-21 16:00:00,1331.01,1333.75,1319.53,1321.91,75901.0,0.0,-8.689941,-0.0065308446
2016-07-24 16:00:00,1322.99,1323.84,1311.3,1315.2,74731.0,0.0,-6.710083,-0.005076051
2016-07-25 16:00:00,1315.1,1324.51,1313.2,1319.5,75780.0,0.0,4.300049,0.003269502
2016-07-26 16:00:00,1319.62,1342.42,1315.3,1341.0,76135.0,0.0,21.5,0.016294051
2016-07-27 16:00:00,1341.0,1345.56,1331.5,1335.05,76042.0,0.0,-5.949951,-0.004436951
2016-07-28 16:00:00,1335.45,1355.01,1327.5,1350.57,75740.0,0.0,15.519897,0.011624956
2016-07-29 16:00:00,1350.75,1350.75,1350.75,1350.75,4.0,0.0,0.18005371,0.00013331683
2016-07-30 16:00:00,1335.45,1355.01,1327.5,1350.57,8.0,0.0,-0.18005371,-0.00013329907
2016-07-31 16:00:00,1350.38,1354.94,1345.8,1353.1,74974.0,0.0,2.5300293,0.001873305
2016-08-01 16:00:00,1353.0,1367.3,1346.4,1362.7,75073.0,0.0,9.599976,0.0070948014
2016-08-02 16:00:00,1362.8,1366.47,1353.3,1357.4,75020.0,0.0,-5.2999268,-0.0038892836
2016-08-03 16:00:00,1357.3,1365.01,1347.8,1361.2,74681.0,0.0,3.7999268,0.0027994155
2016-08-04 16:00:00,1360.87,1364.66,1334.62,1335.36,74086.0,0.0,-25.839966,-0.018983226
2016-08-05 16:00:00,1336.77,1336.77,1336.77,1336.77,3.0,0.0,1.4100342,0.0010559206
2016-08-06 16:00:00,1360.87,1364.66,1334.62,1336.54,10.0,0.0,-0.22998047,-0.00017204191
2016-08-07 16:00:00,1335.29,1338.32,1329.0,1334.9,74947.0,0.0,-1.6400146,-0.0012270599
2016-08-08 16:00:00,1334.6,1342.6,1330.0,1340.7,72853.0,0.0,5.7999268,0.0043448396
2016-08-09 16:00:00,1340.9,1357.4,1339.47,1347.0,75055.0,0.0,6.300049,0.004699074
2016-08-10 16:00:00,1347.1,1353.37,1335.6,1338.5,74638.0,0.0,-8.5,-0.006310319
2016-08-11 16:00:00,1338.41,1356.02,1333.24,1335.49,75006.0,0.0,-3.0100098,-0.0022487931
2016-08-12 16:00:00,1337.1,1337.1,1337.1,1337.1,1.0,0.0,1.6099854,0.0012055391
2016-08-13 16:00:00,1335.49,1335.49,1335.49,1335.49,1.0,0.0,-1.6099854,-0.0012040875
2016-08-14 16:00:00,1338.1,1343.81,1335.5,1338.85,64810.0,0.0,3.3599854,0.0025159195
2016-08-15 16:00:00,1339.55,1358.05,1339.1,1345.1,74850.0,0.0,6.25,0.0046681855
2016-08-16 16:00:00,1345.2,1351.64,1335.65,1347.9,73983.0,0.0,2.8000488,0.002081666
2016-08-17 16:00:00,1347.3,1356.09,1345.5,1351.2,76548.0,0.0,3.2999268,0.0024481984
2016-08-18 16:00:00,1352.35,1352.83,1337.59,1340.9,75852.0,0.0,-10.299927,-0.0076228
2016-08-19 16:00:00,1340.02,1340.02,1340.02,1340.02,1.0,0.0,-0.8800049,-0.00065627927
2016-08-20 16:00:00,1351.3,1352.86,1336.6,1340.9,15.0,0.0,0.8800049,0.00065671024
2016-08-21 16:00:00,1340.65,1341.2,1331.6,1339.1,77373.0,0.0,-1.8000488,-0.0013424184
2016-08-22 16:00:00,1339.2,1344.78,1334.8,1337.3,75912.0,0.0,-1.7999268,-0.0013441318
2016-08-23 16:00:00,1337.4,1340.13,1322.8,1323.5,76008.0,0.0,-13.800049,-0.010319336
2016-08-24 16:00:00,1323.6,1327.04,1317.4,1321.3,75443.0,0.0,-2.1999512,-0.0016622223
2016-08-25 16:00:00,1321.44,1341.99,1318.3,1320.59,74810.0,0.0,-0.710083,-0.00053741236
2016-08-26 16:00:00,1321.77,1321.77,1321.77,1321.77,1.0,0.0,1.1800537,0.0008935807
2016-08-27 16:00:00,1320.94,1320.94,1320.94,1320.94,7.0,0.0,-0.8300781,-0.00062800496
2016-08-28 16:00:00,1320.6,1325.11,1314.87,1322.65,76914.0,0.0,1.710083,0.0012945955
2016-08-29 16:00:00,1323.52,1325.48,1308.6,1311.2,76193.0,0.0,-11.450073,-0.008656918
2016-08-30 16:00:00,1311.2,1316.13,1304.0,1308.7,74590.0,0.0,-2.5,-0.0019066505
2016-08-31 16:00:00,1308.6,1315.12,1302.0,1314.8,75138.0,0.0,6.1000977,0.004661189
2016-09-01 16:00:00,1313.64,1329.89,1306.48,1326.88,75147.0,0.0,12.079956,0.009187675
2016-09-02 16:00:00,1324.69,1324.69,1324.69,1324.69,2.0,0.0,-2.1900635,-0.0016505362
2016-09-03 16:00:00,1325.02,1325.02,1325.02,1325.02,5.0,0.0,0.33007812,0.00024917387
2016-09-04 16:00:00,1324.27,1328.63,1321.6,1326.83,62553.0,0.0,1.8099365,0.0013659692
2016-09-05 16:00:00,1326.78,1352.61,1324.6,1349.75,75852.0,0.0,22.920044,0.017274288
2016-09-06 16:00:00,1348.42,1352.58,1342.4,1344.9,76355.0,0.0,-4.8499756,-0.00359324
2016-09-07 16:00:00,1344.9,1349.4,1334.5,1336.5,75148.0,0.0,-8.400024,-0.0062458357
2016-09-08 16:00:00,1336.6,1339.57,1327.13,1328.0,75865.0,0.0,-8.5,-0.006359895
2016-09-09 16:00:00,1327.88,1327.88,1327.88,1327.88,2.0,0.0,-0.11999512,-9.035777e-05
2016-09-10 16:00:00,1327.77,1327.77,1327.77,1327.77,7.0,0.0,-0.10998535,-8.282778e-05
2016-09-11 16:00:00,1328.32,1330.26,1319.7,1328.1,76792.0,0.0,0.32995605,0.00024850393
2016-09-12 16:00:00,1328.0,1332.1,1315.5,1318.05,76276.0,0.0,-10.049927,-0.0075671463
2016-09-13 16:00:00,1319.09,1326.06,1313.08,1322.55,63936.0,0.0,4.5,0.0034141345
2016-09-14 16:00:00,1321.67,1328.45,1308.6,1313.95,49998.0,0.0,-8.600098,-0.0065026633
2016-09-15 16:00:00,1314.66,1318.16,1305.9,1309.85,47843.0,0.0,-4.0999756,-0.003120344
2016-09-16 16:00:00,1310.02,1310.02,1310.02,1310.02,4.0,0.0,0.17004395,0.00012981941
2016-09-17 16:00:00,1313.96,1318.08,1306.2,1309.85,6.0,0.0,-0.17004395,-0.00012980256
2016-09-18 16:00:00,1309.8,1318.5,1309.1,1312.3,76032.0,0.0,2.4500732,0.0018704991
2016-09-19 16:00:00,1311.8,1317.92,1311.4,1314.4,75293.0,0.0,2.0999756,0.0016002252
2016-09-20 16:00:00,1314.3,1337.2,1307.62,1335.4,75863.0,0.0,21.0,0.01597687
2016-09-21 16:00:00,1335.6,1343.66,1331.0,1336.1,75938.0,0.0,0.6999512,0.00052415096
2016-09-22 16:00:00,1336.56,1340.54,1333.63,1337.2,74515.0,0.0,1.0999756,0.00082327344
2016-09-23 16:00:00,1337.56,1337.56,1337.56,1337.56,3.0,0.0,0.36010742,0.0002692996
2016-09-24 16:00:00,1336.56,1340.54,1333.63,1337.12,8.0,0.0,-0.44006348,-0.00032900466
2016-09-25 16:00:00,1336.66,1342.12,1332.4,1337.35,74410.0,0.0,0.22998047,0.00017199689
2016-09-26 16:00:00,1337.5,1339.51,1324.1,1326.1,74946.0,0.0,-11.25,-0.008412158
2016-09-27 16:00:00,1326.0,1327.58,1317.2,1321.3,74075.0,0.0,-4.7999268,-0.0036195815
2016-09-28 16:00:00,1321.2,1325.83,1315.7,1320.05,75045.0,0.0,-1.25,-0.00094603794
2016-09-29 16:00:00,1320.22,1328.03,1313.15,1315.53,75185.0,0.0,-4.5200195,-0.0034241274
2016-09-30 16:00:00,1316.55,1316.55,1316.55,1316.55,2.0,0.0,1.0200195,0.0007753677
2016-10-01 16:00:00,1315.77,1315.77,1315.77,1315.77,8.0,0.0,-0.7800293,-0.0005924798
2016-10-02 16:00:00,1318.41,1319.62,1308.1,1310.3,75633.0,0.0,-5.4699707,-0.004157239
2016-10-03 16:00:00,1310.9,1313.02,1265.9,1268.1,77226.0,0.0,-42.200073,-0.03220642
2016-10-04 16:00:00,1267.9,1277.16,1261.3,1266.1,77034.0,0.0,-2.0,-0.0015771628
2016-10-05 16:00:00,1266.71,1269.41,1249.0,1253.9,76276.0,0.0,-12.199951,-0.009635852
2016-10-06 16:00:00,1254.35,1265.3,1241.34,1257.25,76143.0,0.0,3.3499756,0.0026716448
2016-10-07 16:00:00,1256.97,1256.97,1256.97,1256.97,1.0,0.0,-0.2800293,-0.0002227316
2016-10-08 16:00:00,1254.35,1265.3,1241.34,1256.61,10.0,0.0,-0.35998535,-0.00028639138
2016-10-09 16:00:00,1256.32,1264.93,1256.3,1260.45,46446.0,0.0,3.8399658,0.0030558135
2016-10-10 16:00:00,1259.32,1262.19,1251.74,1252.75,59944.0,0.0,-7.699951,-0.0061088908
2016-10-11 16:00:00,1252.26,1258.9,1249.5,1254.75,76010.0,0.0,2.0,0.0015964877
2016-10-12 16:00:00,1255.65,1262.31,1252.9,1261.05,52584.0,0.0,6.300049,0.0050209593
2016-10-13 16:00:00,1257.61,1259.29,1246.07,1250.01,65965.0,0.0,-11.040039,-0.00875464
2016-10-14 16:00:00,1250.87,1250.87,1250.87,1250.87,5.0,0.0,0.85998535,0.00068798277
2016-10-15 16:00:00,1257.2,1259.56,1245.3,1250.0,2.0,0.0,-0.8699951,-0.00069551205
2016-10-16 16:00:00,1251.62,1257.24,1250.0,1254.9,74889.0,0.0,4.9000244,0.0039200196
2016-10-17 16:00:00,1254.4,1264.72,1254.0,1262.2,74747.0,0.0,7.2999268,0.005817138
2016-10-18 16:00:00,1261.9,1273.35,1259.8,1269.0,74961.0,0.0,6.800049,0.0053874576
2016-10-19 16:00:00,1268.9,1274.59,1263.1,1265.8,75113.0,0.0,-3.1999512,-0.0025216322
2016-10-20 16:00:00,1264.9,1268.01,1260.8,1265.71,74781.0,0.0,-0.09008789,-7.117071e-05
2016-10-23 16:00:00,1265.62,1272.0,1259.6,1263.8,75335.0,0.0,-1.9099121,-0.001508965
2016-10-24 16:00:00,1263.9,1276.69,1261.3,1273.3,75409.0,0.0,9.5,0.007517012
2016-10-25 16:00:00,1273.2,1276.44,1263.9,1265.7,74647.0,0.0,-7.6000977,-0.005968819
2016-10-26 16:00:00,1265.7,1272.78,1264.2,1267.8,75587.0,0.0,2.1000977,0.0016592381
2016-10-27 16:00:00,1267.7,1284.24,1261.3,1275.4,75358.0,0.0,7.5999756,0.005994617
2016-10-30 16:00:00,1277.29,1279.5,1271.0,1276.75,76074.0,0.0,1.3499756,0.0010584723
2016-10-31 16:00:00,1276.86,1291.85,1275.0,1287.5,75754.0,0.0,10.75,0.008419816
2016-11-01 16:00:00,1287.86,1307.99,1287.0,1297.0,76633.0,0.0,9.5,0.0073786406
2016-11-02 16:00:00,1296.9,1306.75,1284.8,1301.4,76878.0,0.0,4.4000244,0.0033924629
2016-11-03 16:00:00,1302.1,1307.14,1294.2,1303.7,76295.0,0.0,2.2999268,0.0017672712
2016-11-06 16:00:00,1292.52,1295.86,1277.6,1281.3,78164.0,0.0,-22.399902,-0.017181793
2016-11-07 16:00:00,1281.0,1290.64,1272.1,1275.21,77478.0,0.0,-6.090088,-0.0047530537
2016-11-08 16:00:00,1275.3,1337.34,1267.7,1277.75,80358.0,0.0,2.540039,0.0019918594
2016-11-09 16:00:00,1277.0,1292.21,1251.3,1258.6,79359.0,0.0,-19.150024,-0.014987301
2016-11-10 16:00:00,1257.8,1265.4,1218.78,1227.5,78936.0,0.0,-31.099976,-0.024709977
2016-11-13 16:00:00,1227.83,1231.35,1211.3,1220.87,79049.0,0.0,-6.630005,-0.0054012258
2016-11-14 16:00:00,1220.7,1231.54,1218.7,1228.42,77671.0,0.0,7.550049,0.0061841547
2016-11-15 16:00:00,1227.56,1233.1,1220.7,1225.0,77298.0,0.0,-3.420044,-0.0027840997
2016-11-16 16:00:00,1224.64,1231.45,1210.4,1216.47,77391.0,0.0,-8.530029,-0.0069632893
2016-11-17 16:00:00,1216.0,1217.8,1202.7,1208.29,77793.0,0.0,-8.179932,-0.0067243185
2016-11-20 16:00:00,1207.01,1217.62,1205.4,1214.0,77286.0,0.0,5.709961,0.004725654
2016-11-21 16:00:00,1213.5,1221.0,1205.3,1212.1,77339.0,0.0,-1.9000244,-0.0015650942
2016-11-22 16:00:00,1212.1,1214.99,1180.9,1187.6,75490.0,0.0,-24.5,-0.020212853
2016-11-23 16:00:00,1188.3,1190.9,1179.7,1183.86,63688.0,0.0,-3.7399902,-0.0031492002
2016-11-24 16:00:00,1180.5,1193.23,1170.63,1183.8,67439.0,0.0,-0.059936523,-5.0628052e-05
2016-11-27 16:00:00,1183.11,1197.6,1182.3,1193.5,78651.0,0.0,9.699951,0.00819391
2016-11-28 16:00:00,1193.74,1195.09,1179.8,1187.88,77763.0,0.0,-5.619995,-0.0047088354
2016-11-29 16:00:00,1188.36,1194.95,1169.8,1172.89,78142.0,0.0,-14.98999,-0.012619112
2016-11-30 16:00:00,1172.5,1176.69,1160.0,1171.6,78332.0,0.0,-1.2900391,-0.0010998807
2016-12-01 16:00:00,1171.4,1178.01,1166.2,1176.8,77658.0,0.0,5.2000732,0.0044384375
2016-12-04 16:00:00,1177.1,1188.1,1156.3,1169.97,79008.0,0.0,-6.830078,-0.0058039413
2016-12-05 16:00:00,1170.4,1175.3,1166.1,1169.46,77352.0,0.0,-0.51000977,-0.00043591697
2016-12-06 16:00:00,1169.0,1180.22,1165.35,1173.3,77069.0,0.0,3.840088,0.003283642
2016-12-07 16:00:00,1173.6,1178.68,1168.7,1170.6,77302.0,0.0,-2.7000732,-0.002301264
2016-12-08 16:00:00,1170.49,1172.01,1155.5,1159.1,77204.0,0.0,-11.5,-0.009824022
2016-12-11 16:00:00,1159.36,1165.81,1151.09,1162.2,77345.0,0.0,3.0999756,0.0026744679
2016-12-12 16:00:00,1162.14,1164.99,1154.0,1157.14,77161.0,0.0,-5.0599365,-0.0043537575
2016-12-13 16:00:00,1157.6,1165.25,1138.5,1142.4,77278.0,0.0,-14.73999,-0.012738295
2016-12-14 16:00:00,1141.4,1144.41,1122.5,1128.1,78723.0,0.0,-14.300049,-0.012517549
2016-12-15 16:00:00,1128.5,1141.3,1126.3,1135.0,77281.0,0.0,6.9000244,0.0061165006
2016-12-18 16:00:00,1133.78,1142.31,1133.61,1137.7,77083.0,0.0,2.6999512,0.0023788116
2016-12-19 16:00:00,1138.2,1139.76,1125.4,1132.3,76615.0,0.0,-5.3999023,-0.0047463328
2016-12-20 16:00:00,1132.4,1137.1,1129.1,1131.3,76469.0,0.0,-1.0,-0.0008831581
2016-12-21 16:00:00,1131.3,1134.08,1126.9,1127.99,75659.0,0.0,-3.3100586,-0.002925889
2016-12-22 16:00:00,1127.8,1135.84,1127.6,1133.4,71181.0,0.0,5.410034,0.004796172
2016-12-25 16:00:00,1134.0,1134.0,1133.3,1133.77,6.0,0.0,0.36999512,0.00032644707
2016-12-26 16:00:00,1133.53,1150.96,1131.1,1138.6,73738.0,0.0,4.829956,0.0042600846
2016-12-27 16:00:00,1137.6,1144.47,1135.6,1141.03,74283.0,0.0,2.4300537,0.0021342472
2016-12-28 16:00:00,1142.07,1159.54,1141.0,1157.8,76112.0,0.0,16.77002,0.014697264
2016-12-29 16:00:00,1157.8,1163.26,1148.9,1150.7,75505.0,0.0,-7.1000977,-0.006132404
2017-01-01 16:00:00,1150.4,1152.4,1150.4,1150.9,12.0,0.0,0.20007324,0.00017387091
2017-01-02 16:00:00,1150.0,1164.44,1145.2,1158.2,77258.0,0.0,7.2999268,0.0063427985
2017-01-03 16:00:00,1158.4,1167.9,1155.5,1163.21,78084.0,0.0,5.01001,0.0043256865
2017-01-04 16:00:00,1163.0,1184.97,1162.2,1180.2,78452.0,0.0,16.98999,0.014606125
2017-01-05 16:00:00,1179.97,1182.9,1170.2,1171.9,77837.0,0.0,-8.299927,-0.0070326445
2017-01-08 16:00:00,1172.36,1186.19,1171.59,1180.75,78031.0,0.0,8.849976,0.0075518177
2017-01-09 16:00:00,1180.4,1190.61,1179.4,1187.5,78209.0,0.0,6.75,0.0057167057
2017-01-10 16:00:00,1186.8,1198.3,1176.6,1191.38,78065.0,0.0,3.880005,0.0032673725
2017-01-11 16:00:00,1190.9,1206.94,1190.38,1194.6,78697.0,0.0,3.2199707,0.0027027235
2017-01-12 16:00:00,1194.2,1201.12,1187.1,1197.04,78140.0,0.0,2.4400635,0.0020425778
2017-01-15 16:00:00,1197.0,1208.61,1197.0,1202.42,64332.0,0.0,5.380005,0.0044944235
2017-01-16 16:00:00,1201.8,1218.8,1201.8,1216.38,77588.0,0.0,13.959961,0.011609887
2017-01-17 16:00:00,1216.5,1217.75,1201.5,1203.9,77133.0,0.0,-12.47998,-0.010259936
2017-01-18 16:00:00,1202.7,1206.47,1195.3,1204.52,77936.0,0.0,0.6199951,0.00051498885
2017-01-19 16:00:00,1204.4,1214.9,1198.1,1209.9,77797.0,0.0,5.380005,0.0044665136
2017-01-22 16:00:00,1209.09,1219.45,1208.7,1217.81,78058.0,0.0,7.910034,0.0065377583
2017-01-23 16:00:00,1217.71,1220.12,1205.9,1208.52,77238.0,0.0,-9.290039,-0.0076284795
2017-01-24 16:00:00,1208.4,1209.78,1192.6,1200.48,77906.0,0.0,-8.040039,-0.0066527976
2017-01-25 16:00:00,1200.76,1202.62,1184.2,1188.3,77911.0,0.0,-12.179932,-0.010145885
2017-01-26 16:00:00,1188.8,1191.61,1179.8,1190.76,77533.0,0.0,2.459961,0.0020701513
2017-01-29 16:00:00,1192.06,1199.41,1187.0,1195.37,77500.0,0.0,4.6099854,0.0038714646
2017-01-30 16:00:00,1195.41,1215.29,1193.1,1210.4,78149.0,0.0,15.030029,0.012573537
2017-01-31 16:00:00,1210.63,1213.23,1197.3,1209.2,78128.0,0.0,-1.2000732,-0.0009914683
2017-02-01 16:00:00,1209.11,1225.28,1207.8,1215.48,78142.0,0.0,6.2800293,0.005193541
2017-02-02 16:00:00,1215.3,1221.38,1206.3,1220.19,77751.0,0.0,4.709961,0.0038749804
2017-02-05 16:00:00,1219.8,1235.67,1219.0,1235.33,77805.0,0.0,15.140015,0.012407917
2017-02-06 16:00:00,1234.8,1235.79,1226.8,1233.1,78217.0,0.0,-2.2299805,-0.0018051699
2017-02-07 16:00:00,1232.7,1244.71,1229.8,1241.2,78144.0,0.0,8.099976,0.006568791
2017-02-08 16:00:00,1240.9,1244.47,1225.6,1228.1,78333.0,0.0,-13.099976,-0.010554283
2017-02-09 16:00:00,1227.2,1237.16,1221.0,1233.13,78740.0,0.0,5.0300293,0.0040957816
2017-02-12 16:00:00,1232.23,1232.88,1218.4,1225.07,77352.0,0.0,-8.060059,-0.0065362602
2017-02-13 16:00:00,1225.21,1234.6,1221.1,1228.19,78032.0,0.0,3.119995,0.0025467894
2017-02-14 16:00:00,1227.2,1233.5,1215.8,1233.5,77827.0,0.0,5.3100586,0.0043234834
2017-02-15 16:00:00,1233.05,1242.35,1231.8,1238.97,78279.0,0.0,5.4699707,0.004434512
2017-02-16 16:00:00,1238.7,1243.78,1233.6,1234.16,78187.0,0.0,-4.8099365,-0.0038822058
2017-02-19 16:00:00,1235.04,1238.97,1232.0,1237.9,64197.0,0.0,3.7399902,0.0030303933
2017-02-20 16:00:00,1237.49,1238.84,1225.4,1235.2,78511.0,0.0,-2.7000732,-0.0021811724
2017-02-21 16:00:00,1235.4,1240.78,1230.5,1237.41,78905.0,0.0,2.210083,0.0017892512
2017-02-22 16:00:00,1237.4,1251.08,1235.0,1249.12,78760.0,0.0,11.709961,0.009463282
2017-02-23 16:00:00,1249.0,1260.12,1247.4,1256.6,78479.0,0.0,7.4799805,0.0059882
2017-02-26 16:00:00,1257.58,1263.87,1250.1,1252.75,78324.0,0.0,-3.8499756,-0.0030638035
2017-02-27 16:00:00,1252.35,1258.37,1247.1,1247.6,78689.0,0.0,-5.1500244,-0.004110975
2017-02-28 16:00:00,1247.3,1250.6,1236.3,1249.37,78068.0,0.0,1.7700195,0.0014187397
2017-03-01 16:00:00,1248.6,1249.98,1230.0,1234.2,78979.0,0.0,-15.170044,-0.012142154
2017-03-02 16:00:00,1233.1,1236.29,1222.1,1234.0,79096.0,0.0,-0.19995117,-0.00016200873
2017-03-05 16:00:00,1233.31,1236.87,1224.3,1224.7,78377.0,0.0,-9.300049,-0.0075365063
2017-03-06 16:00:00,1224.8,1227.16,1213.4,1215.1,78470.0,0.0,-9.599976,-0.007838635
2017-03-07 16:00:00,1214.4,1218.54,1205.8,1208.14,78594.0,0.0,-6.959961,-0.005727892
2017-03-08 16:00:00,1207.1,1209.01,1198.7,1201.01,78837.0,0.0,-7.130005,-0.005901638
2017-03-09 16:00:00,1199.7,1206.32,1194.1,1204.14,78544.0,0.0,3.130005,0.002606144
2017-03-12 16:00:00,1203.3,1203.3,1203.2,1203.2,77317.0,0.0,-0.9400635,-0.00078069285
2017-03-13 16:00:00,1203.3,1207.7,1196.8,1198.5,77478.0,0.0,-4.699951,-0.0039062095
2017-03-14 16:00:00,1198.6,1222.02,1197.1,1219.5,77648.0,0.0,21.0,0.017521903
2017-03-15 16:00:00,1219.4,1233.71,1217.8,1225.6,78690.0,0.0,6.0999756,0.00500203
2017-03-16 16:00:00,1225.5,1231.66,1223.8,1228.6,77195.0,0.0,3.0,0.0024477807
2017-03-19 16:00:00,1228.99,1235.4,1228.93,1233.58,76568.0,0.0,4.9799805,0.0040533785
2017-03-20 16:00:00,1244.3,1244.3,1244.1,1244.1,77124.0,0.0,10.52002,0.008528041
2017-03-21 16:00:00,1244.3,1251.32,1243.6,1248.2,78512.0,0.0,4.0999756,0.0032955355
2017-03-22 16:00:00,1244.1,1244.1,1243.9,1244.1,77714.0,0.0,-4.0999756,-0.0032847107
2017-03-23 16:00:00,1244.1,1251.85,1240.1,1243.13,77752.0,0.0,-0.9699707,-0.0007796566
2017-03-26 16:00:00,1245.76,1261.01,1245.38,1254.4,77707.0,0.0,11.27002,0.009065841
2017-03-27 16:00:00,1253.2,1258.4,1247.41,1251.15,77083.0,0.0,-3.25,-0.00259088
2017-03-28 16:00:00,1250.74,1254.62,1247.14,1253.21,77648.0,0.0,2.0599365,0.0016464344
2017-03-29 16:00:00,1253.52,1253.83,1242.17,1242.85,76730.0,0.0,-10.359985,-0.008266759
2017-03-30 16:00:00,1241.98,1250.57,1239.62,1248.78,77658.0,0.0,5.9300537,0.004771335
2017-04-02 16:00:00,1252.6,1252.9,1252.5,1252.8,76931.0,0.0,4.0200195,0.0032191575
2017-04-03 16:00:00,1252.6,1261.25,1252.5,1255.47,77316.0,0.0,2.6699219,0.0021311636
2017-04-04 16:00:00,1255.96,1257.4,1242.9,1254.8,77024.0,0.0,-0.6699219,-0.0005336025
2017-04-05 16:00:00,1251.5,1251.6,1251.5,1251.5,78140.0,0.0,-3.3000488,-0.00262994
2017-04-06 16:00:00,1251.5,1270.94,1250.0,1253.5,77762.0,0.0,2.0,0.0015980822
2017-04-09 16:00:00,1254.48,1254.96,1254.2,1254.2,77696.0,0.0,0.6999512,0.00055839744
2017-04-10 16:00:00,1275.0,1275.0,1274.8,1274.8,77658.0,0.0,20.600098,0.01642489
2017-04-11 16:00:00,1285.9,1286.0,1285.8,1285.8,78187.0,0.0,11.0,0.008628804
2017-04-12 16:00:00,1285.9,1288.56,1281.1,1286.86,78113.0,0.0,1.0599365,0.0008243401
2017-04-13 16:00:00,1286.8,1288.2,1283.7,1287.16,46.0,0.0,0.30004883,0.00023316353
2017-04-16 16:00:00,1290.33,1295.46,1281.08,1284.45,77082.0,0.0,-2.710083,-0.0021054747
2017-04-17 16:00:00,1289.1,1289.1,1289.0,1289.1,78003.0,0.0,4.6500244,0.0036202457
2017-04-18 16:00:00,1289.1,1290.72,1273.2,1279.6,77986.0,0.0,-9.5,-0.007369483
2017-04-19 16:00:00,1280.7,1280.9,1280.7,1280.9,76558.0,0.0,1.3000488,0.0010159806
2017-04-20 16:00:00,1280.7,1288.3,1277.8,1284.03,77454.0,0.0,3.130005,0.0024435981
2017-04-23 16:00:00,1275.8,1275.9,1275.8,1275.9,78731.0,0.0,-8.130005,-0.0063316314
2017-04-24 16:00:00,1275.8,1278.2,1260.7,1263.3,77818.0,0.0,-12.599976,-0.009875363
2017-04-25 16:00:00,1268.8,1269.0,1268.8,1268.9,78031.0,0.0,5.5999756,0.004432815
2017-04-26 16:00:00,1268.8,1269.59,1260.4,1263.4,77972.0,0.0,-5.5,-0.004334463
2017-04-27 16:00:00,1263.5,1268.52,1262.5,1267.91,77080.0,0.0,4.51001,0.00356974
2017-04-30 16:00:00,1268.08,1271.15,1253.96,1256.3,74936.0,0.0,-11.609985,-0.00915679
2017-05-01 16:00:00,1255.93,1257.73,1251.2,1256.3,77807.0,0.0,0.0,0.0
2017-05-02 16:00:00,1256.55,1256.95,1234.9,1236.9,76127.0,0.0,-19.400024,-0.015442191
2017-05-03 16:00:00,1237.9,1241.26,1224.9,1226.9,77308.0,0.0,-10.0,-0.008084727
2017-05-04 16:00:00,1227.8,1235.6,1225.4,1228.9,77583.0,0.0,2.0,0.0016301246
2017-05-07 16:00:00,1222.13,1236.52,1220.64,1225.4,77523.0,0.0,-3.5,-0.0028480755
2017-05-08 16:00:00,1225.6,1228.59,1213.6,1220.8,76915.0,0.0,-4.5999756,-0.0037538563
2017-05-09 16:00:00,1220.8,1225.69,1216.8,1218.1,76917.0,0.0,-2.7000732,-0.0022117244
2017-05-10 16:00:00,1217.9,1227.73,1216.2,1224.2,76568.0,0.0,6.0999756,0.005007779
2017-05-11 16:00:00,1224.1,1231.74,1224.0,1227.93,75077.0,0.0,3.7301025,0.0030469717
2017-05-14 16:00:00,1227.98,1237.33,1226.1,1230.0,76050.0,0.0,2.0699463,0.00168572
2017-05-15 16:00:00,1230.1,1239.11,1229.7,1236.9,76396.0,0.0,6.9000244,0.005609776
2017-05-16 16:00:00,1236.8,1261.3,1235.9,1260.6,78142.0,0.0,23.699951,0.019160766
2017-05-17 16:00:00,1260.7,1265.01,1245.1,1245.9,78094.0,0.0,-14.699951,-0.011661075
2017-05-18 16:00:00,1246.9,1256.5,1245.4,1255.0,77540.0,0.0,9.099976,0.0073039373
2017-05-21 16:00:00,1256.43,1262.56,1251.1,1259.6,77322.0,0.0,4.5999756,0.0036653192
2017-05-22 16:00:00,1259.7,1263.76,1249.9,1250.0,77786.0,0.0,-9.599976,-0.007621448
2017-05-23 16:00:00,1250.1,1258.93,1247.1,1257.9,77462.0,0.0,7.9000244,0.0063200197
2017-05-24 16:00:00,1258.0,1259.66,1253.0,1255.36,77737.0,0.0,-2.540039,-0.0020192694
2017-05-25 16:00:00,1255.0,1269.5,1252.4,1266.85,76936.0,0.0,11.48999,0.009152745
2017-05-28 16:00:00,1267.68,1269.1,1264.82,1266.6,61697.0,0.0,-0.25,-0.00019733986
2017-05-29 16:00:00,1267.08,1270.48,1259.2,1262.74,76837.0,0.0,-3.8599854,-0.0030475173
2017-05-30 16:00:00,1262.87,1274.09,1259.3,1268.55,76710.0,0.0,5.8100586,0.004601152
2017-05-31 16:00:00,1268.93,1270.31,1260.7,1265.0,76140.0,0.0,-3.5500488,-0.002798509
2017-06-01 16:00:00,1265.55,1279.5,1258.7,1278.77,76388.0,0.0,13.77002,0.010885391
2017-06-04 16:00:00,1279.97,1283.42,1276.9,1278.8,76690.0,0.0,0.030029297,2.3482953e-05
2017-06-05 16:00:00,1278.6,1296.06,1278.6,1293.65,76749.0,0.0,14.849976,0.011612429
2017-06-06 16:00:00,1293.6,1294.91,1281.8,1286.3,77272.0,0.0,-7.3499756,-0.0056815795
2017-06-07 16:00:00,1286.5,1288.91,1270.6,1279.6,77704.0,0.0,-6.7000732,-0.005208795
2017-06-08 16:00:00,1279.8,1281.8,1264.0,1265.9,77872.0,0.0,-13.699951,-0.010706433
2017-06-11 16:00:00,1267.28,1270.37,1263.0,1265.02,77106.0,0.0,-0.8800049,-0.00069516146
2017-06-12 16:00:00,1265.32,1269.0,1258.6,1265.9,76292.0,0.0,0.8800049,0.00069564505
2017-06-13 16:00:00,1265.9,1281.5,1256.4,1260.7,76921.0,0.0,-5.2000732,-0.0041078073
2017-06-14 16:00:00,1260.6,1266.72,1250.7,1253.3,78191.0,0.0,-7.3999023,-0.0058696778
2017-06-15 16:00:00,1253.6,1257.14,1251.1,1253.1,76965.0,0.0,-0.20007324,-0.00015963714
2017-06-18 16:00:00,1254.13,1255.66,1242.2,1243.3,76843.0,0.0,-9.799927,-0.007820547
2017-06-19 16:00:00,1243.2,1248.1,1240.6,1242.3,77505.0,0.0,-1.0,-0.0008043111
2017-06-20 16:00:00,1242.3,1247.82,1240.3,1245.8,77252.0,0.0,3.5,0.0028173549
2017-06-21 16:00:00,1245.9,1254.82,1244.9,1249.2,77242.0,0.0,3.3999023,0.0027290916
2017-06-22 16:00:00,1249.6,1258.9,1249.1,1256.4,76473.0,0.0,7.2000732,0.0057637477
2017-06-25 16:00:00,1257.22,1258.11,1236.03,1244.05,76939.0,0.0,-12.349976,-0.0098296525
2017-06-26 16:00:00,1243.99,1253.1,1241.1,1246.55,77399.0,0.0,2.5,0.0020095655
2017-06-27 16:00:00,1246.66,1254.88,1246.1,1248.82,77826.0,0.0,2.2698975,0.0018209437
2017-06-28 16:00:00,1249.19,1253.19,1238.6,1244.7,77579.0,0.0,-4.119995,-0.0032991106
2017-06-29 16:00:00,1243.8,1248.24,1239.07,1241.33,77616.0,0.0,-3.369995,-0.0027074758
2017-07-02 16:00:00,1241.64,1242.71,1217.5,1218.9,76367.0,0.0,-22.429932,-0.018069275
2017-07-03 16:00:00,1219.0,1226.5,1219.0,1223.0,63810.0,0.0,4.0999756,0.0033636685
2017-07-04 16:00:00,1223.86,1228.82,1216.7,1226.75,77521.0,0.0,3.75,0.0030662306
2017-07-05 16:00:00,1226.75,1229.37,1221.9,1224.65,77558.0,0.0,-2.0999756,-0.0017118204
2017-07-06 16:00:00,1224.89,1228.5,1206.8,1212.49,77179.0,0.0,-12.160034,-0.009929395
2017-07-09 16:00:00,1212.28,1215.58,1204.2,1213.75,76588.0,0.0,1.2600098,0.0010391918
2017-07-10 16:00:00,1214.15,1217.6,1207.4,1217.4,76954.0,0.0,3.6500244,0.0030072292
2017-07-11 16:00:00,1216.9,1225.77,1213.2,1219.75,77078.0,0.0,2.3499756,0.0019303233
2017-07-12 16:00:00,1219.31,1224.42,1215.7,1216.9,76647.0,0.0,-2.8499756,-0.0023365244
2017-07-13 16:00:00,1216.93,1232.9,1214.0,1228.55,76582.0,0.0,11.650024,0.009573527
2017-07-16 16:00:00,1228.68,1236.1,1227.98,1233.75,76350.0,0.0,5.199951,0.004232592
2017-07-17 16:00:00,1233.89,1244.54,1232.4,1242.15,77278.0,0.0,8.400024,0.0068085305
2017-07-18 16:00:00,1242.37,1244.02,1235.4,1240.85,75814.0,0.0,-1.3000488,-0.0010466118
2017-07-19 16:00:00,1240.85,1247.6,1234.7,1244.24,76662.0,0.0,3.3900146,0.00273201
2017-07-20 16:00:00,1244.32,1255.9,1242.9,1254.91,76410.0,0.0,10.670044,0.008575551
2017-07-23 16:00:00,1255.18,1258.79,1251.4,1254.95,76679.0,0.0,0.039916992,3.180865e-05
2017-07-24 16:00:00,1255.11,1257.89,1248.1,1248.55,77016.0,0.0,-6.3999023,-0.0050997273
2017-07-25 16:00:00,1250.08,1263.51,1243.0,1260.6,77719.0,0.0,12.049927,0.009651137
2017-07-26 16:00:00,1260.48,1265.27,1253.6,1258.85,78045.0,0.0,-1.75,-0.0013882278
2017-07-27 16:00:00,1259.1,1270.83,1256.4,1268.7,77270.0,0.0,9.849976,0.007824583
2017-07-30 16:00:00,1270.11,1271.17,1265.2,1268.95,76948.0,0.0,0.25,0.00019705211
2017-07-31 16:00:00,1269.13,1274.11,1262.1,1268.65,77095.0,0.0,-0.29992676,-0.00023635823
2017-08-01 16:00:00,1268.53,1272.8,1262.2,1266.05,77160.0,0.0,-2.5999756,-0.0020494033
2017-08-02 16:00:00,1266.59,1270.83,1256.5,1267.95,77160.0,0.0,1.8999023,0.0015006535
2017-08-03 16:00:00,1268.39,1270.16,1253.7,1258.4,76679.0,0.0,-9.549927,-0.0075317854
2017-08-06 16:00:00,1258.33,1259.9,1255.0,1257.35,75987.0,0.0,-1.0500488,-0.0008344317
2017-08-07 16:00:00,1257.05,1265.2,1250.7,1260.75,76472.0,0.0,3.4000244,0.0027041193
2017-08-08 16:00:00,1260.44,1278.7,1260.06,1277.25,77792.0,0.0,16.5,0.013087448
2017-08-09 16:00:00,1276.95,1287.8,1274.0,1286.05,77554.0,0.0,8.800049,0.0068898406
2017-08-10 16:00:00,1286.39,1292.05,1280.7,1288.77,77521.0,0.0,2.7199707,0.0021149805
2017-08-13 16:00:00,1289.93,1290.42,1277.8,1281.35,77387.0,0.0,-7.420044,-0.005757462
2017-08-14 16:00:00,1281.35,1282.07,1267.21,1271.15,76633.0,0.0,-10.199951,-0.007960317
2017-08-15 16:00:00,1271.09,1283.84,1267.3,1282.85,77324.0,0.0,11.699951,0.009204226
2017-08-16 16:00:00,1283.95,1290.12,1281.0,1287.65,77975.0,0.0,4.800049,0.0037417072
2017-08-17 16:00:00,1288.01,1300.83,1283.32,1283.58,77936.0,0.0,-4.0700684,-0.00316085
2017-08-20 16:00:00,1283.61,1293.85,1280.34,1290.95,77568.0,0.0,7.369995,0.00574175
2017-08-21 16:00:00,1291.28,1292.54,1281.3,1284.75,77303.0,0.0,-6.199951,-0.004802627
2017-08-22 16:00:00,1284.74,1291.5,1282.0,1290.25,77365.0,0.0,5.5,0.0042809886
2017-08-23 16:00:00,1290.32,1291.2,1283.6,1285.65,77343.0,0.0,-4.5999756,-0.0035651815
2017-08-24 16:00:00,1286.1,1294.57,1274.45,1291.24,76969.0,0.0,5.589966,0.0043479684
2017-08-27 16:00:00,1292.43,1312.07,1291.3,1309.75,76706.0,0.0,18.51001,0.014335065
2017-08-28 16:00:00,1314.77,1326.0,1304.3,1309.05,78314.0,0.0,-0.6999512,-0.0005344159
2017-08-29 16:00:00,1309.05,1313.7,1304.5,1308.36,77473.0,0.0,-0.6900635,-0.00052714825
2017-08-30 16:00:00,1308.68,1323.63,1298.32,1320.65,77170.0,0.0,12.290039,0.009393469
2017-08-31 16:00:00,1321.48,1328.82,1315.8,1324.65,76759.0,0.0,4.0,0.0030288114
2017-09-03 16:00:00,1334.3,1339.82,1331.3,1333.4,64463.0,0.0,8.75,0.0066055185
2017-09-04 16:00:00,1334.25,1344.33,1325.99,1339.45,78025.0,0.0,6.0499268,0.0045372183
2017-09-05 16:00:00,1339.39,1342.44,1330.6,1333.85,77991.0,0.0,-5.5999756,-0.0041808025
2017-09-06 16:00:00,1333.93,1349.88,1331.3,1348.8,78276.0,0.0,14.950073,0.011208212
2017-09-07 16:00:00,1348.8,1357.5,1342.0,1346.08,78416.0,0.0,-2.7200928,-0.0020166761
2017-09-10 16:00:00,1337.01,1340.03,1325.7,1327.15,77930.0,0.0,-18.929932,-0.014063007
2017-09-11 16:00:00,1327.42,1332.1,1322.2,1331.7,77820.0,0.0,4.5499268,0.003428344
2017-09-12 16:00:00,1332.46,1334.75,1320.0,1322.85,78209.0,0.0,-8.849976,-0.0066456227
2017-09-13 16:00:00,1323.42,1330.81,1315.2,1329.17,77874.0,0.0,6.3200684,0.0047776154
2017-09-14 16:00:00,1329.29,1334.29,1319.61,1319.71,78423.0,0.0,-9.460083,-0.007117286
2017-09-17 16:00:00,1319.43,1320.0,1303.8,1305.95,77758.0,0.0,-13.76001,-0.010426541
2017-09-18 16:00:00,1306.1,1311.67,1304.8,1310.36,77939.0,0.0,4.410034,0.0033768783
2017-09-19 16:00:00,1310.96,1316.1,1295.2,1300.85,77322.0,0.0,-9.51001,-0.007257555
2017-09-20 16:00:00,1301.07,1301.71,1287.5,1290.75,78059.0,0.0,-10.099976,-0.0077641355
2017-09-21 16:00:00,1290.72,1298.7,1290.58,1297.1,77421.0,0.0,6.3499756,0.0049196016
2017-09-24 16:00:00,1297.63,1312.1,1288.86,1310.75,77620.0,0.0,13.650024,0.010523494
2017-09-25 16:00:00,1310.3,1313.62,1291.88,1293.35,78161.0,0.0,-17.400024,-0.0132748615
2017-09-26 16:00:00,1293.85,1296.21,1280.7,1280.72,77935.0,0.0,-12.630005,-0.009765342
2017-09-27 16:00:00,1282.05,1288.77,1276.8,1286.78,77691.0,0.0,6.0600586,0.0047317594
2017-09-28 16:00:00,1286.98,1290.33,1275.39,1279.72,77818.0,0.0,-7.0600586,-0.005486609
2017-10-01 16:00:00,1279.13,1280.13,1269.18,1270.47,78277.0,0.0,-9.25,-0.007228144
2017-10-02 16:00:00,1270.59,1274.7,1267.8,1272.1,77798.0,0.0,1.6300049,0.0012829936
2017-10-03 16:00:00,1271.42,1282.3,1269.8,1274.35,77491.0,0.0,2.25,0.001768729
2017-10-04 16:00:00,1274.65,1278.96,1265.9,1267.65,76916.0,0.0,-6.699951,-0.005257544
2017-10-05 16:00:00,1267.95,1276.49,1260.1,1276.21,77376.0,0.0,8.559937,0.0067526023
2017-10-08 16:00:00,1276.03,1285.44,1275.0,1283.33,77216.0,0.0,7.119995,0.0055790152
2017-10-09 16:00:00,1284.05,1294.19,1281.6,1287.55,77239.0,0.0,4.220093,0.0032883927
2017-10-10 16:00:00,1288.04,1293.52,1283.9,1291.55,77860.0,0.0,4.0,0.0031066753
2017-10-11 16:00:00,1291.9,1297.45,1289.0,1293.25,77702.0,0.0,1.6999512,0.00131621
2017-10-12 16:00:00,1293.37,1304.4,1290.6,1304.4,77292.0,0.0,11.150024,0.0086217085
2017-10-15 16:00:00,1303.18,1306.04,1289.8,1294.75,77727.0,0.0,-9.650024,-0.007398056
2017-10-16 16:00:00,1294.92,1296.24,1280.8,1284.85,77626.0,0.0,-9.900024,-0.0076462827
2017-10-17 16:00:00,1284.76,1288.85,1276.3,1280.55,77445.0,0.0,-4.2999268,-0.0033466371
2017-10-18 16:00:00,1280.73,1290.5,1276.29,1289.45,77896.0,0.0,8.899902,0.0069500622
2017-10-19 16:00:00,1289.9,1291.08,1277.1,1280.04,78581.0,0.0,-9.409912,-0.0072976174
2017-10-22 16:00:00,1279.54,1283.25,1271.7,1281.95,77699.0,0.0,1.9099121,0.0014920721
2017-10-23 16:00:00,1282.08,1283.64,1272.9,1276.05,77486.0,0.0,-5.8999023,-0.0046022874
2017-10-24 16:00:00,1276.53,1279.99,1270.3,1277.15,77464.0,0.0,1.0999756,0.000862016
2017-10-25 16:00:00,1277.31,1282.52,1264.9,1266.1,77804.0,0.0,-11.050049,-0.008652115
2017-10-26 16:00:00,1266.86,1274.03,1263.0,1273.8,77507.0,0.0,7.7000732,0.006081726
2017-10-29 16:00:00,1272.83,1278.9,1268.4,1275.78,75842.0,0.0,1.9799805,0.0015543888
2017-10-30 16:00:00,1275.9,1278.14,1266.8,1270.65,76074.0,0.0,-5.130005,-0.004021073
2017-10-31 16:00:00,1270.66,1280.9,1267.3,1273.99,75931.0,0.0,3.3399658,0.002628549
2017-11-01 16:00:00,1274.45,1284.2,1272.7,1275.59,76468.0,0.0,1.5999756,0.0012558777
2017-11-02 16:00:00,1276.65,1280.34,1264.7,1269.47,75187.0,0.0,-6.119995,-0.004797776
2017-11-05 16:00:00,1269.93,1282.92,1265.2,1281.9,76525.0,0.0,12.430054,0.009791531
2017-11-06 16:00:00,1281.5,1281.85,1271.1,1275.2,76377.0,0.0,-6.7000732,-0.0052266736
2017-11-07 16:00:00,1274.5,1287.2,1274.5,1281.2,76594.0,0.0,6.0,0.0047051446
2017-11-08 16:00:00,1280.9,1288.7,1279.4,1284.9,76313.0,0.0,3.7000732,0.002887975
2017-11-09 16:00:00,1284.6,1287.05,1272.7,1275.12,75870.0,0.0,-9.780029,-0.00761151
2017-11-12 16:00:00,1274.73,1279.771,1274.0,1278.1,77088.0,0.0,2.9799805,0.0023370197
2017-11-13 16:00:00,1277.6,1283.6,1269.6,1280.2,77089.0,0.0,2.0999756,0.0016430449
2017-11-14 16:00:00,1280.1,1289.503,1275.9,1277.9,77516.0,0.0,-2.2999268,-0.0017965372
2017-11-15 16:00:00,1277.0,1281.763,1274.4,1278.4,77464.0,0.0,0.5,0.00039126692
2017-11-16 16:00:00,1277.7,1297.1,1277.6,1293.64,77392.0,0.0,15.23999,0.011921143
2017-11-19 16:00:00,1293.579,1294.773,1273.9,1276.41,77630.0,0.0,-17.22998,-0.013318991
2017-11-20 16:00:00,1275.8,1284.714,1275.5,1280.3,77147.0,0.0,3.8900146,0.0030476216
2017-11-21 16:00:00,1280.1,1294.658,1278.3,1291.8,77506.0,0.0,11.5,0.008982269
2017-11-22 16:00:00,1291.4,1293.572,1286.8,1290.6,63562.0,0.0,-1.2000732,-0.00092899305
2017-11-23 16:00:00,1291.2,1293.203,1284.9,1287.3,66122.0,0.0,-3.2999268,-0.0025568935
2017-11-26 16:00:00,1288.48,1299.3,1285.9,1294.5,76920.0,0.0,7.199951,0.005593064
2017-11-27 16:00:00,1293.1,1297.413,1290.0,1293.52,77391.0,0.0,-0.97998047,-0.000757034
2017-11-28 16:00:00,1293.5,1296.7,1281.2,1283.5,77679.0,0.0,-10.02002,-0.0077463198
2017-11-29 16:00:00,1283.6,1285.267,1269.7,1274.7,77649.0,0.0,-8.800049,-0.0068562906
2017-11-30 16:00:00,1274.2,1289.286,1271.1,1280.05,77488.0,0.0,5.3500977,0.0041971426
2017-12-03 16:00:00,1280.18,1280.18,1270.8,1275.59,77270.0,0.0,-4.460083,-0.0034843036
2017-12-04 16:00:00,1276.2,1277.035,1260.0,1265.9,77020.0,0.0,-9.689941,-0.007596439
2017-12-05 16:00:00,1264.9,1269.3,1262.0,1263.2,75942.0,0.0,-2.7000732,-0.0021329278
2017-12-06 16:00:00,1261.9,1264.58,1243.1,1246.84,75722.0,0.0,-16.359985,-0.012951224
2017-12-07 16:00:00,1246.6,1252.366,1243.0,1248.09,76824.0,0.0,1.25,0.0010025344
2017-12-10 16:00:00,1247.13,1251.522,1240.1,1241.77,76482.0,0.0,-6.3199463,-0.0050636944
2017-12-11 16:00:00,1241.2,1246.186,1235.9,1244.12,76961.0,0.0,2.3499756,0.0018924403
2017-12-12 16:00:00,1244.0,1257.2,1239.9,1255.15,76681.0,0.0,11.030029,0.008865728
2017-12-13 16:00:00,1255.33,1259.1,1250.36,1252.7,77332.0,0.0,-2.4500732,-0.0019520163
2017-12-14 16:00:00,1252.3,1261.805,1252.15,1254.81,77030.0,0.0,2.1101074,0.0016844476
2017-12-17 16:00:00,1254.97,1263.967,1252.5,1262.1,76976.0,0.0,7.289917,0.005809578
2017-12-18 16:00:00,1262.1,1265.3,1258.8,1261.44,76534.0,0.0,-0.6600342,-0.00052296504
2017-12-19 16:00:00,1261.5,1267.9,1260.9,1265.24,76832.0,0.0,3.8000488,0.003012469
2017-12-20 16:00:00,1265.0,1269.0,1262.6,1266.44,76683.0,0.0,1.1999512,0.0009483981
2017-12-21 16:00:00,1266.5,1276.4,1264.7,1274.52,76305.0,0.0,8.080078,0.006380151
2017-12-25 16:00:00,1274.29,1283.8,1273.2,1282.65,1.0,0.0,8.130005,0.0063788756
2017-12-26 16:00:00,1283.3,1288.979,1281.0,1287.2,1.0,0.0,4.5499268,0.0035472861
2017-12-27 16:00:00,1287.73,1295.186,1285.8,1294.9,1.0,0.0,7.7000732,0.0059820334
2017-12-28 16:00:00,1294.2,1307.552,1293.0,1302.56,1.0,0.0,7.660034,0.005915541
2017-12-31 16:00:00,1302.61,1302.61,1302.61,1302.61,1.0,0.0,0.049926758,3.8329716e-05
2018-01-01 16:00:00,1302.7,1318.896,1302.1,1317.3,1.0,0.0,14.690063,0.011277407
2018-01-02 16:00:00,1316.5,1321.467,1306.8,1312.71,1.0,0.0,-4.590088,-0.0034844666
2018-01-03 16:00:00,1312.0,1325.956,1305.0,1322.1,1.0,0.0,9.390015,0.0071531525
2018-01-04 16:00:00,1322.4,1323.389,1313.2,1319.04,1.0,0.0,-3.0599365,-0.0023144516
2018-01-07 16:00:00,1319.2,1322.126,1314.4,1320.3,9.0,0.0,1.2600098,0.00095524755
2018-01-08 16:00:00,1320.14,1320.49,1308.1,1312.7,8.0,0.0,-7.6000977,-0.0057563414
2018-01-09 16:00:00,1312.0,1327.725,1307.6,1316.52,8.0,0.0,3.8200684,0.002910085
2018-01-10 16:00:00,1316.4,1323.95,1315.1,1322.11,5.0,0.0,5.589966,0.0042460165
2018-01-11 16:00:00,1321.9,1339.324,1321.1,1337.48,6.0,0.0,15.369995,0.011625353
2018-01-14 16:00:00,1336.25,1344.736,1335.6,1339.3,12.0,0.0,1.8200684,0.0013608191
2018-01-15 16:00:00,1339.4,1342.247,1331.2,1338.3,12.0,0.0,-1.0,-0.00074665865
2018-01-16 16:00:00,1338.0,1344.0,1325.77,1326.7,5.0,0.0,-11.600098,-0.008667786
2018-01-17 16:00:00,1326.4,1333.101,1324.05,1326.6,6.0,0.0,-0.099975586,-7.535659e-05
2018-01-18 16:00:00,1326.73,1338.039,1326.061,1331.03,9.0,0.0,4.4300537,0.0033394042
2018-01-21 16:00:00,1333.78,1335.8,1327.6,1333.9,12.0,0.0,2.869995,0.002156221
2018-01-22 16:00:00,1332.6,1341.8,1330.5,1341.3,6.0,0.0,7.4000244,0.0055476604
2018-01-23 16:00:00,1340.8,1362.084,1338.9,1358.3,9.0,0.0,17.0,0.012674271
2018-01-24 16:00:00,1357.5,1366.056,1341.8,1348.0,7.0,0.0,-10.300049,-0.007583044
2018-01-25 16:00:00,1346.5,1357.111,1343.9,1349.19,7.0,0.0,1.1899414,0.00088274584
2018-01-28 16:00:00,1349.42,1352.367,1336.9,1339.969,41608.0,0.0,-9.220947,-0.0068344325
2018-01-29 16:00:00,1340.7,1348.899,1333.8,1338.35,5.0,0.0,-1.6190186,-0.0012082508
2018-01-30 16:00:00,1338.16,1347.6,1332.0,1345.0,6.0,0.0,6.6500244,0.0049688234
2018-01-31 16:00:00,1343.8,1351.1,1336.7,1348.35,7.0,0.0,3.3499756,0.002490688
2018-02-01 16:00:00,1348.2,1350.049,1326.9,1332.578,11.0,0.0,-15.771973,-0.011697239
2018-02-04 16:00:00,1332.78,1341.595,1328.3,1339.45,11.0,0.0,6.8719482,0.0051568826
2018-02-05 16:00:00,1339.8,1346.086,1319.5,1324.15,8.0,0.0,-15.299927,-0.011422545
2018-02-06 16:00:00,1324.5,1332.296,1310.5,1318.5,7.0,0.0,-5.6500244,-0.0042669065
2018-02-07 16:00:00,1317.0,1322.151,1306.5,1318.65,7.0,0.0,0.15002441,0.00011378416
2018-02-08 16:00:00,1318.8,1322.7,1310.4,1315.76,11.0,0.0,-2.8900146,-0.0021916465
2018-02-11 16:00:00,1315.81,1327.055,1313.82,1322.7,12.0,0.0,6.9399414,0.0052744737
2018-02-12 16:00:00,1322.5,1330.991,1321.1,1329.45,8.0,0.0,6.75,0.0051031983
2018-02-13 16:00:00,1328.7,1355.68,1317.321,1350.308,11.0,0.0,20.858032,0.01568922
2018-02-14 16:00:00,1350.6,1357.12,1347.9,1353.2,6.0,0.0,2.8919678,0.0021417097
2018-02-15 16:00:00,1353.1,1361.705,1344.2,1346.78,3.0,0.0,-6.419922,-0.004744252
2018-02-18 16:00:00,1347.23,1351.351,1345.2,1345.8,9.0,0.0,-0.97998047,-0.00072764704
2018-02-19 16:00:00,1346.3,1348.2,1327.8,1328.75,3.0,0.0,-17.050049,-0.01266908
2018-02-20 16:00:00,1328.7,1336.21,1321.8,1324.29,7.0,0.0,-4.459961,-0.0033565087
2018-02-21 16:00:00,1323.8,1332.2,1320.3,1331.728,3.0,0.0,7.4379883,0.0056165857
2018-02-22 16:00:00,1331.2,1332.2,1325.2,1328.38,9.0,0.0,-3.3480225,-0.0025140436
2018-02-25 16:00:00,1328.13,1341.042,1326.2,1333.15,10.0,0.0,4.7700195,0.0035908546
2018-02-26 16:00:00,1332.8,1336.716,1312.7,1318.2,7.0,0.0,-14.950073,-0.011214097
2018-02-27 16:00:00,1317.8,1322.6,1314.9,1318.2,5.0,0.0,0.0,0.0
2018-02-28 16:00:00,1318.3,1321.2,1302.6,1316.9,5.0,0.0,-1.2999268,-0.0009861378
2018-03-01 16:00:00,1318.1,1325.5,1314.9,1322.3,7.0,0.0,5.4000244,0.0041005574
2018-03-04 16:00:00,1323.48,1327.8,1317.2,1319.75,40518.0,0.0,-2.5500488,-0.0019284949
2018-03-05 16:00:00,1319.6,1338.7,1319.4,1334.2,4.0,0.0,14.449951,0.010949006
2018-03-06 16:00:00,1336.1,1340.8,1321.9,1325.4,13.0,0.0,-8.799927,-0.006595658
2018-03-07 16:00:00,1325.3,1329.0,1318.7,1321.699,6.0,0.0,-3.7010498,-0.0027924022
2018-03-08 16:00:00,1322.6,1325.3,1312.7,1322.91,44282.0,0.0,1.2110596,0.00091629004
2018-03-11 16:00:00,1323.272,1324.246,1314.9,1323.0,1.0,0.0,0.08996582,6.8006004e-05
2018-03-12 16:00:00,1322.728,1328.5,1313.56,1326.2,36434.0,0.0,3.1999512,0.0024187083
2018-03-13 16:00:00,1325.8,1330.021,1321.3,1324.7,6.0,0.0,-1.5,-0.0011310512
2018-03-14 16:00:00,1324.418,1327.91,1314.6,1316.2,18.0,0.0,-8.5,-0.0064165476
2018-03-15 16:00:00,1316.15,1321.698,1309.3,1314.2,6.0,0.0,-2.0,-0.001519526
2018-03-18 16:00:00,1312.78,1319.8,1307.3,1316.7,0.0,0.0,2.5,0.0019022981
2018-03-19 16:00:00,1316.44,1318.3,1306.9,1311.1,99351.0,0.0,-5.5999756,-0.0042530387
2018-03-20 16:00:00,1310.949,1336.8,1309.6,1332.2,7.0,0.0,21.099976,0.016093338
2018-03-21 16:00:00,1331.7,1334.9,1324.6,1328.7,179.0,0.0,-3.5,-0.0026272333
2018-03-22 16:00:00,1329.03,1350.212,1328.8,1346.92,10.0,0.0,18.220093,0.013712722
2018-03-25 16:00:00,1347.129,1355.92,1343.1,1353.5,7.0,0.0,6.579956,0.004885187
2018-03-26 16:00:00,1353.12,1356.83,1339.5,1344.6,242.0,0.0,-8.900024,-0.006575563
2018-03-27 16:00:00,1345.2,1346.99,1323.2,1325.3,5.0,0.0,-19.299927,-0.014353657
2018-03-28 16:00:00,1324.6,1328.316,1321.069,1325.05,9.0,0.0,-0.25,-0.00018863654
2018-03-29 16:00:00,1325.03,1325.04,1325.03,1325.04,1.0,0.0,-0.010009766,-7.554255e-06
2018-04-01 16:00:00,1325.85,1345.1,1324.5,1341.3,5.0,0.0,16.26001,0.012271334
2018-04-02 16:00:00,1340.38,1342.5,1328.6,1332.3,10.0,0.0,-9.0,-0.006709908
2018-04-03 16:00:00,1332.7,1348.4,1331.2,1333.0,5.0,0.0,0.6999512,0.00052537053
2018-04-04 16:00:00,1332.86,1334.89,1322.4,1326.2,73921.0,0.0,-6.800049,-0.005101312
2018-04-05 16:00:00,1326.14,1335.5,1319.3,1333.41,8.0,0.0,7.210083,0.0054366486
2018-04-08 16:00:00,1334.53,1338.0,1326.6,1336.2,36637.0,0.0,2.789917,0.0020923174
2018-04-09 16:00:00,1336.1,1342.6,1330.9,1339.4,6.0,0.0,3.2000732,0.002394906
2018-04-10 16:00:00,1339.0,1365.7,1338.7,1352.9,4.0,0.0,13.5,0.01007914
2018-04-11 16:00:00,1352.65,1353.4,1333.2,1334.8,0.0,0.0,-18.099976,-0.01337865
2018-04-12 16:00:00,1334.6,1347.3,1332.6,1346.0,8.0,0.0,11.199951,0.008390733
2018-04-15 16:00:00,1346.49,1350.6,1339.9,1345.6,3.0,0.0,-0.4000244,-0.00029719496
2018-04-16 16:00:00,1346.1,1349.384,1337.3,1347.1,10.0,0.0,1.5,0.0011147443
2018-04-17 16:00:00,1347.31,1356.0,1342.0,1349.1,5.0,0.0,2.0,0.0014846708
2018-04-18 16:00:00,1349.16,1354.8,1340.5,1345.5,38765.0,0.0,-3.5999756,-0.0026684275
2018-04-19 16:00:00,1345.746,1346.286,1334.31,1335.52,7.0,0.0,-9.97998,-0.0074173026
2018-04-22 16:00:00,1334.03,1335.9,1321.8,1324.64,3.0,0.0,-10.880005,-0.008146643
2018-04-23 16:00:00,1324.35,1332.65,1321.8,1330.5,5.0,0.0,5.8599854,0.0044238325
2018-04-24 16:00:00,1329.38,1332.056,1318.6,1323.1,9.0,0.0,-7.4000244,-0.005561837
2018-04-25 16:00:00,1322.78,1326.6,1315.0,1316.9,5.0,0.0,-6.199951,-0.004685928
2018-04-26 16:00:00,1316.7,1325.3,1315.2,1324.0,5.0,0.0,7.0999756,0.005391431
2018-04-29 16:00:00,1322.4,1326.43,1310.05,1315.5,0.0,0.0,-8.5,-0.0064199395
2018-04-30 16:00:00,1314.68,1316.336,1301.5,1304.0,5.0,0.0,-11.5,-0.008741924
2018-05-01 16:00:00,1303.5,1313.6,1303.42,1304.9,6.0,0.0,0.9000244,0.00069020275
2018-05-02 16:00:00,1304.576,1318.1,1304.29,1312.0,7.0,0.0,7.0999756,0.005441011
2018-05-03 16:00:00,1311.72,1315.7,1307.8,1314.77,4.0,0.0,2.7700195,0.0021112955
2018-05-06 16:00:00,1315.28,1318.943,1309.9,1314.0,6.0,0.0,-0.77001953,-0.0005856686
2018-05-07 16:00:00,1313.52,1317.9,1305.8,1314.4,6.0,0.0,0.4000244,0.0003044326
2018-05-08 16:00:00,1314.45,1317.5,1303.83,1312.19,5.0,0.0,-2.210083,-0.0016814386
2018-05-09 16:00:00,1312.31,1323.0,1310.3,1321.2,1.0,0.0,9.01001,0.0068663913
2018-05-10 16:00:00,1321.2,1325.916,1316.9,1318.85,4.0,0.0,-2.3499756,-0.0017786677
2018-05-13 16:00:00,1318.02,1322.311,1312.4,1313.3,38590.0,0.0,-5.5499268,-0.0042081564
2018-05-14 16:00:00,1313.19,1314.856,1288.3,1290.2,3.0,0.0,-23.100098,-0.017589353
2018-05-15 16:00:00,1289.77,1296.92,1286.2,1290.7,9.0,0.0,0.5,0.00038753683
2018-05-16 16:00:00,1290.16,1294.4,1284.67,1290.75,7.0,0.0,0.050048828,3.87765e-05
2018-05-17 16:00:00,1290.59,1294.3,1285.8,1292.97,1.0,0.0,2.2199707,0.0017199076
2018-05-20 16:00:00,1290.67,1293.4,1281.7,1292.8,9.0,0.0,-0.16992188,-0.00013141982
2018-05-21 16:00:00,1292.37,1296.121,1287.7,1291.2,4.0,0.0,-1.6000977,-0.0012376993
2018-05-22 16:00:00,1290.98,1298.5,1287.55,1293.3,4.0,0.0,2.1000977,0.0016264698
2018-05-23 16:00:00,1293.43,1306.7,1292.6,1304.5,7.0,0.0,11.199951,0.008659979
2018-05-24 16:00:00,1303.96,1307.77,1299.6,1301.7,6.0,0.0,-2.8000488,-0.0021464536
2018-05-27 16:00:00,1299.79,1300.315,1295.3,1297.62,0.0,0.0,-4.079956,-0.003134329
2018-05-28 16:00:00,1297.659,1306.411,1292.19,1298.7,8.0,0.0,1.079956,0.00083225913
2018-05-29 16:00:00,1298.32,1304.4,1295.6,1301.2,5.0,0.0,2.5,0.001925002
2018-05-30 16:00:00,1301.186,1306.54,1296.99,1297.9,5.0,0.0,-3.2999268,-0.0025360642
2018-05-31 16:00:00,1298.596,1300.54,1289.2,1292.95,7.0,0.0,-4.9500732,-0.0038139096
2018-06-03 16:00:00,1292.21,1298.056,1290.0,1291.5,7.0,0.0,-1.4499512,-0.0011214287
2018-06-04 16:00:00,1292.04,1300.8,1289.65,1296.3,3.0,0.0,4.800049,0.0037166465
2018-06-05 16:00:00,1296.156,1301.9,1293.6,1296.4,5.0,0.0,0.099975586,7.71238e-05
2018-06-06 16:00:00,1296.334,1303.5,1294.7,1297.1,5.0,0.0,0.6999512,0.0005399191
2018-06-07 16:00:00,1296.786,1300.6,1292.7,1298.5,68570.0,0.0,1.4000244,0.0010793497
2018-06-10 16:00:00,1299.84,1302.35,1293.7,1300.4,0.0,0.0,1.9000244,0.0014632456
2018-06-11 16:00:00,1300.22,1300.6,1292.5,1295.6,38607.0,0.0,-4.800049,-0.0036912095
2018-06-12 16:00:00,1295.58,1301.196,1291.3,1299.6,2.0,0.0,4.0,0.0030873728
2018-06-13 16:00:00,1299.11,1309.3,1297.3,1302.4,7.0,0.0,2.8000488,0.0021545468
2018-06-14 16:00:00,1302.12,1303.13,1275.1,1278.45,8.0,0.0,-23.950073,-0.018389184
2018-06-17 16:00:00,1277.759,1282.44,1276.89,1278.1,3.0,0.0,-0.3499756,-0.00027374993
2018-06-18 16:00:00,1278.12,1284.1,1270.1,1274.6,38090.0,0.0,-3.5,-0.00273844
2018-06-19 16:00:00,1274.75,1276.5,1267.331,1267.7,8.0,0.0,-6.9000244,-0.0054134824
2018-06-20 16:00:00,1267.35,1270.2,1260.974,1267.1,6.0,0.0,-0.5999756,-0.00047327887
2018-06-21 16:00:00,1266.51,1271.21,1266.3,1269.8,6.0,0.0,2.7000732,0.0021309077
2018-06-24 16:00:00,1270.3,1272.56,1264.144,1265.4,0.0,0.0,-4.4000244,-0.0034651316
2018-06-25 16:00:00,1265.496,1267.67,1254.5,1258.8,5.0,0.0,-6.5999756,-0.0052157226
2018-06-26 16:00:00,1258.5,1260.1,1250.5,1252.16,6.0,0.0,-6.6400146,-0.0052748765
2018-06-27 16:00:00,1251.73,1254.238,1245.7,1248.0,7.0,0.0,-4.160034,-0.0033222863
2018-06-28 16:00:00,1247.83,1255.7,1245.65,1252.4,2.0,0.0,4.4000244,0.0035256606
2018-07-01 16:00:00,1251.88,1254.21,1239.3,1242.0,7.0,0.0,-10.400024,-0.008304075
2018-07-02 16:00:00,1241.7,1257.0,1237.6,1252.8,4.0,0.0,10.800049,0.008695692
2018-07-03 16:00:00,1252.1,1261.2,1251.4,1257.8,5.0,0.0,5.0,0.00399106
2018-07-04 16:00:00,1256.526,1259.8,1251.0,1257.6,7.0,0.0,-0.20007324,-0.00015906601
2018-07-05 16:00:00,1257.05,1259.0,1252.5,1254.63,5.0,0.0,-2.9699707,-0.002361618
2018-07-08 16:00:00,1254.75,1265.9,1254.5,1257.6,0.0,0.0,2.9699707,0.0023672085
2018-07-09 16:00:00,1257.39,1260.31,1247.0,1255.5,0.0,0.0,-2.0999756,-0.001669828
2018-07-10 16:00:00,1255.7,1256.882,1241.2,1241.9,8.0,0.0,-13.599976,-0.010832318
2018-07-11 16:00:00,1241.67,1248.6,1241.0,1247.2,5.0,0.0,5.2999268,0.0042675952
2018-07-12 16:00:00,1247.1,1248.1,1236.28,1241.27,4.0,0.0,-5.9299316,-0.004754596
2018-07-15 16:00:00,1240.63,1245.6,1238.1,1240.8,5.0,0.0,-0.4699707,-0.00037862084
2018-07-16 16:00:00,1240.55,1245.01,1225.9,1227.6,4.0,0.0,-13.200073,-0.010638356
2018-07-17 16:00:00,1226.7,1229.142,1220.9,1227.6,480.0,0.0,0.0,0.0
2018-07-18 16:00:00,1227.15,1229.7,1211.176,1222.7,4.0,0.0,-4.9000244,-0.003991548
2018-07-19 16:00:00,1222.7,1232.4,1215.514,1231.51,46826.0,0.0,8.810059,0.007205413
2018-07-22 16:00:00,1231.171,1235.2,1222.0,1224.4,26303.0,0.0,-7.1099854,-0.0057733883
2018-07-23 16:00:00,1224.145,1229.508,1218.0,1224.5,6.0,0.0,0.099975586,8.165272e-05
2018-07-24 16:00:00,1224.06,1234.182,1223.0,1231.4,6.0,0.0,6.9000244,0.005634973
2018-07-25 16:00:00,1231.766,1235.24,1221.8,1222.4,5.0,0.0,-9.0,-0.007308754
2018-07-26 16:00:00,1222.73,1227.5,1217.3,1223.78,8.0,0.0,1.3800049,0.0011289307
2018-07-29 16:00:00,1222.29,1225.1,1218.89,1221.3,2040.0,0.0,-2.4799805,-0.002026492
2018-07-30 16:00:00,1221.32,1228.7,1213.7,1223.7,4797.0,0.0,2.3999023,0.0019650392
2018-07-31 16:00:00,1223.57,1224.85,1215.5,1215.8,4.0,0.0,-7.8999023,-0.006455751
2018-08-01 16:00:00,1215.87,1221.268,1206.7,1207.5,3.0,0.0,-8.300049,-0.006826821
2018-08-02 16:00:00,1207.35,1220.2,1204.1,1214.4,3.0,0.0,6.9000244,0.005714306
2018-08-05 16:00:00,1213.71,1217.89,1206.142,1207.3,5.0,0.0,-7.0999756,-0.0058464883
2018-08-06 16:00:00,1207.188,1216.14,1207.004,1210.8,4.0,0.0,3.5,0.0028990307
2018-08-07 16:00:00,1210.68,1215.86,1206.106,1213.8,104.0,0.0,3.0,0.0024777006
2018-08-08 16:00:00,1213.91,1217.31,1210.5,1212.3,6.0,0.0,-1.5,-0.0012357883
2018-08-09 16:00:00,1212.4,1217.2,1205.5,1210.23,6.0,0.0,-2.0700684,-0.0017075544
2018-08-12 16:00:00,1210.672,1213.87,1191.4,1193.38,5.0,0.0,-16.849976,-0.013922953
2018-08-13 16:00:00,1193.91,1198.8,1191.795,1194.2,7.0,0.0,0.8199463,0.000687079
2018-08-14 16:00:00,1193.95,1194.7,1172.822,1174.7,5.0,0.0,-19.5,-0.016328923
2018-08-15 16:00:00,1175.05,1182.0,1160.0,1174.2,7.0,0.0,-0.5,-0.0004256406
2018-08-16 16:00:00,1173.48,1186.32,1171.6,1186.32,4.0,0.0,12.119995,0.010321918
2018-08-19 16:00:00,1183.26,1190.87,1182.5,1190.2,0.0,0.0,3.880005,0.0032706226
2018-08-20 16:00:00,1190.32,1197.1,1187.4,1195.8,2.0,0.0,5.6000977,0.004705174
2018-08-21 16:00:00,1195.7,1201.597,1192.4,1195.11,37733.0,0.0,-0.6900635,-0.0005770726
2018-08-22 16:00:00,1195.75,1196.62,1183.5,1185.07,63.0,0.0,-10.040039,-0.008400933
2018-08-23 16:00:00,1185.0,1208.52,1182.9,1205.55,92192.0,0.0,20.480103,0.017281767
2018-08-26 16:00:00,1207.38,1212.5,1202.9,1211.2,0.0,0.0,5.6499023,0.0046865763
2018-08-27 16:00:00,1211.1,1214.3,1199.4,1200.8,6.0,0.0,-10.399902,-0.008586446
2018-08-28 16:00:00,1200.38,1207.4,1200.38,1206.8,50.0,0.0,6.0,0.0049966685
2018-08-29 16:00:00,1206.4,1207.9,1195.9,1199.76,39165.0,0.0,-7.040039,-0.0058336416
2018-08-30 16:00:00,1200.33,1209.0,1198.15,1201.5,5.0,0.0,1.7399902,0.0014502819
2018-09-02 16:00:00,1200.03,1204.0,1195.3,1201.2,38073.0,0.0,-0.30004883,-0.00024972853
2018-09-03 16:00:00,1201.45,1202.03,1189.49,1190.7,9.0,0.0,-10.5,-0.008741259
2018-09-04 16:00:00,1191.3,1198.41,1190.6,1196.8,6.0,0.0,6.1000977,0.005123119
2018-09-05 16:00:00,1196.4,1207.0,1195.3,1199.92,5.0,0.0,3.119995,0.0026069477
2018-09-06 16:00:00,1199.98,1203.53,1193.2,1196.47,165.0,0.0,-3.4500732,-0.0028752526
2018-09-09 16:00:00,1194.1,1198.7,1191.143,1195.6,42444.0,0.0,-0.8699951,-0.00072713493
2018-09-10 16:00:00,1194.96,1199.43,1187.58,1197.55,5.0,0.0,1.9500732,0.0016310415
2018-09-11 16:00:00,1198.24,1208.5,1192.5,1206.0,38779.0,0.0,8.449951,0.007056032
2018-09-12 16:00:00,1206.75,1212.64,1199.95,1201.31,4.0,0.0,-4.6899414,-0.0038888403
2018-09-13 16:00:00,1201.4,1208.7,1192.44,1193.6,4.0,0.0,-7.710083,-0.0064180624
2018-09-16 16:00:00,1194.15,1204.9,1192.5,1200.5,9.0,0.0,6.9000244,0.0057808515
2018-09-17 16:00:00,1201.52,1203.54,1195.6,1197.61,7.0,0.0,-2.8900146,-0.0024073424
2018-09-18 16:00:00,1197.9,1206.2,1197.4,1203.9,4.0,0.0,6.290039,0.0052521597
2018-09-19 16:00:00,1203.75,1208.41,1201.0,1207.2,3.0,0.0,3.2999268,0.0027410307
2018-09-20 16:00:00,1207.106,1211.05,1191.5,1199.66,6.0,0.0,-7.539917,-0.0062457896
2018-09-23 16:00:00,1199.38,1204.2,1194.1,1198.7,0.0,0.0,-0.960083,-0.0008002959
2018-09-24 16:00:00,1198.5,1203.5,1196.8,1200.9,5.0,0.0,2.2000732,0.0018353828
2018-09-25 16:00:00,1200.79,1202.5,1190.3,1194.1,2.0,0.0,-6.800049,-0.0056624603
2018-09-26 16:00:00,1194.55,1198.63,1181.72,1182.7,5.0,0.0,-11.400024,-0.00954696
2018-09-27 16:00:00,1182.42,1193.6,1180.34,1191.8,4.0,0.0,9.100098,0.0076943417
2018-09-30 16:00:00,1191.98,1192.41,1184.3,1189.1,0.0,0.0,-2.7000732,-0.002265542
2018-10-01 16:00:00,1188.55,1208.5,1188.1,1203.3,5.0,0.0,14.200073,0.011941867
2018-10-02 16:00:00,1202.7,1208.6,1196.336,1197.1,8.0,0.0,-6.2000732,-0.005152558
2018-10-03 16:00:00,1197.28,1206.9,1195.7,1199.7,8.0,0.0,2.5999756,0.002171895
2018-10-04 16:00:00,1199.81,1206.0,1196.9,1203.29,6.0,0.0,3.590088,0.0029924882
2018-10-07 16:00:00,1202.75,1204.08,1182.542,1188.3,0.0,0.0,-14.98999,-0.012457504
2018-10-08 16:00:00,1188.75,1191.89,1183.1,1189.6,36095.0,0.0,1.2999268,0.0010939381
2018-10-09 16:00:00,1189.426,1195.0,1185.1,1194.3,3.0,0.0,4.7000732,0.0039509693
2018-10-10 16:00:00,1194.25,1226.4,1191.0,1224.4,10.0,0.0,30.099976,0.025203027
2018-10-11 16:00:00,1223.9,1224.16,1215.5,1218.1,6.0,0.0,-6.300049,-0.005145417
2018-10-14 16:00:00,1217.529,1233.3,1216.555,1226.88,3.0,0.0,8.780029,0.007207971
2018-10-15 16:00:00,1226.76,1232.4,1223.205,1224.03,5.0,0.0,-2.8499756,-0.0023229457
2018-10-16 16:00:00,1224.56,1229.6,1220.3,1222.3,4.0,0.0,-1.7299805,-0.001413348
2018-10-17 16:00:00,1222.0,1230.14,1218.4,1225.6,4.0,0.0,3.2999268,0.0026997682
2018-10-18 16:00:00,1225.29,1230.8,1222.9,1225.6,4.0,0.0,0.0,0.0
2018-10-21 16:00:00,1227.203,1229.57,1219.9,1222.0,0.0,0.0,-3.5999756,-0.002937317
2018-10-22 16:00:00,1230.17,1230.17,1230.17,1230.17,8.0,0.0,8.170044,0.006685797
2018-10-23 16:00:00,1230.245,1234.3,1225.4,1234.2,3.0,0.0,4.029907,0.0032758946
2018-10-24 16:00:00,1233.765,1239.19,1227.8,1231.8,46808.0,0.0,-2.3999023,-0.0019445005
2018-10-25 16:00:00,1231.66,1243.427,1229.8,1233.08,71.0,0.0,1.2799072,0.0010390544
2018-10-28 16:00:00,1233.7,1235.42,1223.9,1229.35,0.0,0.0,-3.7299805,-0.00302493
2018-10-29 16:00:00,1229.54,1230.58,1219.6,1222.59,1.0,0.0,-6.76001,-0.005498849
2018-10-30 16:00:00,1222.6,1223.27,1211.8,1215.0,1.0,0.0,-7.589966,-0.006208104
2018-10-31 16:00:00,1214.55,1237.6,1214.4,1233.2,4.0,0.0,18.199951,0.014979384
2018-11-01 16:00:00,1233.726,1236.43,1229.4,1232.53,1.0,0.0,-0.6699219,-0.00054323865
2018-11-04 16:00:00,1232.598,1235.12,1226.6,1231.27,1.0,0.0,-1.2600098,-0.0010222954
2018-11-05 16:00:00,1231.3,1235.94,1223.2,1226.62,3.0,0.0,-4.6500244,-0.0037766083
2018-11-06 16:00:00,1227.064,1236.6,1222.7,1226.3,42022.0,0.0,-0.3199463,-0.00026083572
2018-11-07 16:00:00,1226.186,1227.17,1219.99,1223.7,4.0,0.0,-2.6000977,-0.0021202785
2018-11-08 16:00:00,1223.31,1223.67,1206.3,1209.584,6.0,0.0,-14.115967,-0.011535481
2018-11-11 16:00:00,1209.5,1211.48,1199.7,1200.1,0.0,0.0,-9.484009,-0.00784072
2018-11-12 16:00:00,1200.38,1205.2,1196.0,1202.1,4.0,0.0,2.0,0.0016665278
2018-11-13 16:00:00,1202.276,1216.6,1197.4,1210.65,4.0,0.0,8.550049,0.007112594
2018-11-14 16:00:00,1210.5,1216.47,1207.0,1213.13,6.0,0.0,2.4799805,0.00204847
2018-11-15 16:00:00,1213.7,1225.4,1212.9,1221.136,9.0,0.0,8.005981,0.006599442
2018-11-18 16:00:00,1221.9,1225.4,1217.7,1223.94,0.0,0.0,2.803955,0.0022961858
2018-11-19 16:00:00,1224.05,1228.74,1219.6,1221.39,5.0,0.0,-2.5499268,-0.0020833758
2018-11-20 16:00:00,1221.59,1230.3,1219.4,1225.77,4.0,0.0,4.380005,0.003586082
2018-11-21 16:00:00,1225.8,1229.09,1224.6,1226.856,1.0,0.0,1.0859375,0.0008859227
2018-11-22 16:00:00,1227.47,1228.575,1219.93,1222.85,2.0,0.0,-4.0059814,-0.0032652419
2018-11-25 16:00:00,1223.36,1228.036,1221.4,1222.016,4.0,0.0,-0.8339844,-0.0006820006
2018-11-26 16:00:00,1221.99,1225.26,1211.6,1214.8,5.0,0.0,-7.2159424,-0.0059049493
2018-11-27 16:00:00,1214.54,1227.4,1211.0,1220.87,8.0,0.0,6.0699463,0.004996663
2018-11-28 16:00:00,1220.71,1229.0,1220.1,1224.1,35752.0,0.0,3.2299805,0.0026456383
2018-11-29 16:00:00,1224.03,1225.58,1216.3,1222.136,5.0,0.0,-1.9639893,-0.0016044354
2018-12-02 16:00:00,1222.64,1234.9,1221.0,1230.45,75322.0,0.0,8.313965,0.006802815
2018-12-03 16:00:00,1231.235,1242.0,1230.2,1238.23,6.0,0.0,7.7800293,0.0063229143
2018-12-04 16:00:00,1238.92,1239.3,1233.1,1236.9,7.0,0.0,-1.329956,-0.0010740784
2018-12-05 16:00:00,1237.38,1244.4,1234.4,1237.4,9.0,0.0,0.5,0.0004042364
2018-12-06 16:00:00,1237.206,1250.06,1236.9,1248.165,7.0,0.0,10.765015,0.008699705
2018-12-09 16:00:00,1249.29,1250.88,1241.4,1244.13,13663.0,0.0,-4.035034,-0.003232773
2018-12-10 16:00:00,1244.06,1249.516,1240.7,1243.03,7.0,0.0,-1.0999756,-0.00088413234
2018-12-11 16:00:00,1242.82,1247.2,1241.7,1245.2,113.0,0.0,2.1699219,0.0017456713
2018-12-12 16:00:00,1245.57,1246.73,1239.9,1241.655,8.0,0.0,-3.5449219,-0.0028468696
2018-12-13 16:00:00,1241.54,1243.04,1232.6,1238.125,6.0,0.0,-3.5300293,-0.0028430033
2018-12-16 16:00:00,1238.46,1248.1,1235.3,1245.56,0.0,0.0,7.4350586,0.0060050953
2018-12-17 16:00:00,1245.62,1250.35,1244.7,1249.095,38267.0,0.0,3.534912,0.0028380102
2018-12-18 16:00:00,1249.64,1258.1,1241.5,1242.755,6.0,0.0,-6.339966,-0.0050756475
2018-12-19 16:00:00,1242.94,1266.7,1242.5,1259.7,5.0,0.0,16.944946,0.013634985
2018-12-20 16:00:00,1260.324,1262.73,1253.6,1255.744,6.0,0.0,-3.9559326,-0.0031403769
2018-12-23 16:00:00,1257.04,1270.5,1256.83,1269.02,4.0,0.0,13.276001,0.010572219
2018-12-24 16:00:00,1269.8,1269.8,1269.8,1269.8,0.0,0.0,0.7800293,0.00061467063
2018-12-25 16:00:00,1270.3,1279.1,1264.168,1266.8,0.0,0.0,-3.0,-0.0023625768
2018-12-26 16:00:00,1266.75,1278.96,1266.155,1275.344,5.0,0.0,8.543945,0.0067445096
2018-12-27 16:00:00,1275.42,1282.12,1273.9,1280.764,0.0,0.0,5.420044,0.0042498684
2018-12-30 16:00:00,1280.36,1284.072,1277.0,1282.2,0.0,0.0,1.4359131,0.0011211379
2018-12-31 16:00:00,1282.25,1282.25,1282.25,1282.25,0.0,0.0,0.050048828,3.903356e-05
2019-01-01 16:00:00,1282.4,1288.723,1278.3,1284.17,0.0,0.0,1.920044,0.0014974022
2019-01-02 16:00:00,1284.28,1294.9,1284.28,1294.1,2.0,0.0,9.929932,0.0077325674
2019-01-03 16:00:00,1294.04,1298.538,1276.0,1284.844,8.0,0.0,-9.255981,-0.007152447
2019-01-06 16:00:00,1285.27,1295.2,1282.2,1288.9,8.0,0.0,4.0560303,0.003156827
2019-01-07 16:00:00,1288.34,1290.22,1279.2,1284.91,4.0,0.0,-3.9899902,-0.0030956552
2019-01-08 16:00:00,1284.84,1293.91,1279.8,1293.4,5.0,0.0,8.48999,0.006607459
2019-01-09 16:00:00,1293.69,1297.068,1285.7,1286.4,8.0,0.0,-7.0,-0.005412092
2019-01-10 16:00:00,1286.65,1295.15,1286.4,1287.224,5.0,0.0,0.8239746,0.0006405275
2019-01-13 16:00:00,1287.39,1295.87,1287.19,1291.32,0.0,0.0,4.0959473,0.0031820005
2019-01-14 16:00:00,1291.74,1294.69,1286.5,1289.184,0.0,0.0,-2.1359863,-0.0016541108
2019-01-15 16:00:00,1289.25,1295.0,1287.5,1293.5,0.0,0.0,4.31604,0.0033478853
2019-01-16 16:00:00,1293.77,1295.36,1288.5,1291.674,4.0,0.0,-1.8260498,-0.0014117123
2019-01-17 16:00:00,1292.08,1292.506,1280.2,1281.424,6.0,0.0,-10.25,-0.007935439
2019-01-20 16:00:00,1281.09,1283.57,1276.4,1280.05,0.0,0.0,-1.3739014,-0.0010721677
2019-01-21 16:00:00,1279.8,1285.52,1277.1,1284.91,34135.0,0.0,4.8599854,0.003796715
2019-01-22 16:00:00,1285.4,1286.53,1278.3,1282.5,5.0,0.0,-2.4100342,-0.0018756443
2019-01-23 16:00:00,1282.81,1284.82,1276.563,1280.904,2.0,0.0,-1.5959473,-0.0012444033
2019-01-24 16:00:00,1280.73,1304.0,1279.5,1302.91,3.0,0.0,22.005981,0.017180039
2019-01-27 16:00:00,1302.72,1304.41,1297.4,1303.014,36859.0,0.0,0.104003906,7.982432e-05
2019-01-28 16:00:00,1302.97,1311.99,1302.4,1311.5,4.0,0.0,8.485962,0.0065125637
2019-01-29 16:00:00,1311.91,1323.38,1308.9,1319.7,1.0,0.0,8.199951,0.0062523456
2019-01-30 16:00:00,1320.27,1326.3,1317.0,1321.04,6.0,0.0,1.3400879,0.001015449
2019-01-31 16:00:00,1321.0,1323.57,1315.9,1317.265,0.0,0.0,-3.7750244,-0.0028576155
2019-02-03 16:00:00,1317.2,1319.04,1308.4,1312.1,0.0,0.0,-5.165039,-0.0039210324
2019-02-04 16:00:00,1312.17,1316.9,1310.4,1314.73,6.0,0.0,2.630005,0.002004424
2019-02-05 16:00:00,1315.1,1315.82,1305.4,1306.3,4.0,0.0,-8.429932,-0.006411911
2019-02-06 16:00:00,1307.999,1311.96,1302.4,1309.73,1.0,0.0,3.4299316,0.0026256845
2019-02-07 16:00:00,1310.22,1315.63,1307.5,1314.12,8.0,0.0,4.3900146,0.0033518472
2019-02-10 16:00:00,1313.62,1314.89,1303.4,1307.795,5.0,0.0,-6.324951,-0.00481307
2019-02-11 16:00:00,1307.94,1314.76,1306.3,1310.45,3.0,0.0,2.6549072,0.0020300637
2019-02-12 16:00:00,1310.69,1318.17,1304.8,1306.0,0.0,0.0,-4.449951,-0.003395743
2019-02-13 16:00:00,1306.29,1314.4,1302.16,1312.6,8.0,0.0,6.5999756,0.0050535803
2019-02-14 16:00:00,1312.44,1322.62,1311.1,1321.12,4.0,0.0,8.52002,0.006490949
2019-02-17 16:00:00,1321.17,1327.63,1320.3,1326.04,156.0,0.0,4.920044,0.0037241462
2019-02-18 16:00:00,1325.98,1341.86,1322.5,1340.8,5.0,0.0,14.76001,0.011130893
2019-02-19 16:00:00,1340.54,1346.75,1336.7,1338.1,3.0,0.0,-2.7000732,-0.0020137776
2019-02-20 16:00:00,1338.74,1341.52,1320.79,1323.3,7.0,0.0,-14.799927,-0.011060405
2019-02-21 16:00:00,1323.41,1333.13,1321.348,1327.894,4.0,0.0,4.593994,0.0034716194
2019-02-24 16:00:00,1329.36,1332.6,1325.0,1327.242,0.0,0.0,-0.6520996,-0.00049107807
2019-02-25 16:00:00,1327.47,1330.16,1323.3,1328.9,34086.0,0.0,1.658081,0.0012492681
2019-02-26 16:00:00,1328.7,1329.88,1316.679,1319.7,3.0,0.0,-9.200073,-0.006923074
2019-02-27 16:00:00,1319.536,1327.4,1312.4,1312.835,36817.0,0.0,-6.86499,-0.0052019325
2019-02-28 16:00:00,1313.986,1315.23,1289.9,1293.055,38524.0,0.0,-19.779907,-0.01506656
2019-03-03 16:00:00,1293.09,1297.05,1282.7,1286.5,321.0,0.0,-6.5550537,-0.0050694314
2019-03-04 16:00:00,1286.5,1289.584,1281.14,1287.604,103769.0,0.0,1.1040039,0.0008581453
2019-03-05 16:00:00,1287.504,1290.92,1283.5,1286.34,104542.0,0.0,-1.2640381,-0.0009816978
2019-03-06 16:00:00,1286.28,1288.96,1280.79,1285.316,101908.0,0.0,-1.0239258,-0.00079599937
2019-03-07 16:00:00,1286.3,1300.69,1284.9,1298.016,105960.0,0.0,12.699951,0.009880801
2019-03-10 16:00:00,1293.3,1293.3,1293.3,1293.3,1.0,0.0,-4.7159424,-0.0036331927
2019-03-11 16:00:00,1293.3,1302.24,1291.8,1301.356,104506.0,0.0,8.055908,0.0062289555
2019-03-12 16:00:00,1301.4,1311.3,1300.3,1308.82,1.0,0.0,7.4639893,0.0057355477
2019-03-13 16:00:00,1309.12,1310.35,1292.75,1295.9,105236.0,0.0,-12.919922,-0.009871428
2019-03-14 16:00:00,1295.87,1306.34,1293.8,1302.096,101368.0,0.0,6.195923,0.0047811735
2019-03-17 16:00:00,1302.09,1306.68,1298.09,1303.509,97241.0,0.0,1.4130859,0.0010852395
2019-03-18 16:00:00,1303.4,1310.88,1302.24,1306.32,95677.0,0.0,2.810913,0.0021564201
2019-03-19 16:00:00,1312.3,1312.3,1312.3,1312.3,1.0,0.0,5.9801025,0.004577824
2019-03-20 16:00:00,1309.3,1309.3,1309.3,1309.3,3.0,0.0,-3.0,-0.0022860626
2019-03-21 16:00:00,1309.3,1314.97,1306.7,1313.247,107050.0,0.0,3.9468994,0.003014511
2019-03-24 16:00:00,1313.448,1324.52,1310.8,1321.74,104933.0,0.0,8.493042,0.0064672087
2019-03-25 16:00:00,1321.7,1323.236,1312.4,1315.57,105253.0,0.0,-6.170044,-0.004668122
2019-03-26 16:00:00,1315.67,1319.3,1308.0,1309.35,107315.0,0.0,-6.2199707,-0.0047279666
2019-03-27 16:00:00,1290.0,1290.0,1290.0,1290.0,1.0,0.0,-19.349976,-0.014778307
2019-03-28 16:00:00,1290.0,1299.81,1286.72,1291.91,106202.0,0.0,1.9100342,0.0014806467
2019-03-31 16:00:00,1291.08,1297.0,1286.38,1287.42,99506.0,0.0,-4.48999,-0.0034754667
2019-04-01 16:00:00,1287.65,1292.57,1285.19,1292.24,100365.0,0.0,4.8199463,0.0037438802
2019-04-02 16:00:00,1292.24,1294.51,1288.34,1289.786,99592.0,0.0,-2.4539795,-0.0018990121
2019-04-03 16:00:00,1289.83,1294.4,1280.84,1292.11,97868.0,0.0,2.3239746,0.0018018296
2019-04-04 16:00:00,1292.27,1293.6,1284.325,1291.486,96794.0,0.0,-0.62402344,-0.00048294917
2019-04-07 16:00:00,1291.34,1303.7,1291.2,1297.25,94720.0,0.0,5.764038,0.0044631055
2019-04-08 16:00:00,1297.43,1306.2,1296.3,1303.9,92940.0,0.0,6.6500244,0.005126247
2019-04-09 16:00:00,1303.98,1310.6,1300.85,1307.976,94790.0,0.0,4.0759277,0.0031259512
2019-04-10 16:00:00,1308.122,1309.22,1289.5,1292.5,97586.0,0.0,-15.475952,-0.011831985
2019-04-11 16:00:00,1292.26,1295.75,1289.96,1290.52,94982.0,0.0,-1.9799805,-0.0015318998
2019-04-14 16:00:00,1290.72,1291.97,1282.46,1287.84,93370.0,0.0,-2.6800537,-0.0020767238
2019-04-15 16:00:00,1287.53,1288.73,1285.2,1285.396,78069664.0,0.0,-2.4439697,-0.0018977278
2019-04-16 16:00:00,1273.7,1273.7,1272.99,1273.1,3.0,0.0,-3.526001,-0.0027619686
2019-04-17 16:00:00,1275.51,1275.51,1275.51,1275.51,1.0,0.0,2.4100342,0.001893044
2019-04-18 16:00:00,1275.51,1275.51,1275.49,1275.49,1.0,0.0,-0.020019531,-1.5695316e-05
2019-04-21 16:00:00,1275.57,1279.81,1273.71,1274.8,83620.0,0.0,-0.6899414,-0.0005409226
2019-04-22 16:00:00,1275.01,1276.5,1266.19,1271.937,92275.0,0.0,-2.863037,-0.0022458716
2019-04-23 16:00:00,1272.33,1278.8,1268.5,1275.49,98406.0,0.0,3.5529785,0.0027933605
2019-04-24 16:00:00,1275.38,1282.8,1273.1,1276.94,96470.0,0.0,1.4499512,0.0011367798
2019-04-25 16:00:00,1276.976,1288.7,1274.45,1285.87,98971.0,0.0,8.930054,0.006993323
2019-04-28 16:00:00,1279.7,1279.7,1279.7,1279.7,1.0,0.0,-6.170044,-0.004798342
2019-04-29 16:00:00,1283.35,1283.35,1283.35,1283.35,96003.0,0.0,3.6500244,0.0028522501
2019-04-30 16:00:00,1283.35,1287.21,1272.88,1276.62,91929.0,0.0,-6.7299805,-0.0052440725
2019-05-01 16:00:00,1276.856,1278.0,1266.2,1270.43,2.0,0.0,-6.1899414,-0.0048486954
2019-05-02 16:00:00,1270.56,1282.54,1268.39,1278.929,89394.0,0.0,8.498901,0.006689783
2019-05-05 16:00:00,1280.77,1285.81,1276.8,1280.268,102992.0,0.0,1.3389893,0.0010469614
2019-05-06 16:00:00,1280.95,1286.05,1278.12,1284.14,100491.0,0.0,3.8720703,0.0030244219
2019-05-07 16:00:00,1284.07,1291.5,1279.1,1280.656,99725.0,0.0,-3.4840088,-0.0027131066
2019-05-08 16:00:00,1280.74,1288.3,1279.4,1283.544,102216.0,0.0,2.8879395,0.002255047
2019-05-09 16:00:00,1283.96,1289.5,1283.0,1285.69,104257.0,0.0,2.145996,0.0016719303
2019-05-12 16:00:00,1300.1,1300.1,1300.1,1300.1,1.0,0.0,14.410034,0.011208016
2019-05-13 16:00:00,1300.1,1303.4,1293.5,1296.37,96129.0,0.0,-3.7299805,-0.002868995
2019-05-14 16:00:00,1296.5,1296.5,1296.5,1296.5,1.0,0.0,0.13000488,0.00010028378
2019-05-15 16:00:00,1296.5,1298.73,1284.035,1286.6,94068.0,0.0,-9.900024,-0.0076359618
2019-05-16 16:00:00,1286.76,1288.93,1274.73,1277.57,97686.0,0.0,-9.030029,-0.0070185214
2019-05-19 16:00:00,1277.01,1278.98,1273.57,1277.8,94257.0,0.0,0.23010254,0.00018010955
2019-05-20 16:00:00,1277.53,1277.95,1269.3,1274.919,91192.0,0.0,-2.8811035,-0.0022547373
2019-05-21 16:00:00,1273.2,1273.2,1273.2,1273.2,1.0,0.0,-1.7189941,-0.0013483164
2019-05-22 16:00:00,1273.2,1287.27,1272.5,1283.2,97684.0,0.0,10.0,0.007854226
2019-05-23 16:00:00,1283.23,1285.27,1280.6,1284.64,91852.0,0.0,1.4400635,0.001122244
2019-05-26 16:00:00,1284.45,1287.4,1283.6,1285.0,61182.0,0.0,0.35998535,0.00028022274
2019-05-27 16:00:00,1284.89,1284.89,1284.89,1284.89,2.0,0.0,-0.10998535,-8.559171e-05
2019-05-28 16:00:00,1279.42,1285.8,1278.9,1279.5,98154.0,0.0,0.6500244,0.00050828827
2019-05-29 16:00:00,1287.95,1287.95,1287.9,1287.9,2.0,0.0,8.400024,0.0065650837
2019-05-30 16:00:00,1287.95,1306.91,1287.7,1305.179,107132.0,0.0,17.27893,0.01341636
2019-06-02 16:00:00,1307.11,1327.99,1305.88,1324.8,108838.0,0.0,19.621094,0.015033259
2019-06-03 16:00:00,1324.69,1329.04,1319.894,1325.169,104893.0,0.0,0.36889648,0.00027845445
2019-06-04 16:00:00,1325.13,1344.0,1324.2,1330.34,106402.0,0.0,5.1710205,0.0039021594
2019-06-05 16:00:00,1330.88,1339.82,1326.9,1335.14,106196.0,0.0,4.800049,0.003608137
2019-06-06 16:00:00,1335.23,1348.178,1330.17,1340.36,97192.0,0.0,5.2199707,0.0039096805
2019-06-09 16:00:00,1336.848,1337.7,1325.0,1327.796,100082.0,0.0,-12.563965,-0.009373575
2019-06-10 16:00:00,1327.856,1329.87,1319.6,1326.83,93975.0,0.0,-0.96606445,-0.0007275699
2019-06-11 16:00:00,1326.55,1338.35,1325.8,1333.436,98169.0,0.0,6.606079,0.004978844
2019-06-12 16:00:00,1341.3,1341.3,1341.3,1341.3,2.0,0.0,7.8640137,0.005897556
2019-06-13 16:00:00,1341.3,1358.03,1337.8,1341.469,105409.0,0.0,0.16894531,0.00012595639
2019-06-16 16:00:00,1341.96,1343.59,1332.7,1339.556,96144.0,0.0,-1.9129639,-0.0014260217
2019-06-17 16:00:00,1339.7,1354.56,1338.4,1346.446,100654.0,0.0,6.8900146,0.005143506
2019-06-18 16:00:00,1346.6,1362.5,1341.255,1360.225,104274.0,0.0,13.778931,0.010233556
2019-06-19 16:00:00,1360.52,1393.7,1357.5,1388.35,120307.0,0.0,28.125,0.020676726
2019-06-20 16:00:00,1387.46,1411.75,1382.34,1399.14,115217.0,0.0,10.790039,0.0077718436
2019-06-23 16:00:00,1400.14,1421.21,1399.748,1419.3,115637.0,0.0,20.160034,0.014408875
2019-06-24 16:00:00,1419.724,1438.75,1411.92,1423.51,122232.0,0.0,4.209961,0.0029662233
2019-06-25 16:00:00,1423.46,1424.34,1401.88,1409.0,118469.0,0.0,-14.51001,-0.010193121
2019-06-26 16:00:00,1409.1,1409.1,1409.1,1409.1,1.0,0.0,0.099975586,7.095499e-05
2019-06-27 16:00:00,1409.1,1424.56,1405.6,1409.268,107590.0,0.0,0.16796875,0.000119202865
2019-06-30 16:00:00,1409.04,1409.3,1381.69,1384.256,114625.0,0.0,-25.011963,-0.017748196
2019-07-01 16:00:00,1383.77,1420.908,1383.137,1418.4,109290.0,0.0,34.144043,0.024665989
2019-07-02 16:00:00,1421.71,1437.64,1412.13,1418.536,110681.0,0.0,0.13598633,9.5873045e-05
2019-07-03 16:00:00,1418.75,1421.67,1410.11,1415.07,74938.0,0.0,-3.4660645,-0.0024434095
2019-07-04 16:00:00,1415.656,1424.2,1386.82,1399.258,104980.0,0.0,-15.81189,-0.011173928
2019-07-07 16:00:00,1395.2,1395.4,1395.2,1395.4,4.0,0.0,-3.8580322,-0.0027571984
2019-07-08 16:00:00,1397.6,1398.0,1397.6,1397.8,9.0,0.0,2.4000244,0.0017199544
2019-07-09 16:00:00,1418.4,1418.8,1418.4,1418.8,4.0,0.0,21.0,0.015023608
2019-07-10 16:00:00,1403.6,1404.2,1403.6,1404.2,6.0,0.0,-14.600098,-0.010290455
2019-07-11 16:00:00,1403.6,1417.0,1402.93,1415.598,107003.0,0.0,11.398071,0.008117128
2019-07-14 16:00:00,1413.6,1413.6,1413.6,1413.6,100952.0,0.0,-1.9980469,-0.0014114508
2019-07-15 16:00:00,1413.6,1418.17,1400.9,1405.929,101177.0,0.0,-7.6710205,-0.005426585
2019-07-16 16:00:00,1426.6,1426.8,1426.4,1426.6,7.0,0.0,20.67102,0.014702749
2019-07-17 16:00:00,1446.2,1446.2,1446.2,1446.2,3.0,0.0,19.599976,0.013738943
2019-07-18 16:00:00,1446.2,1452.885,1420.16,1425.414,115589.0,0.0,-20.78601,-0.014372847
2019-07-21 16:00:00,1424.7,1424.7,1424.7,1424.7,1.0,0.0,-0.71398926,-0.00050089956
2019-07-22 16:00:00,1424.7,1430.08,1414.1,1417.616,108780.0,0.0,-7.0839844,-0.004972264
2019-07-23 16:00:00,1426.2,1426.2,1426.2,1426.2,1.0,0.0,8.583984,0.0060552256
2019-07-24 16:00:00,1414.4,1414.4,1414.4,1414.4,2.0,0.0,-11.799927,-0.0082736835
2019-07-25 16:00:00,1414.4,1424.748,1413.5,1418.017,95065.0,0.0,3.6169434,0.002557228
2019-07-28 16:00:00,1419.22,1428.13,1414.85,1426.68,92274.0,0.0,8.663086,0.0061092963
2019-07-29 16:00:00,1430.1,1430.1,1430.1,1430.1,4.0,0.0,3.4199219,0.002397119
2019-07-30 16:00:00,1430.1,1434.106,1410.38,1413.6,97847.0,0.0,-16.5,-0.011537655
2019-07-31 16:00:00,1412.61,1445.93,1400.43,1444.804,113801.0,0.0,31.20398,0.022074122
2019-08-01 16:00:00,1445.29,1449.01,1430.0,1440.615,118444.0,0.0,-4.188965,-0.002899331
2019-08-04 16:00:00,1463.8,1464.0,1463.8,1464.0,5.0,0.0,23.38501,0.016232658
2019-08-05 16:00:00,1473.85,1474.416,1473.85,1474.416,3.0,0.0,10.416016,0.007114765
2019-08-06 16:00:00,1500.8,1500.841,1500.8,1500.841,10.0,0.0,26.424927,0.0179223
2019-08-07 16:00:00,1501.0,1503.865,1501.0,1502.848,6.0,0.0,2.00708,0.0013373037
2019-08-08 16:00:00,1501.0,1508.855,1494.6,1496.562,109810.0,0.0,-6.2860107,-0.004182732
2019-08-11 16:00:00,1510.756,1510.764,1510.736,1510.764,4.0,0.0,14.202026,0.009489768
2019-08-12 16:00:00,1510.756,1535.01,1479.79,1501.236,114688.0,0.0,-9.528076,-0.006306793
2019-08-13 16:00:00,1515.731,1515.731,1515.731,1515.731,1.0,0.0,14.494995,0.009655374
2019-08-14 16:00:00,1523.716,1523.716,1523.246,1523.246,4.0,0.0,7.5150146,0.0049580135
2019-08-15 16:00:00,1523.716,1527.89,1503.6,1513.248,109537.0,0.0,-9.997925,-0.0065635657
2019-08-18 16:00:00,1495.0,1495.885,1495.0,1495.885,4.0,0.0,-17.363037,-0.011474019
2019-08-19 16:00:00,1507.4,1508.756,1507.4,1507.762,10.0,0.0,11.876953,0.00793975
2019-08-20 16:00:00,1502.256,1502.276,1502.176,1502.176,5.0,0.0,-5.5859375,-0.0037047875
2019-08-21 16:00:00,1498.1,1499.2,1498.1,1498.864,7.0,0.0,-3.3120117,-0.0022048093
2019-08-22 16:00:00,1498.1,1530.11,1493.48,1526.96,103958.0,0.0,28.095947,0.018744828
2019-08-25 16:00:00,1526.5,1527.755,1526.5,1527.455,6.0,0.0,0.49499512,0.00032417034
2019-08-26 16:00:00,1541.945,1541.945,1541.945,1541.945,1.0,0.0,14.48999,0.009486361
2019-08-27 16:00:00,1538.9,1539.925,1538.9,1539.725,5.0,0.0,-2.2199707,-0.0014397211
2019-08-28 16:00:00,1527.2,1528.625,1526.5,1527.725,24.0,0.0,-12.0,-0.0077935997
2019-08-29 16:00:00,1527.2,1533.11,1517.108,1520.32,111005.0,0.0,-7.4050293,-0.004847096
2019-09-01 16:00:00,1529.13,1529.742,1529.13,1529.742,3.0,0.0,9.421997,0.0061973776
2019-09-02 16:00:00,1546.9,1547.4,1546.9,1547.4,4.0,0.0,17.658081,0.011543176
2019-09-03 16:00:00,1551.8,1552.4,1551.8,1552.005,21.0,0.0,4.6049805,0.002975947
2019-09-04 16:00:00,1551.8,1553.03,1506.228,1518.925,116056.0,0.0,-33.079956,-0.021314336
2019-09-05 16:00:00,1517.201,1527.78,1502.53,1506.782,117262.0,0.0,-12.143066,-0.007994513
2019-09-08 16:00:00,1497.5,1498.2,1497.5,1498.2,9.0,0.0,-8.582031,-0.0056956024
2019-09-09 16:00:00,1486.75,1486.85,1484.9,1485.0,62.0,0.0,-13.199951,-0.008810541
2019-09-10 16:00:00,1497.2,1497.2,1496.7,1496.725,5.0,0.0,11.724976,0.007895607
2019-09-11 16:00:00,1497.8,1498.1,1497.8,1498.1,2.0,0.0,1.375,0.0009186725
2019-09-12 16:00:00,1497.8,1509.03,1485.69,1488.622,102405.0,0.0,-9.478027,-0.0063266987
2019-09-15 16:00:00,1498.5,1498.95,1497.9,1498.916,48.0,0.0,10.294067,0.0069151656
2019-09-16 16:00:00,1501.2,1501.846,1501.2,1501.846,2.0,0.0,2.9299316,0.0019547003
2019-09-17 16:00:00,1493.2,1493.75,1493.2,1493.2,5.0,0.0,-8.645996,-0.0057569128
2019-09-18 16:00:00,1499.2,1499.8,1498.6,1499.304,29.0,0.0,6.104004,0.0040878677
2019-09-19 16:00:00,1499.2,1517.01,1497.8,1516.737,105246.0,0.0,17.433105,0.0116274655
2019-09-22 16:00:00,1514.02,1526.78,1510.893,1521.8,109429.0,0.0,5.0629883,0.0033380792
2019-09-23 16:00:00,1531.2,1532.115,1531.0,1532.115,24.0,0.0,10.314941,0.0067781187
2019-09-24 16:00:00,1503.716,1503.716,1503.716,1503.716,1.0,0.0,-28.399048,-0.018535847
2019-09-25 16:00:00,1505.6,1505.6,1504.4,1504.724,53.0,0.0,1.0080566,0.00067037705
2019-09-26 16:00:00,1505.6,1507.4,1486.89,1496.861,111484.0,0.0,-7.863037,-0.0052255676
2019-09-29 16:00:00,1496.78,1500.395,1464.2,1472.2,114656.0,0.0,-24.66101,-0.01647515
2019-09-30 16:00:00,1472.152,1487.16,1459.0,1479.1,114014.0,0.0,6.9000244,0.00468688
2019-10-01 16:00:00,1478.745,1504.94,1474.48,1499.5,112180.0,0.0,20.400024,0.013792188
2019-10-02 16:00:00,1499.365,1519.53,1495.7,1504.9,111470.0,0.0,5.4000244,0.0036012167
2019-10-03 16:00:00,1505.576,1515.192,1495.83,1504.65,107584.0,0.0,-0.25,-0.000166124
2019-10-06 16:00:00,1493.456,1493.456,1493.256,1493.256,2.0,0.0,-11.394043,-0.0075725536
2019-10-07 16:00:00,1493.456,1509.56,1487.18,1505.4,115786.0,0.0,12.144043,0.008132593
2019-10-08 16:00:00,1505.225,1511.82,1499.7,1505.4,109643.0,0.0,0.0,0.0
2019-10-09 16:00:00,1505.362,1516.908,1491.045,1493.876,118361.0,0.0,-11.524048,-0.00765514
2019-10-10 16:00:00,1493.692,1503.3,1473.89,1488.67,116069.0,0.0,-5.2059326,-0.0034848494
2019-10-13 16:00:00,1493.0,1493.476,1492.6,1493.476,16.0,0.0,4.805908,0.0032283233
2019-10-14 16:00:00,1480.8,1480.984,1480.8,1480.984,2.0,0.0,-12.491943,-0.008364342
2019-10-15 16:00:00,1490.132,1490.132,1490.132,1490.132,1.0,0.0,9.147949,0.0061769397
2019-10-16 16:00:00,1491.842,1491.842,1491.842,1491.842,108820.0,0.0,1.710083,0.0011476051
2019-10-17 16:00:00,1491.842,1494.08,1484.83,1490.283,104070.0,0.0,-1.559082,-0.0010450718
2019-10-20 16:00:00,1484.265,1484.332,1484.265,1484.332,4.0,0.0,-5.9509277,-0.003993153
2019-10-21 16:00:00,1488.704,1488.704,1488.005,1488.005,14.0,0.0,3.6729736,0.002474496
2019-10-22 16:00:00,1492.084,1492.084,1492.084,1492.084,101474.0,0.0,4.0789795,0.0027412404
2019-10-23 16:00:00,1503.9,1504.35,1503.576,1503.576,4.0,0.0,11.492065,0.0077020233
2019-10-24 16:00:00,1503.9,1517.9,1500.3,1504.283,102358.0,0.0,0.7069092,0.00047015192
2019-10-27 16:00:00,1491.876,1491.876,1491.876,1491.876,1.0,0.0,-12.406982,-0.008247771
2019-10-28 16:00:00,1487.845,1488.0,1487.6,1487.92,144.0,0.0,-3.9559326,-0.0026516498
2019-10-29 16:00:00,1496.2,1496.485,1495.8,1496.485,14.0,0.0,8.564941,0.005756318
2019-10-30 16:00:00,1512.885,1513.0,1512.516,1512.516,125.0,0.0,16.031006,0.01071244
2019-10-31 16:00:00,1512.885,1515.87,1503.17,1514.088,99703.0,0.0,1.5720215,0.001039342
2019-11-03 16:00:00,1514.136,1514.738,1504.3,1509.6,95625.0,0.0,-4.488037,-0.002964185
2019-11-04 16:00:00,1508.6,1509.638,1479.37,1483.4,105782.0,0.0,-26.199951,-0.01735556
2019-11-05 16:00:00,1482.664,1494.2,1482.27,1490.5,100829.0,0.0,7.0999756,0.004786285
2019-11-06 16:00:00,1489.8,1492.11,1460.52,1468.3,106592.0,0.0,-22.199951,-0.014894298
2019-11-07 16:00:00,1468.5,1472.936,1456.1,1459.025,108177.0,0.0,-9.275024,-0.0063168453
2019-11-10 16:00:00,1459.316,1466.376,1448.0,1455.6,94226.0,0.0,-3.4250488,-0.0023474914
2019-11-11 16:00:00,1455.676,1460.33,1445.5,1455.998,106941.0,0.0,0.3980713,0.00027347574
2019-11-12 16:00:00,1455.584,1467.1,1455.584,1463.6,107736.0,0.0,7.6019287,0.0052211117
2019-11-13 16:00:00,1463.17,1474.5,1461.07,1471.17,105883.0,0.0,7.5700684,0.005172225
2019-11-14 16:00:00,1471.165,1471.328,1462.3,1467.925,99923.0,0.0,-3.244995,-0.0022057241
2019-11-17 16:00:00,1467.279,1473.9,1456.25,1471.345,102364.0,0.0,3.4199219,0.002329766
2019-11-18 16:00:00,1470.6,1475.295,1464.78,1472.5,105106.0,0.0,1.1550293,0.000785016
2019-11-19 16:00:00,1471.8,1478.796,1465.8,1471.5,108290.0,0.0,-1.0,-0.00067911716
2019-11-20 16:00:00,1472.6,1475.59,1462.2,1464.2,108842.0,0.0,-7.300049,-0.0049609574
2019-11-21 16:00:00,1464.1,1473.168,1461.24,1462.234,101206.0,0.0,-1.9659424,-0.0013426734
2019-11-24 16:00:00,1461.88,1462.078,1453.98,1455.1,96141.0,0.0,-7.134033,-0.0048788586
2019-11-25 16:00:00,1455.43,1462.9,1450.0,1461.2,95068.0,0.0,6.0999756,0.004192135
2019-11-26 16:00:00,1461.296,1461.828,1452.53,1454.3,93359.0,0.0,-6.8999023,-0.0047220797
2019-11-27 16:00:00,1454.405,1458.218,1454.1,1455.78,66413.0,0.0,1.4799805,0.0010176583
2019-11-28 16:00:00,1455.378,1466.5,1452.9,1463.6,81715.0,0.0,7.8199463,0.005371654
2019-12-01 16:00:00,1466.63,1466.63,1453.5,1462.3,101309.0,0.0,-1.2999268,-0.0008881708
2019-12-02 16:00:00,1462.52,1481.668,1459.68,1477.1,104338.0,0.0,14.799927,0.010120992
2019-12-03 16:00:00,1477.356,1484.1,1471.2,1474.4,106089.0,0.0,-2.6999512,-0.001827873
2019-12-04 16:00:00,1474.848,1480.34,1472.8,1475.7,101038.0,0.0,1.2999268,0.0008816649
2019-12-05 16:00:00,1475.8,1479.439,1458.6,1460.176,96959.0,0.0,-15.523926,-0.010519704
2019-12-08 16:00:00,1459.82,1465.308,1458.4,1461.4,92014.0,0.0,1.223999,0.0008382544
2019-12-09 16:00:00,1461.8,1469.128,1459.8,1464.3,98725.0,0.0,2.9000244,0.001984415
2019-12-10 16:00:00,1463.748,1478.838,1462.68,1474.5,102735.0,0.0,10.199951,0.006965752
2019-12-11 16:00:00,1474.15,1486.7,1463.84,1469.6,102319.0,0.0,-4.9000244,-0.0033231769
2019-12-12 16:00:00,1469.0,1477.928,1461.778,1476.091,113453.0,0.0,6.490967,0.0044168257
2019-12-15 16:00:00,1475.54,1479.84,1473.1,1476.0,96736.0,0.0,-0.09094238,-6.1610284e-05
2019-12-16 16:00:00,1475.7,1480.5,1474.1,1476.1,93849.0,0.0,0.099975586,6.773414e-05
2019-12-17 16:00:00,1475.9,1479.248,1470.3,1475.408,88028.0,0.0,-0.6920166,-0.0004688142
2019-12-18 16:00:00,1475.556,1481.66,1472.9,1478.72,91440.0,0.0,3.3120117,0.0022448108
2019-12-19 16:00:00,1478.6,1480.925,1475.5,1477.851,85751.0,0.0,-0.86901855,-0.000587683
2019-12-22 16:00:00,1477.79,1486.2,1477.3,1485.35,85289.0,0.0,7.4990234,0.0050742757
2019-12-23 16:00:00,1485.248,1500.412,1484.26,1499.3,72152.0,0.0,13.950073,0.009391775
2019-12-24 16:00:00,1499.35,1499.35,1498.35,1498.6,8.0,0.0,-0.70007324,-0.0004669334
2019-12-25 16:00:00,1499.468,1512.516,1497.25,1511.3,88419.0,0.0,12.700073,0.008474626
2019-12-26 16:00:00,1511.065,1515.268,1507.26,1510.795,96381.0,0.0,-0.5050049,-0.00033415263
2019-12-29 16:00:00,1511.408,1516.1,1510.5,1514.8,91440.0,0.0,4.005005,0.0026509254
2019-12-30 16:00:00,1514.624,1525.235,1514.56,1517.1,90172.0,0.0,2.2999268,0.0015183039
2019-12-31 16:00:00,1517.177,1517.177,1517.177,1517.177,9.0,0.0,0.07702637,5.077211e-05
2020-01-01 16:00:00,1517.177,1531.25,1517.0,1528.9,98024.0,0.0,11.723022,0.0077268654
2020-01-02 16:00:00,1529.8,1553.41,1527.7,1552.156,114729.0,0.0,23.255981,0.015210924
2020-01-05 16:00:00,1561.005,1587.903,1559.6,1565.5,124053.0,0.0,13.343994,0.00859707
2020-01-06 16:00:00,1565.78,1577.4,1554.9,1574.3,100283.0,0.0,8.800049,0.0056212386
2020-01-07 16:00:00,1576.51,1611.297,1552.13,1556.3,123788.0,0.0,-18.0,-0.011433653
2020-01-08 16:00:00,1556.515,1561.4,1540.15,1552.28,112544.0,0.0,-4.0200195,-0.002583062
2020-01-09 16:00:00,1553.2,1563.088,1545.64,1561.975,103602.0,0.0,9.694946,0.006245617
2020-01-12 16:00:00,1561.9,1561.9,1546.568,1547.5,100451.0,0.0,-14.474976,-0.009267098
2020-01-13 16:00:00,1548.197,1548.86,1535.898,1546.3,112104.0,0.0,-1.1999512,-0.0007754127
2020-01-14 16:00:00,1546.3,1558.028,1545.91,1556.0,105792.0,0.0,9.699951,0.006273007
2020-01-15 16:00:00,1556.4,1558.08,1547.9,1552.2,97688.0,0.0,-3.8000488,-0.0024421907
2020-01-16 16:00:00,1552.4,1561.205,1549.295,1557.066,98961.0,0.0,4.866089,0.0031349626
2020-01-19 16:00:00,1557.747,1563.96,1556.2,1560.77,66696.0,0.0,3.7039795,0.0023788197
2020-01-20 16:00:00,1560.77,1568.555,1546.269,1557.9,109176.0,0.0,-2.869995,-0.0018388329
2020-01-21 16:00:00,1558.408,1559.22,1549.9,1558.5,100542.0,0.0,0.5999756,0.00038511815
2020-01-22 16:00:00,1558.601,1567.884,1551.7,1562.6,104902.0,0.0,4.0999756,0.002630719
2020-01-23 16:00:00,1562.448,1575.8,1556.3,1571.306,102402.0,0.0,8.706055,0.0055715186
2020-01-26 16:00:00,1581.141,1588.447,1575.79,1581.8,120457.0,0.0,10.494019,0.006678533
2020-01-27 16:00:00,1581.527,1582.997,1565.33,1567.2,108312.0,0.0,-14.600098,-0.009230053
2020-01-28 16:00:00,1566.845,1578.0,1563.2,1576.9,104724.0,0.0,9.700073,0.006189429
2020-01-29 16:00:00,1576.601,1585.897,1572.36,1573.8,115748.0,0.0,-3.0999756,-0.001965867
2020-01-30 16:00:00,1574.215,1590.385,1570.5,1589.503,114083.0,0.0,15.703003,0.009977763
2020-02-02 16:00:00,1589.687,1593.9,1570.355,1576.548,116114.0,0.0,-12.955078,-0.008150395
2020-02-03 16:00:00,1577.098,1579.517,1548.9,1552.8,111164.0,0.0,-23.747925,-0.015063243
2020-02-04 16:00:00,1552.8,1562.348,1547.3,1555.83,113553.0,0.0,3.0299072,0.001951254
2020-02-05 16:00:00,1556.0,1568.155,1552.39,1566.61,93019.0,0.0,10.780029,0.0069287964
2020-02-06 16:00:00,1566.697,1573.948,1560.373,1570.098,112619.0,0.0,3.488037,0.0022264873
2020-02-09 16:00:00,1570.08,1576.965,1567.9,1572.07,109179.0,0.0,1.9719238,0.001255924
2020-02-10 16:00:00,1571.66,1574.0,1562.03,1567.444,104633.0,0.0,-4.6259766,-0.0029426022
2020-02-11 16:00:00,1567.44,1570.4,1561.8708,1565.591,103584.0,0.0,-1.8530273,-0.0011821969
2020-02-12 16:00:00,1566.02,1578.3,1565.2,1575.644,114114.0,0.0,10.053101,0.006421282
2020-02-13 16:00:00,1575.837,1584.928,1572.96,1583.464,101625.0,0.0,7.8199463,0.0049630157
2020-02-16 16:00:00,1582.157,1583.73,1578.5,1580.6,63156.0,0.0,-2.8640137,-0.0018087014
2020-02-17 16:00:00,1580.6,1605.15,1580.6,1601.15,107426.0,0.0,20.550049,0.013001423
2020-02-18 16:00:00,1601.4,1612.92,1599.3,1611.444,112088.0,0.0,10.293945,0.006429095
2020-02-19 16:00:00,1612.165,1623.545,1603.9,1619.54,122520.0,0.0,8.096069,0.0050241086
2020-02-20 16:00:00,1620.041,1649.156,1618.7,1642.973,128117.0,0.0,23.432983,0.014468913
2020-02-23 16:00:00,1654.765,1689.22,1650.9,1659.013,136580.0,0.0,16.039917,0.009762739
2020-02-24 16:00:00,1658.98,1663.834,1625.173,1634.4,142267.0,0.0,-24.612915,-0.014835879
2020-02-25 16:00:00,1635.185,1654.945,1624.84,1640.653,138872.0,0.0,6.2529297,0.0038258256
2020-02-26 16:00:00,1640.915,1660.215,1635.238,1644.55,140200.0,0.0,3.8970947,0.0023753315
2020-02-27 16:00:00,1645.01,1649.456,1562.858,1585.737,142532.0,0.0,-58.81299,-0.03576236
2020-03-01 16:00:00,1585.97,1610.917,1575.1448,1589.051,142532.0,0.0,3.3139648,0.0020898578
2020-03-02 16:00:00,1585.253,1649.198,1585.253,1640.319,133109.0,0.0,51.267944,0.032263245
2020-03-03 16:00:00,1640.5,1652.485,1631.76,1636.5,131770.0,0.0,-3.8189697,-0.0023281872
2020-03-04 16:00:00,1636.5,1674.565,1634.898,1672.0,126937.0,0.0,35.5,0.021692637
2020-03-05 16:00:00,1672.434,1691.95,1641.81,1673.798,138795.0,0.0,1.7979736,0.0010753431
2020-03-08 16:00:00,1694.987,1703.1,1657.26,1680.078,134118.0,0.0,6.2800293,0.0037519638
2020-03-09 16:00:00,1679.668,1680.43,1641.54,1648.92,136933.0,0.0,-31.157959,-0.018545544
2020-03-10 16:00:00,1649.205,1671.1,1632.95,1635.1,132702.0,0.0,-13.820068,-0.008381285
2020-03-11 16:00:00,1634.045,1650.2,1560.708,1576.5,133806.0,0.0,-58.599976,-0.03583877
2020-03-12 16:00:00,1578.827,1597.815,1504.83,1529.098,133302.0,0.0,-47.401978,-0.030067857
2020-03-15 16:00:00,1562.157,1575.248,1451.1,1514.1,132723.0,0.0,-14.998047,-0.009808428
2020-03-16 16:00:00,1511.528,1553.9,1465.62,1528.9,126023.0,0.0,14.800049,0.009774816
2020-03-17 16:00:00,1527.697,1546.208,1472.805,1486.0,126057.0,0.0,-42.900024,-0.028059404
2020-03-18 16:00:00,1485.918,1501.0,1463.95,1471.6,108997.0,0.0,-14.400024,-0.009690461
2020-03-19 16:00:00,1469.208,1516.2,1454.905,1498.698,107382.0,0.0,27.098022,0.018413987
2020-03-22 16:00:00,1503.778,1561.3,1482.23,1553.5,127464.0,0.0,54.802002,0.036566406
2020-03-23 16:00:00,1618.29,1618.29,1618.29,1618.29,1.0,0.0,64.79004,0.04170585
2020-03-24 16:00:00,1618.29,1643.0,1596.7,1616.718,66969.0,0.0,-1.5720215,-0.00097140897
2020-03-25 16:00:00,1631.5175,1632.09,1621.38,1629.5608,18.0,0.0,12.842773,0.007943731
2020-03-26 16:00:00,1631.5175,1635.4,1608.85,1625.698,93405.0,0.0,-3.862793,-0.0023704504
2020-03-29 16:00:00,1622.54,1622.7653,1612.49,1612.49,24.0,0.0,-13.208008,-0.008124515
2020-03-30 16:00:00,1622.54,1625.2,1572.72,1576.377,103920.0,0.0,-36.113037,-0.022395821
2020-03-31 16:00:00,1575.008,1601.6,1567.87,1590.341,100412.0,0.0,13.963989,0.00885828
2020-04-01 16:00:00,1610.8,1610.8,1610.8,1610.8,1.0,0.0,20.459106,0.012864604
2020-04-02 16:00:00,1610.8,1626.5,1605.4677,1616.198,104240.0,0.0,5.397949,0.0033510982
2020-04-05 16:00:00,1614.79,1669.84,1595.5,1660.1,108066.0,0.0,43.901978,0.027163737
2020-04-06 16:00:00,1662.3,1677.2,1641.7,1646.08,109300.0,0.0,-14.02002,-0.008445286
2020-04-07 16:00:00,1646.08,1657.3,1640.5,1644.29,92322.0,0.0,-1.789917,-0.0010873815
2020-04-08 16:00:00,1643.58,1690.299,1642.3,1685.7,102702.0,0.0,41.409912,0.025184069
2020-04-09 16:00:00,1681.8,1681.8,1675.0,1675.0,37.0,0.0,-10.699951,-0.0063474826
2020-04-12 16:00:00,1684.15,1723.7,1673.54,1712.91,104309.0,0.0,37.910034,0.022632856
2020-04-13 16:00:00,1727.6011,1728.83,1727.1034,1728.2526,47.0,0.0,15.342529,0.008956997
2020-04-14 16:00:00,1727.6628,1732.6,1706.9,1715.2,108659.0,0.0,-13.052612,-0.007552491
2020-04-15 16:00:00,1714.8,1714.8,1714.8,1714.8,1.0,0.0,-0.39990234,-0.00023315202
2020-04-16 16:00:00,1714.8,1719.9,1677.75,1681.828,116257.0,0.0,-32.972046,-0.019227924
2020-04-19 16:00:00,1692.0,1692.0,1692.0,1692.0,1.0,0.0,10.171997,0.006048179
2020-04-20 16:00:00,1685.1,1685.1,1685.1,1685.1,1.0,0.0,-6.9000244,-0.0040780287
2020-04-21 16:00:00,1685.1,1718.683,1678.3,1713.608,109458.0,0.0,28.508057,0.016917724
2020-04-22 16:00:00,1730.59,1731.7716,1729.59,1731.7716,17.0,0.0,18.163574,0.0105996085
2020-04-23 16:00:00,1730.59,1736.3,1710.3336,1727.256,107812.0,0.0,-4.515625,-0.0026075176
2020-04-26 16:00:00,1728.6,1728.6,1705.5028,1713.355,104438.0,0.0,-13.901001,-0.008048026
2020-04-27 16:00:00,1707.8909,1708.2894,1705.4,1705.4,24.0,0.0,-7.954956,-0.0046429117
2020-04-28 16:00:00,1711.2911,1711.976,1711.2911,1711.4135,17.0,0.0,6.0134277,0.0035261097
2020-04-29 16:00:00,1684.8,1684.8,1684.8,1684.8,1.0,0.0,-26.613403,-0.01555054
2020-04-30 16:00:00,1684.8,1705.51,1669.1473,1698.898,105427.0,0.0,14.0979,0.0083677
2020-05-03 16:00:00,1698.75,1714.2,1691.1765,1700.606,90745.0,0.0,1.7080078,0.0010053623
2020-05-04 16:00:00,1706.2766,1707.0854,1706.253,1706.2784,41.0,0.0,5.6724854,0.0033355672
2020-05-05 16:00:00,1685.5,1685.5,1685.5,1685.5,1.0,0.0,-20.778442,-0.012177639
2020-05-06 16:00:00,1715.6,1715.6,1715.4,1715.4,2.0,0.0,29.900024,0.017739557
2020-05-07 16:00:00,1715.6,1723.35,1699.6688,1700.0703,106255.0,0.0,-15.329712,-0.008936523
2020-05-10 16:00:00,1701.035,1712.09,1690.4,1696.08,104429.0,0.0,-3.9903564,-0.0023471713
2020-05-11 16:00:00,1700.5,1700.5,1700.5,1700.5,1.0,0.0,4.420044,0.0026060352
2020-05-12 16:00:00,1715.26,1715.27,1714.2611,1714.5608,41.0,0.0,14.060791,0.008268622
2020-05-13 16:00:00,1715.26,1736.46,1709.6,1730.115,106490.0,0.0,15.554199,0.009071827
2020-05-14 16:00:00,1729.256,1751.33,1726.6,1741.5054,111138.0,0.0,11.390381,0.0065835975
2020-05-17 16:00:00,1729.48,1732.22,1729.31,1732.1,22.0,0.0,-9.4053955,-0.005400727
2020-05-18 16:00:00,1744.7,1744.7,1744.7,1744.7,1.0,0.0,12.599976,0.007274393
2020-05-19 16:00:00,1749.2219,1749.2219,1749.2219,1749.2219,1.0,0.0,4.5219727,0.002591834
2020-05-20 16:00:00,1725.4891,1725.91,1723.1,1723.1,18.0,0.0,-26.121948,-0.014933467
2020-05-21 16:00:00,1725.4891,1740.045,1722.5,1733.0931,99325.0,0.0,9.993164,0.0057995263
2020-05-24 16:00:00,1734.396,1735.35,1721.5,1726.376,69756.0,0.0,-6.717163,-0.0038758235
2020-05-25 16:00:00,1708.7,1710.5366,1708.7,1709.8654,48.0,0.0,-16.51062,-0.009563745
2020-05-26 16:00:00,1708.7,1715.926,1693.59,1708.96,104610.0,0.0,-0.9053955,-0.00052951276
2020-05-27 16:00:00,1719.72,1720.6,1719.72,1720.6,2.0,0.0,11.640015,0.0068111685
2020-05-28 16:00:00,1719.72,1737.6,1712.2,1729.316,107945.0,0.0,8.716064,0.005065712
2020-05-31 16:00:00,1739.4957,1739.5125,1738.65,1739.48,17.0,0.0,10.16394,0.005877434
2020-06-01 16:00:00,1726.1,1726.1,1726.1,1726.1,1.0,0.0,-13.380005,-0.0076919566
2020-06-02 16:00:00,1726.1,1731.88,1689.39,1699.26,112859.0,0.0,-26.839966,-0.015549485
2020-06-03 16:00:00,1709.0,1710.5444,1709.0,1709.8171,15.0,0.0,10.557129,0.0062127803
2020-06-04 16:00:00,1709.0,1716.43,1670.48,1684.76,111726.0,0.0,-25.057129,-0.014654859
2020-06-07 16:00:00,1682.736,1700.6,1676.0,1697.44,110492.0,0.0,12.679932,0.007526254
2020-06-08 16:00:00,1696.946,1720.795,1691.1,1714.85,113862.0,0.0,17.410034,0.0102566425
2020-06-09 16:00:00,1736.1844,1736.5731,1735.9934,1736.5731,14.0,0.0,21.723145,0.012667664
2020-06-10 16:00:00,1727.3,1727.3,1727.3,1727.3,1.0,0.0,-9.273071,-0.005339868
2020-06-11 16:00:00,1727.3,1743.08,1721.2,1729.3615,108977.0,0.0,2.0614014,0.001193424
2020-06-14 16:00:00,1725.29,1725.33,1724.29,1725.0908,9.0,0.0,-4.27063,-0.0024694838
2020-06-15 16:00:00,1725.29,1732.81,1716.7094,1726.1,109389.0,0.0,1.0091553,0.00058498676
2020-06-16 16:00:00,1726.315,1730.19,1712.86,1726.656,104663.0,0.0,0.5560303,0.00032213097
2020-06-17 16:00:00,1726.049,1737.449,1717.2,1723.03,104730.0,0.0,-3.6259766,-0.0020999995
2020-06-18 16:00:00,1722.158,1745.22,1720.8,1743.288,101546.0,0.0,20.257935,0.011757157
2020-06-21 16:00:00,1752.2,1752.2,1752.2,1752.2,1.0,0.0,8.911987,0.0051121716
2020-06-22 16:00:00,1752.2,1771.01,1746.7,1767.95,114133.0,0.0,15.75,0.0089887
2020-06-23 16:00:00,1768.206,1779.3,1759.846,1761.0,114938.0,0.0,-6.949951,-0.003931079
2020-06-24 16:00:00,1763.5156,1763.5549,1762.2064,1763.4462,48.0,0.0,2.446167,0.0013890783
2020-06-25 16:00:00,1763.5156,1771.932,1747.3,1770.898,105817.0,0.0,7.451782,0.004225693
2020-06-28 16:00:00,1770.86,1775.63,1765.3904,1772.408,111242.0,0.0,1.5100098,0.0008526803
2020-06-29 16:00:00,1780.615,1781.8,1780.545,1780.565,17.0,0.0,8.156982,0.0046022036
2020-06-30 16:00:00,1780.615,1789.15,1759.0,1769.66,4.0,0.0,-10.904907,-0.0061244084
2020-07-01 16:00:00,1769.758,1779.54,1757.506,1774.588,103038.0,0.0,4.9279785,0.0027847036
2020-07-02 16:00:00,1775.258,1777.2,1772.3406,1774.31,72946.0,0.0,-0.2779541,-0.00015663021
2020-07-05 16:00:00,1784.5228,1784.8676,1784.5228,1784.8676,21.0,0.0,10.557495,0.0059501976
2020-07-06 16:00:00,1794.3491,1794.9894,1794.275,1794.9799,45.0,0.0,10.112305,0.005665577
2020-07-07 16:00:00,1809.9551,1810.539,1809.15,1809.9286,30.0,0.0,14.94873,0.008328077
2020-07-08 16:00:00,1809.9551,1815.89,1795.568,1803.1,111720.0,0.0,-6.8286133,-0.0037728634
2020-07-09 16:00:00,1801.436,1810.574,1793.63,1797.499,107881.0,0.0,-5.600952,-0.0031062905
2020-07-12 16:00:00,1802.6442,1803.2239,1802.6,1803.2239,27.0,0.0,5.7248535,0.0031848995
2020-07-13 16:00:00,1807.6288,1807.98,1806.8,1807.1984,12.0,0.0,3.9744873,0.0022041008
2020-07-14 16:00:00,1811.3875,1811.4431,1810.52,1810.888,11.0,0.0,3.6895752,0.0020415995
2020-07-15 16:00:00,1796.15,1796.7235,1796.05,1796.7,30.0,0.0,-14.187988,-0.007834824
2020-07-16 16:00:00,1796.15,1811.906,1795.3,1808.966,99221.0,0.0,12.265991,0.006826956
2020-07-19 16:00:00,1816.5212,1816.5212,1815.6,1816.2577,32.0,0.0,7.291748,0.004030893
2020-07-20 16:00:00,1842.439,1842.6802,1842.0,1842.6686,36.0,0.0,26.410889,0.014541377
2020-07-21 16:00:00,1842.439,1872.04,1840.0,1870.35,129362.0,0.0,27.681396,0.01502245
2020-07-22 16:00:00,1871.538,1898.341,1863.57,1886.93,131201.0,0.0,16.580078,0.008864693
2020-07-23 16:00:00,1886.747,1906.65,1881.27,1900.607,121214.0,0.0,13.677002,0.0072482824
2020-07-26 16:00:00,1901.947,1945.565,1899.58,1942.33,136387.0,0.0,41.7229,0.021952407
2020-07-27 16:00:00,1959.35,1959.476,1959.1406,1959.456,30.0,0.0,17.126099,0.0088172965
2020-07-28 16:00:00,1959.35,1980.699,1941.3105,1970.2,124559.0,0.0,10.7438965,0.0054831016
2020-07-29 16:00:00,1958.3372,1959.4508,1956.2,1956.2,40.0,0.0,-14.0,-0.0071058776
2020-07-30 16:00:00,1958.3372,1982.834,1954.54,1975.156,126365.0,0.0,18.956055,0.009690244
2020-08-02 16:00:00,1979.53,1987.948,1960.38,1976.43,116844.0,0.0,1.2740479,0.0006450366
2020-08-03 16:00:00,1976.166,2019.834,1967.54,2019.3,115252.0,0.0,42.869995,0.02169062
2020-08-04 16:00:00,2039.05,2039.3506,2039.05,2039.3506,4.0,0.0,20.050537,0.009929449
2020-08-05 16:00:00,2039.05,2069.63,2034.2,2062.384,125863.0,0.0,23.033447,0.011294501
2020-08-06 16:00:00,2063.348,2074.71,2015.4,2034.616,134402.0,0.0,-27.768066,-0.013464062
2020-08-09 16:00:00,2026.7175,2026.7175,2025.9,2025.9,16.0,0.0,-8.715942,-0.004283827
2020-08-10 16:00:00,1911.4,1911.4,1911.4,1911.4,1.0,0.0,-114.5,-0.05651809
2020-08-11 16:00:00,1919.9,1919.9,1917.4475,1917.4584,3.0,0.0,6.0583496,0.0031695876
2020-08-12 16:00:00,1953.45,1953.55,1952.6317,1953.4629,39.0,0.0,36.004517,0.018777208
2020-08-13 16:00:00,1953.45,1962.25,1932.1,1943.888,125369.0,0.0,-9.574951,-0.004901527
2020-08-16 16:00:00,1986.87,1987.9995,1986.87,1987.9404,23.0,0.0,44.05249,0.022662053
2020-08-17 16:00:00,2000.93,2000.93,1999.86,1999.86,9.0,0.0,11.919556,0.005995932
2020-08-18 16:00:00,2000.93,2006.464,1924.4341,1928.42,130401.0,0.0,-71.43994,-0.03572247
2020-08-19 16:00:00,1927.866,1955.324,1924.7,1946.3,133761.0,0.0,17.880005,0.0092718415
2020-08-20 16:00:00,1946.525,1955.88,1911.33,1939.678,122194.0,0.0,-6.6220703,-0.0034023891
2020-08-23 16:00:00,1932.33,1932.6942,1932.33,1932.6942,8.0,0.0,-6.9837646,-0.0036004763
2020-08-24 16:00:00,1927.7,1927.7,1927.7,1927.7,1.0,0.0,-4.9942627,-0.0025840935
2020-08-25 16:00:00,1952.3,1952.3,1952.3,1952.3,1.0,0.0,24.600098,0.012761373
2020-08-26 16:00:00,1952.3,1976.3,1909.958,1929.54,122181.0,0.0,-22.76001,-0.011658049
2020-08-27 16:00:00,1929.531,1973.824,1923.0945,1964.554,124708.0,0.0,35.013916,0.01814625
2020-08-30 16:00:00,1967.4,1967.4,1967.4,1967.4,1.0,0.0,2.8460693,0.0014487102
2020-08-31 16:00:00,1969.6,1969.6,1969.6,1969.6,1.0,0.0,2.1999512,0.0011182022
2020-09-01 16:00:00,1969.6,1973.29,1932.52,1942.09,122686.0,0.0,-27.51001,-0.013967308
2020-09-02 16:00:00,1942.409,1951.03,1921.6302,1930.21,123018.0,0.0,-11.880005,-0.0061171236
2020-09-03 16:00:00,1931.269,1949.0,1916.413,1933.768,121959.0,0.0,3.5579834,0.0018433142
2020-09-06 16:00:00,1930.897,1941.36,1924.3115,1927.94,86705.0,0.0,-5.828003,-0.0030138069
2020-09-07 16:00:00,1929.045,1940.825,1906.36,1930.966,119840.0,0.0,3.026001,0.0015695514
2020-09-08 16:00:00,1931.906,1950.88,1919.92,1946.3,114440.0,0.0,15.334106,0.0079411585
2020-09-09 16:00:00,1954.54,1955.3676,1945.6,1945.6,13.0,0.0,-0.70007324,-0.00035969442
2020-09-10 16:00:00,1945.6,1954.68,1937.0,1939.685,113272.0,0.0,-5.914917,-0.0030401507
2020-09-13 16:00:00,1941.166,1962.5,1936.92,1956.0,108021.0,0.0,16.314941,0.008411129
2020-09-14 16:00:00,1954.62,1955.7775,1954.3,1955.5131,45.0,0.0,-0.48693848,-0.00024894605
2020-09-15 16:00:00,1958.8,1958.8,1958.8,1958.8,1.0,0.0,3.2869873,0.0016808823
2020-09-16 16:00:00,1942.15,1944.4543,1940.79,1943.9,55.0,0.0,-14.900024,-0.0076067103
2020-09-17 16:00:00,1942.15,1960.07,1940.79,1949.161,114967.0,0.0,5.2609863,0.0027064078
2020-09-20 16:00:00,1950.276,1955.72,1882.592,1911.6,123089.0,0.0,-37.561035,-0.01927036
2020-09-21 16:00:00,1912.357,1919.865,1894.6,1899.6,126748.0,0.0,-12.0,-0.006277464
2020-09-22 16:00:00,1899.947,1905.81,1855.68,1863.138,135002.0,0.0,-36.462036,-0.019194586
2020-09-23 16:00:00,1863.286,1876.993,1848.6,1867.418,136167.0,0.0,4.2800293,0.0022972154
2020-09-24 16:00:00,1867.207,1875.17,1852.478,1861.205,125529.0,0.0,-6.2130127,-0.0033270605
2020-09-27 16:00:00,1858.25,1883.02,1848.874,1881.149,122633.0,0.0,19.944092,0.010715688
2020-09-28 16:00:00,1880.947,1898.95,1875.3,1897.3,122519.0,0.0,16.151001,0.00858571
2020-09-29 16:00:00,1897.347,1902.32,1881.258,1885.76,124608.0,0.0,-11.540039,-0.006082348
2020-09-30 16:00:00,1905.6,1905.6,1905.6,1905.6,1.0,0.0,19.839966,0.010520939
2020-10-01 16:00:00,1905.6,1917.03,1889.6528,1898.379,120932.0,0.0,-7.2209473,-0.0037893301
2020-10-04 16:00:00,1912.2,1912.2,1912.2,1912.2,1.0,0.0,13.820923,0.007280381
2020-10-05 16:00:00,1912.2,1920.75,1874.57,1877.83,119163.0,0.0,-34.369995,-0.01797406
2020-10-06 16:00:00,1887.0,1887.0,1887.0,1887.0,1.0,0.0,9.170044,0.0048833196
2020-10-07 16:00:00,1893.4,1893.4,1893.4,1893.4,1.0,0.0,6.4000244,0.0033916398
2020-10-08 16:00:00,1893.4,1930.414,1892.6,1929.853,120064.0,0.0,36.453003,0.019252669
2020-10-11 16:00:00,1921.97,1922.292,1921.97,1922.291,7.0,0.0,-7.5620117,-0.003918439
2020-10-12 16:00:00,1921.97,1925.6,1886.388,1890.92,123266.0,0.0,-31.370972,-0.016319575
2020-10-13 16:00:00,1899.31,1900.62,1899.31,1900.62,12.0,0.0,9.699951,0.005129752
2020-10-14 16:00:00,1906.95,1907.5486,1906.8,1906.8,8.0,0.0,6.1800537,0.003251599
2020-10-15 16:00:00,1906.95,1913.86,1897.0,1899.067,116162.0,0.0,-7.733032,-0.0040555024
2020-10-18 16:00:00,1898.59,1918.41,1896.888,1904.017,118124.0,0.0,4.949951,0.0026065174
2020-10-19 16:00:00,1903.539,1914.09,1894.6,1906.16,119825.0,0.0,2.1430664,0.00112555
2020-10-20 16:00:00,1907.649,1931.324,1907.64,1924.214,121797.0,0.0,18.053955,0.009471375
2020-10-21 16:00:00,1923.734,1925.99,1894.6,1903.894,120496.0,0.0,-20.319946,-0.010560128
2020-10-22 16:00:00,1903.627,1914.22,1894.245,1901.065,115975.0,0.0,-2.8291016,-0.0014859553
2020-10-25 16:00:00,1903.247,1908.56,1891.213,1901.69,119864.0,0.0,0.625,0.0003287631
2020-10-26 16:00:00,1901.147,1911.36,1897.6,1907.778,113976.0,0.0,6.0880127,0.0032013697
2020-10-27 16:00:00,1907.809,1910.87,1869.349,1876.33,120754.0,0.0,-31.447998,-0.016484099
2020-10-28 16:00:00,1876.318,1884.97,1858.9,1867.418,120392.0,0.0,-8.911987,-0.004749691
2020-10-29 16:00:00,1866.729,1889.69,1864.0,1878.989,123443.0,0.0,11.571045,0.00619628
2020-11-01 16:00:00,1876.658,1895.95,1873.358,1895.1,119362.0,0.0,16.110962,0.008574272
2020-11-02 16:00:00,1893.4,1910.51,1886.875,1909.04,113841.0,0.0,13.940063,0.007355846
2020-11-03 16:00:00,1908.3,1916.28,1882.3,1902.751,136094.0,0.0,-6.2890625,-0.0032943587
2020-11-04 16:00:00,1902.847,1952.69,1902.0,1948.87,127669.0,0.0,46.11902,0.024238074
2020-11-05 16:00:00,1947.93,1960.264,1935.1,1950.7843,126100.0,0.0,1.9143066,0.0009822649
2020-11-08 16:00:00,1957.2,1965.54,1850.0,1862.465,137659.0,0.0,-88.319336,-0.04527376
2020-11-09 16:00:00,1860.6,1890.324,1859.7278,1876.54,134078.0,0.0,14.075073,0.0075572287
2020-11-10 16:00:00,1876.8,1884.43,1856.325,1865.215,116308.0,0.0,-11.325073,-0.006035082
2020-11-11 16:00:00,1865.1,1883.795,1862.2,1876.674,119270.0,0.0,11.458984,0.0061435197
2020-11-12 16:00:00,1876.14,1896.763,1873.5,1889.2,113212.0,0.0,12.526001,0.006674575
2020-11-15 16:00:00,1881.9,1899.005,1864.624,1888.31,116861.0,0.0,-0.8898926,-0.00047104203
2020-11-16 16:00:00,1887.51,1893.52,1876.76,1879.958,114333.0,0.0,-8.352051,-0.0044230293
2020-11-17 16:00:00,1879.578,1884.8,1863.67,1872.1,115655.0,0.0,-7.858032,-0.0041798977
2020-11-18 16:00:00,1873.06,1874.06,1852.58,1865.635,115670.0,0.0,-6.464966,-0.003453323
2020-11-19 16:00:00,1866.2,1879.78,1860.4,1870.798,112384.0,0.0,5.162964,0.002767403
2020-11-22 16:00:00,1870.618,1876.15,1830.7,1837.235,111932.0,0.0,-33.56299,-0.017940467
2020-11-23 16:00:00,1837.5,1838.98,1800.1,1807.05,128626.0,0.0,-30.184937,-0.016429545
2020-11-24 16:00:00,1807.2,1817.614,1801.3,1807.5,118886.0,0.0,0.44995117,0.00024899762
2020-11-25 16:00:00,1806.88,1818.226,1805.766,1808.12,85027.0,0.0,0.6199951,0.0003430125
2020-11-26 16:00:00,1810.795,1813.755,1774.0,1787.5,97902.0,0.0,-20.619995,-0.011404107
2020-11-29 16:00:00,1789.2,1789.85,1764.3865,1776.7,123798.0,0.0,-10.800049,-0.0060419855
2020-11-30 16:00:00,1776.528,1817.35,1775.2,1814.995,118779.0,0.0,38.295044,0.02155403
2020-12-01 16:00:00,1815.058,1832.52,1806.8,1830.258,117636.0,0.0,15.263062,0.008409424
2020-12-02 16:00:00,1829.92,1843.845,1823.4,1840.75,117056.0,0.0,10.491943,0.005732494
2020-12-03 16:00:00,1839.964,1848.124,1829.05,1838.233,108527.0,0.0,-2.5169678,-0.0013673599
2020-12-06 16:00:00,1837.678,1868.495,1821.47,1862.175,116586.0,0.0,23.942017,0.013024473
2020-12-07 16:00:00,1862.43,1875.26,1859.3,1870.073,112728.0,0.0,7.897949,0.0042412495
2020-12-08 16:00:00,1870.557,1870.78,1825.688,1839.272,121057.0,0.0,-30.801025,-0.016470494
2020-12-09 16:00:00,1839.3,1849.94,1828.4,1836.538,121105.0,0.0,-2.7340088,-0.0014864625
2020-12-10 16:00:00,1836.1,1847.64,1824.115,1839.248,114117.0,0.0,2.710083,0.0014756477
2020-12-13 16:00:00,1840.2,1841.201,1819.44,1826.672,112540.0,0.0,-12.57605,-0.006837604
2020-12-14 16:00:00,1827.1176,1855.36,1825.1,1853.03,115917.0,0.0,26.358032,0.014429538
2020-12-15 16:00:00,1852.774,1865.654,1844.6,1863.78,119094.0,0.0,10.75,0.005801309
2020-12-16 16:00:00,1863.819,1896.19,1861.7,1884.923,119765.0,0.0,21.142944,0.01134412
2020-12-17 16:00:00,1884.85,1889.69,1876.9,1881.24,115460.0,0.0,-3.6829834,-0.001953917
2020-12-20 16:00:00,1871.9,1906.66,1854.91,1875.92,129771.0,0.0,-5.3199463,-0.0028278935
2020-12-21 16:00:00,1876.75,1884.184,1858.3,1859.49,124906.0,0.0,-16.430054,-0.008758398
2020-12-22 16:00:00,1860.91,1878.45,1857.28,1872.9,118597.0,0.0,13.410034,0.007211673
2020-12-23 16:00:00,1872.679,1883.385,1869.2,1878.97,91825.0,0.0,6.0699463,0.0032409346
2020-12-24 16:00:00,1878.97,1878.97,1878.97,1878.97,102.0,0.0,0.0,0.0
2020-12-27 16:00:00,1882.313,1900.165,1869.55,1873.42,119140.0,0.0,-5.5499268,-0.002953707
2020-12-28 16:00:00,1872.918,1886.4,1871.635,1877.45,112445.0,0.0,4.029907,0.0021510965
2020-12-29 16:00:00,1877.9,1894.435,1875.8,1894.25,108185.0,0.0,16.800049,0.008948334
2020-12-30 16:00:00,1894.034,1900.96,1885.2,1897.823,106516.0,0.0,3.572998,0.0018862336
2020-12-31 16:00:00,1897.9,1897.9,1897.9,1897.9,1.0,0.0,0.07702637,4.0586696e-05
2021-01-03 16:00:00,1904.04,1944.39,1903.7,1942.82,127488.0,0.0,44.91992,0.023668224
2021-01-04 16:00:00,1941.51,1952.94,1934.0,1949.48,125714.0,0.0,6.660034,0.0034280245
2021-01-05 16:00:00,1948.865,1959.19,1900.81,1918.238,134623.0,0.0,-31.241943,-0.016025783
2021-01-06 16:00:00,1919.119,1927.67,1906.74,1913.22,127306.0,0.0,-5.0180664,-0.0026159768
2021-01-07 16:00:00,1914.467,1917.42,1828.19,1848.35,129211.0,0.0,-64.869995,-0.033906188
2021-01-10 16:00:00,1849.267,1856.515,1817.088,1843.1,134857.0,0.0,-5.25,-0.002840371
2021-01-11 16:00:00,1844.598,1863.56,1837.2,1854.465,127317.0,0.0,11.36499,0.0061662365
2021-01-12 16:00:00,1854.114,1863.01,1842.045,1844.825,123314.0,0.0,-9.640015,-0.005198273
2021-01-13 16:00:00,1845.555,1857.46,1829.553,1845.867,125975.0,0.0,1.0419922,0.000564819
2021-01-14 16:00:00,1845.55,1856.69,1822.6,1827.868,124893.0,0.0,-17.998901,-0.00975092
2021-01-17 16:00:00,1828.648,1840.71,1805.675,1836.99,106330.0,0.0,9.121948,0.004990485
2021-01-18 16:00:00,1837.588,1845.34,1832.92,1839.8,118097.0,0.0,2.8100586,0.0015297082
2021-01-19 16:00:00,1839.624,1871.91,1832.503,1871.91,126639.0,0.0,32.109985,0.017452976
2021-01-20 16:00:00,1870.4482,1875.07,1858.325,1869.715,124858.0,0.0,-2.1950684,-0.0011726356
2021-01-21 16:00:00,1869.794,1870.85,1837.19,1855.182,126186.0,0.0,-14.532959,-0.0077728205
2021-01-24 16:00:00,1855.246,1867.83,1847.04,1855.6,126345.0,0.0,0.41796875,0.00022529798
2021-01-25 16:00:00,1855.064,1861.71,1848.315,1850.32,121000.0,0.0,-5.2800293,-0.0028454566
2021-01-26 16:00:00,1849.908,1853.04,1831.21,1843.73,124973.0,0.0,-6.589966,-0.0035615277
2021-01-27 16:00:00,1844.387,1864.06,1833.3,1842.325,131993.0,0.0,-1.4050293,-0.0007620581
2021-01-28 16:00:00,1842.3,1875.59,1839.2,1847.013,138160.0,0.0,4.6879883,0.0025446045
2021-01-31 16:00:00,1862.338,1871.594,1848.6,1860.18,143304.0,0.0,13.167114,0.0071288696
2021-02-01 16:00:00,1860.418,1864.12,1829.44,1837.58,136169.0,0.0,-22.600098,-0.012149414
2021-02-02 16:00:00,1837.004,1844.94,1829.368,1833.705,128284.0,0.0,-3.875,-0.0021087518
2021-02-03 16:00:00,1832.78,1834.77,1784.85,1793.69,130895.0,0.0,-40.015015,-0.021821948
2021-02-04 16:00:00,1793.69,1815.106,1791.4,1813.934,125107.0,0.0,20.244019,0.011286242
2021-02-07 16:00:00,1816.935,1839.055,1807.5,1830.3,127596.0,0.0,16.366089,0.009022428
2021-02-08 16:00:00,1830.19,1848.55,1827.9,1837.79,125889.0,0.0,7.48999,0.0040922198
2021-02-09 16:00:00,1837.32,1855.265,1833.8,1842.7,123466.0,0.0,4.909912,0.0026716392
2021-02-10 16:00:00,1842.85,1847.489,1820.1,1825.225,117323.0,0.0,-17.474976,-0.009483354
2021-02-11 16:00:00,1825.69,1830.665,1810.4,1823.925,114344.0,0.0,-1.2999268,-0.0007122008
2021-02-14 16:00:00,1824.28,1827.03,1815.1,1817.46,94807.0,0.0,-6.465088,-0.0035446018
2021-02-15 16:00:00,1818.62,1826.43,1789.0,1794.448,128605.0,0.0,-23.011963,-0.012661606
2021-02-16 16:00:00,1794.27,1795.16,1769.515,1775.9,132124.0,0.0,-18.547974,-0.0103363115
2021-02-17 16:00:00,1774.73,1789.47,1768.27,1775.59,133054.0,0.0,-0.3100586,-0.00017459237
2021-02-18 16:00:00,1774.96,1791.5,1760.4,1784.215,136136.0,0.0,8.625,0.0048575406
2021-02-21 16:00:00,1781.98,1812.54,1780.5,1809.2,139005.0,0.0,24.984985,0.0140033495
2021-02-22 16:00:00,1809.35,1816.01,1795.554,1805.08,134709.0,0.0,-4.119995,-0.002277247
2021-02-23 16:00:00,1804.535,1813.7,1783.3,1804.85,134873.0,0.0,-0.22998047,-0.00012740736
2021-02-24 16:00:00,1804.36,1805.41,1765.58,1769.789,140776.0,0.0,-35.061035,-0.01942601
2021-02-25 16:00:00,1769.26,1775.7,1716.8,1733.39,146379.0,0.0,-36.398926,-0.020566817
2021-02-28 16:00:00,1737.5,1759.739,1719.4,1724.388,139495.0,0.0,-9.002075,-0.005193335
2021-03-01 16:00:00,1724.14,1739.066,1707.05,1738.0,138683.0,0.0,13.612061,0.00789385
2021-03-02 16:00:00,1737.52,1740.483,1701.7,1710.54,134522.0,0.0,-27.45996,-0.015799748
2021-03-03 16:00:00,1708.8,1722.97,1690.46,1697.266,140954.0,0.0,-13.274048,-0.0077601504
2021-03-04 16:00:00,1697.4,1707.545,1687.138,1699.976,137682.0,0.0,2.709961,0.0015966624
2021-03-07 16:00:00,1703.43,1714.23,1676.5,1682.6,138478.0,0.0,-17.375977,-0.010221307
2021-03-08 16:00:00,1682.91,1720.586,1680.1,1715.73,133288.0,0.0,33.130005,0.019689769
2021-03-09 16:00:00,1715.43,1726.72,1707.8,1726.37,132204.0,0.0,10.640015,0.0062014507
2021-03-10 16:00:00,1726.35,1739.85,1719.1,1722.059,132433.0,0.0,-4.311035,-0.0024971676
2021-03-11 16:00:00,1721.84,1729.143,1699.0,1726.689,130764.0,0.0,4.630005,0.002688645
2021-03-14 16:00:00,1730.07,1731.993,1730.07,1731.53,125.0,0.0,4.8410645,0.002803669
2021-03-15 16:00:00,1729.61,1730.58,1729.61,1730.58,107.0,0.0,-0.95007324,-0.00054869003
2021-03-16 16:00:00,1745.05,1745.08,1745.05,1745.08,99.0,0.0,14.5,0.008378694
2021-03-17 16:00:00,1736.3,1736.33,1736.3,1736.33,108.0,0.0,-8.75,-0.005014097
2021-03-18 16:00:00,1736.3,1746.87,1727.4,1745.17,127403.0,0.0,8.840088,0.005091249
2021-03-21 16:00:00,1738.83,1738.83,1738.8,1738.83,97.0,0.0,-6.340088,-0.003632934
2021-03-22 16:00:00,1727.75,1727.78,1726.8,1727.75,96.0,0.0,-11.079956,-0.0063720755
2021-03-23 16:00:00,1727.75,1738.38,1723.969,1734.1,121867.0,0.0,6.3499756,0.0036752862
2021-03-24 16:00:00,1726.9,1726.93,1726.9,1726.9,75.0,0.0,-7.199951,-0.004151982
2021-03-25 16:00:00,1726.9,1736.73,1721.4,1732.58,118817.0,0.0,5.6799316,0.0032890912
2021-03-28 16:00:00,1712.03,1712.03,1712.0,1712.0,107.0,0.0,-20.579956,-0.011878215
2021-03-29 16:00:00,1685.12,1685.12,1685.09,1685.09,107.0,0.0,-26.910034,-0.015718479
2021-03-30 16:00:00,1707.52,1707.52,1707.49,1707.52,106.0,0.0,22.430054,0.013310893
2021-03-31 16:00:00,1707.52,1730.48,1705.4,1729.789,119617.0,0.0,22.26892,0.013041675
2021-04-01 16:00:00,1729.8,1737.77,1729.4,1734.82,1018.0,0.0,5.031006,0.0029084508
2021-04-04 16:00:00,1728.719,1733.47,1721.0,1728.058,103790.0,0.0,-6.761963,-0.0038977894
2021-04-05 16:00:00,1742.71,1743.98,1742.46,1743.95,65.0,0.0,15.891968,0.009196432
2021-04-06 16:00:00,1737.3,1737.3,1737.3,1737.3,1.0,0.0,-6.6499023,-0.0038131268
2021-04-07 16:00:00,1755.54,1755.54,1755.54,1755.54,1.0,0.0,18.23999,0.010499044
2021-04-08 16:00:00,1755.54,1757.306,1731.1,1743.649,120884.0,0.0,-11.890991,-0.0067734094
2021-04-11 16:00:00,1743.358,1744.94,1726.6,1732.6,117512.0,0.0,-11.049072,-0.0063367523
2021-04-12 16:00:00,1732.219,1748.86,1722.7,1745.119,127872.0,0.0,12.519043,0.007225582
2021-04-13 16:00:00,1745.016,1749.38,1732.0,1735.886,125067.0,0.0,-9.233032,-0.005290775
2021-04-14 16:00:00,1736.079,1769.74,1733.8,1763.5,124917.0,0.0,27.614014,0.015907735
2021-04-15 16:00:00,1763.695,1783.81,1759.5,1776.486,122718.0,0.0,12.985962,0.0073637436
2021-04-18 16:00:00,1778.02,1790.04,1766.63,1771.098,125806.0,0.0,-5.3879395,-0.0030329197
2021-04-19 16:00:00,1770.03,1780.42,1763.1,1778.558,127644.0,0.0,7.459961,0.0042120544
2021-04-20 16:00:00,1793.1,1793.1,1793.1,1793.1,2.0,0.0,14.541992,0.008176282
2021-04-21 16:00:00,1783.4,1783.4,1783.4,1783.4,1.0,0.0,-9.699951,-0.005409599
2021-04-22 16:00:00,1783.4,1795.788,1769.7,1776.408,124252.0,0.0,-6.9920654,-0.0039206375
2021-04-25 16:00:00,1774.887,1783.47,1768.6,1780.995,123209.0,0.0,4.587036,0.0025821975
2021-04-26 16:00:00,1777.03,1777.03,1777.03,1777.03,1.0,0.0,-3.9649658,-0.0022262644
2021-04-27 16:00:00,1777.03,1782.54,1762.3,1781.19,120552.0,0.0,4.159912,0.0023409352
2021-04-28 16:00:00,1781.408,1789.95,1756.07,1771.7,125799.0,0.0,-9.48999,-0.0053278934
2021-04-29 16:00:00,1772.267,1773.71,1764.0,1768.78,122259.0,0.0,-2.9199219,-0.0016480905
2021-05-02 16:00:00,1792.73,1792.73,1791.2,1792.7,88.0,0.0,23.919922,0.013523401
2021-05-03 16:00:00,1778.71,1778.83,1778.71,1778.83,57.0,0.0,-13.869995,-0.0077369306
2021-05-04 16:00:00,1778.71,1787.96,1770.19,1786.414,120037.0,0.0,7.5839844,0.004263468
2021-05-05 16:00:00,1814.4,1814.4,1814.4,1814.4,1.0,0.0,27.986084,0.01566607
2021-05-06 16:00:00,1814.4,1843.127,1812.6,1830.66,123171.0,0.0,16.26001,0.008961646
2021-05-09 16:00:00,1833.678,1845.27,1829.8,1835.7,131187.0,0.0,5.039917,0.00275306
2021-05-10 16:00:00,1837.33,1837.33,1837.3,1837.33,108.0,0.0,1.6300049,0.00088794733
2021-05-11 16:00:00,1837.33,1843.558,1812.3,1815.17,131726.0,0.0,-22.159912,-0.012060932
2021-05-12 16:00:00,1826.35,1826.51,1826.35,1826.51,82.0,0.0,11.339966,0.0062473295
2021-05-13 16:00:00,1826.35,1845.96,1819.32,1842.665,122798.0,0.0,16.15503,0.008844753
2021-05-16 16:00:00,1844.538,1868.46,1840.89,1866.5,123124.0,0.0,23.83496,0.012935048
2021-05-17 16:00:00,1866.238,1874.92,1863.1,1868.978,117528.0,0.0,2.4780273,0.0013276332
2021-05-18 16:00:00,1869.545,1889.944,1851.1,1869.5,126409.0,0.0,0.52197266,0.0002792824
2021-05-19 16:00:00,1875.59,1876.0322,1875.5,1875.568,9.0,0.0,6.067993,0.003245784
2021-05-20 16:00:00,1875.59,1889.4,1869.6,1880.815,119572.0,0.0,5.2469482,0.002797525
2021-05-23 16:00:00,1879.99,1880.94,1879.56,1880.94,15.0,0.0,0.125,6.6460554e-05
2021-05-24 16:00:00,1898.99,1899.36,1898.4,1899.2046,12.0,0.0,18.264648,0.009710384
2021-05-25 16:00:00,1898.99,1912.72,1890.42,1896.3,124047.0,0.0,-2.904541,-0.001529346
2021-05-26 16:00:00,1896.3,1896.3,1896.3,1896.3,1.0,0.0,0.0,0.0
2021-05-27 16:00:00,1896.3,1905.749,1882.1,1903.53,115970.0,0.0,7.2299805,0.0038126775
2021-05-30 16:00:00,1903.338,1910.6,1900.8,1904.84,86975.0,0.0,1.3099365,0.00068816176
2021-05-31 16:00:00,1907.407,1916.53,1892.3,1900.088,117298.0,0.0,-4.751953,-0.0024946732
2021-06-01 16:00:00,1899.83,1909.05,1893.4,1907.734,112160.0,0.0,7.645996,0.0040240223
2021-06-02 16:00:00,1869.4,1870.36,1869.3,1870.36,7.0,0.0,-37.374023,-0.019590793
2021-06-03 16:00:00,1869.4,1896.13,1855.46,1890.585,120496.0,0.0,20.224976,0.010813413
2021-06-06 16:00:00,1887.4,1900.09,1880.7,1898.8,108695.0,0.0,8.215088,0.0043452624
2021-06-07 16:00:00,1892.49,1893.0155,1892.4846,1893.008,15.0,0.0,-5.791992,-0.0030503434
2021-06-08 16:00:00,1888.2935,1888.3231,1887.2,1887.2,13.0,0.0,-5.8081055,-0.0030681884
2021-06-09 16:00:00,1898.1425,1898.1606,1896.7,1897.9597,30.0,0.0,10.759766,0.0057014446
2021-06-10 16:00:00,1898.1425,1902.92,1874.1,1876.727,116481.0,0.0,-21.232666,-0.011187101
2021-06-13 16:00:00,1866.0,1866.0006,1864.6,1864.6,16.0,0.0,-12.127075,-0.0064618215
2021-06-14 16:00:00,1858.71,1858.7206,1857.1,1858.6925,35.0,0.0,-5.9074707,-0.0031682241
2021-06-15 16:00:00,1811.9229,1811.9229,1810.85,1811.7233,40.0,0.0,-46.96924,-0.025270043
2021-06-16 16:00:00,1773.31,1773.32,1771.39,1773.2543,17.0,0.0,-38.468994,-0.021233372
2021-06-17 16:00:00,1773.31,1797.05,1760.7,1763.859,127922.0,0.0,-9.395264,-0.0052983174
2021-06-20 16:00:00,1782.9532,1782.975,1782.49,1782.49,33.0,0.0,18.630981,0.010562625
2021-06-21 16:00:00,1782.9532,1790.07,1772.24,1778.35,122263.0,0.0,-4.1400146,-0.0023226019
2021-06-22 16:00:00,1778.735,1778.7637,1777.7697,1778.4025,15.0,0.0,0.052490234,2.9516257e-05
2021-06-23 16:00:00,1775.1779,1775.2258,1775.1779,1775.1996,22.0,0.0,-3.2028809,-0.0018009876
2021-06-24 16:00:00,1775.1779,1790.255,1772.6,1781.61,112326.0,0.0,6.4104004,0.003611087
2021-06-27 16:00:00,1778.2084,1778.2306,1777.4,1777.4,26.0,0.0,-4.209961,-0.0023630094
2021-06-28 16:00:00,1761.0856,1761.0953,1760.65,1760.65,18.0,0.0,-16.75,-0.009423877
2021-06-29 16:00:00,1769.7919,1769.8075,1769.76,1769.7937,17.0,0.0,9.143677,0.0051933527
2021-06-30 16:00:00,1776.5233,1776.5806,1775.83,1775.83,25.0,0.0,6.036255,0.003410711
2021-07-01 16:00:00,1776.5233,1795.07,1773.3,1786.2,119020.0,0.0,10.369995,0.00583952
2021-07-04 16:00:00,1791.623,1791.648,1791.5917,1791.648,31.0,0.0,5.447998,0.0030500493
2021-07-05 16:00:00,1796.7,1796.89,1796.2539,1796.634,24.0,0.0,4.986084,0.0027829597
2021-07-06 16:00:00,1803.41,1803.415,1803.41,1803.41,5.0,0.0,6.776001,0.0037714976
2021-07-07 16:00:00,1802.49,1802.57,1802.4515,1802.56,36.0,0.0,-0.8499756,-0.00047131575
2021-07-08 16:00:00,1802.49,1812.33,1796.4,1808.048,126099.0,0.0,5.487915,0.0030445117
2021-07-11 16:00:00,1805.8875,1805.9106,1805.8875,1805.91,16.0,0.0,-2.1379395,-0.0011824573
2021-07-12 16:00:00,1807.4451,1807.4718,1806.89,1807.1,28.0,0.0,1.1899414,0.0006589151
2021-07-13 16:00:00,1827.0717,1827.158,1825.91,1827.158,26.0,0.0,20.057983,0.0110995425
2021-07-14 16:00:00,1829.1766,1829.2053,1828.68,1828.68,30.0,0.0,1.5220947,0.00083303946
2021-07-15 16:00:00,1829.1766,1832.01,1808.8,1811.96,124582.0,0.0,-16.720093,-0.0091432575
2021-07-18 16:00:00,1812.365,1812.3654,1812.3,1812.34,25.0,0.0,0.38000488,0.00020972035
2021-07-19 16:00:00,1810.0155,1810.0745,1810.0045,1810.0745,26.0,0.0,-2.265503,-0.001250043
2021-07-20 16:00:00,1803.3206,1803.321,1802.8523,1802.8645,28.0,0.0,-7.209961,-0.00398324
2021-07-21 16:00:00,1806.695,1806.7006,1806.6666,1806.69,27.0,0.0,3.8254395,0.0021218674
2021-07-22 16:00:00,1806.695,1810.31,1789.86,1801.78,117700.0,0.0,-4.909912,-0.0027176286
2021-07-25 16:00:00,1801.978,1811.49,1795.3,1797.36,121026.0,0.0,-4.420044,-0.002453154
2021-07-26 16:00:00,1797.27,1805.2,1792.6,1798.69,120839.0,0.0,1.329956,0.00073994976
2021-07-27 16:00:00,1798.7375,1809.82,1792.42,1806.83,122928.0,0.0,8.140015,0.004525524
2021-07-28 16:00:00,1806.8737,1832.67,1805.2,1827.6,120574.0,0.0,20.77002,0.011495282
2021-07-29 16:00:00,1827.95,1831.24,1809.2,1813.86,117883.0,0.0,-13.73999,-0.007518051
2021-08-01 16:00:00,1813.878,1819.5,1805.4,1813.355,118894.0,0.0,-0.5050049,-0.0002784145
2021-08-02 16:00:00,1813.38,1814.954,1806.94,1810.255,110694.0,0.0,-3.0999756,-0.001709525
2021-08-03 16:00:00,1810.36,1831.72,1806.35,1811.4,110662.0,0.0,1.1450195,0.0006325184
2021-08-04 16:00:00,1811.39,1814.82,1797.75,1803.86,113869.0,0.0,-7.540039,-0.0041625476
2021-08-05 16:00:00,1804.0088,1804.78,1758.3,1762.69,116281.0,0.0,-41.170044,-0.022823304
2021-08-08 16:00:00,1763.014,1764.5,1680.23,1729.18,129057.0,0.0,-33.509888,-0.019010654
2021-08-09 16:00:00,1729.4624,1738.28,1716.5,1728.7,120102.0,0.0,-0.48010254,-0.00027764752
2021-08-10 16:00:00,1728.7295,1754.37,1723.7,1751.456,119849.0,0.0,22.756104,0.013163709
2021-08-11 16:00:00,1751.41,1758.14,1741.56,1752.6,117451.0,0.0,1.1439209,0.00065312564
2021-08-12 16:00:00,1752.4467,1780.23,1750.7,1778.998,114852.0,0.0,26.398071,0.015062234
2021-08-15 16:00:00,1779.43,1789.14,1769.9,1786.9,123867.0,0.0,7.9019775,0.0044418136
2021-08-16 16:00:00,1787.2493,1795.5,1779.9,1785.74,118839.0,0.0,-1.1600342,-0.00064918806
2021-08-17 16:00:00,1785.9553,1793.81,1777.298,1787.848,120764.0,0.0,2.1080322,0.001180481
2021-08-18 16:00:00,1787.58,1792.352,1774.0,1780.106,127709.0,0.0,-7.7420654,-0.004330382
2021-08-19 16:00:00,1780.165,1788.43,1777.6,1780.599,115508.0,0.0,0.493042,0.00027697338
2021-08-22 16:00:00,1779.472,1806.395,1775.9,1805.254,114077.0,0.0,24.65503,0.01384648
2021-08-23 16:00:00,1805.1929,1809.52,1799.5,1802.626,111829.0,0.0,-2.6280518,-0.0014557794
2021-08-24 16:00:00,1802.6106,1803.044,1782.49,1790.39,114702.0,0.0,-12.235962,-0.006787854
2021-08-25 16:00:00,1790.6875,1798.19,1779.9,1792.11,115806.0,0.0,1.7199707,0.0009606682
2021-08-26 16:00:00,1792.1616,1819.175,1784.84,1816.825,119040.0,0.0,24.714966,0.013790987
2021-08-29 16:00:00,1816.84,1823.146,1806.8,1810.306,110985.0,0.0,-6.518921,-0.0035880841
2021-08-30 16:00:00,1810.165,1819.18,1801.58,1813.32,119748.0,0.0,3.013916,0.0016648655
2021-08-31 16:00:00,1813.2983,1819.99,1808.4,1813.88,116802.0,0.0,0.5600586,0.0003088581
2021-09-01 16:00:00,1813.6384,1817.09,1804.8,1809.486,112239.0,0.0,-4.394043,-0.0024224552
2021-09-02 16:00:00,1809.415,1833.93,1807.7,1827.368,111039.0,0.0,17.88208,0.009882409
2021-09-05 16:00:00,1829.908,1830.26,1820.2,1822.9984,76153.0,0.0,-4.369629,-0.0023912145
2021-09-06 16:00:00,1822.9988,1827.32,1792.1,1794.175,118633.0,0.0,-28.823364,-0.015810965
2021-09-07 16:00:00,1794.3033,1802.07,1782.264,1788.61,119793.0,0.0,-5.5650635,-0.0031017393
2021-09-08 16:00:00,1788.9135,1800.91,1783.8,1794.285,119814.0,0.0,5.675049,0.0031728821
2021-09-09 16:00:00,1794.925,1803.88,1786.9,1787.28,117635.0,0.0,-7.005005,-0.0039040647
2021-09-12 16:00:00,1788.118,1798.4,1783.66,1793.1,117756.0,0.0,5.8199463,0.0032563147
2021-09-13 16:00:00,1793.4941,1808.74,1782.0,1804.54,113208.0,0.0,11.440063,0.0063800476
2021-09-14 16:00:00,1804.231,1806.818,1790.1,1793.636,112407.0,0.0,-10.904053,-0.006042566
2021-09-15 16:00:00,1793.64,1796.2,1745.3,1753.3,121601.0,0.0,-40.335938,-0.022488363
2021-09-16 16:00:00,1753.575,1767.45,1747.3,1754.609,116890.0,0.0,1.30896,0.0007465693
2021-09-19 16:00:00,1753.28,1767.08,1742.094,1763.956,120541.0,0.0,9.347046,0.005327139
2021-09-20 16:00:00,1763.885,1781.7,1757.6,1774.259,115606.0,0.0,10.3029785,0.005840836
2021-09-21 16:00:00,1774.2396,1787.114,1764.64,1768.0,123535.0,0.0,-6.259033,-0.0035276886
2021-09-22 16:00:00,1767.94,1776.54,1737.5,1742.46,127266.0,0.0,-25.54004,-0.014445723
2021-09-23 16:00:00,1742.5688,1757.559,1740.4,1750.01,121780.0,0.0,7.550049,0.0043329825
2021-09-26 16:00:00,1751.219,1760.83,1744.7,1749.62,120910.0,0.0,-0.39001465,-0.00022286424
2021-09-27 16:00:00,1749.8477,1754.43,1727.0,1733.758,125432.0,0.0,-15.861938,-0.0090659335
2021-09-28 16:00:00,1733.7067,1745.58,1721.4,1725.92,121180.0,0.0,-7.8380127,-0.004520823
2021-09-29 16:00:00,1726.1,1764.12,1721.9,1756.79,111866.0,0.0,30.869995,0.01788611
2021-09-30 16:00:00,1756.635,1764.195,1749.2,1760.84,110204.0,0.0,4.0499268,0.0023052993
2021-10-03 16:00:00,1761.988,1770.44,1746.7,1769.2,111480.0,0.0,8.359985,0.004747726
2021-10-04 16:00:00,1769.5,1769.95,1748.53,1759.948,108644.0,0.0,-9.251953,-0.005229456
2021-10-05 16:00:00,1759.9753,1765.11,1745.6,1762.554,113458.0,0.0,2.605957,0.0014807011
2021-10-06 16:00:00,1762.3767,1766.93,1751.6,1755.4,103018.0,0.0,-7.1539307,-0.0040588435
2021-10-07 16:00:00,1755.4309,1781.24,1752.3,1756.99,103710.0,0.0,1.5899658,0.00090575696
2021-10-10 16:00:00,1757.009,1760.92,1749.4,1754.076,102706.0,0.0,-2.9139404,-0.0016584843
2021-10-11 16:00:00,1753.8657,1769.215,1749.8,1759.918,107927.0,0.0,5.841919,0.0033304822
2021-10-12 16:00:00,1759.7773,1796.12,1757.82,1792.814,107679.0,0.0,32.895996,0.018691778
2021-10-13 16:00:00,1792.6342,1800.41,1786.4,1795.746,100910.0,0.0,2.9320068,0.0016354216
2021-10-14 16:00:00,1795.555,1796.375,1764.5,1767.248,103793.0,0.0,-28.497925,-0.015869686
2021-10-17 16:00:00,1767.37,1772.05,1759.1,1764.766,110170.0,0.0,-2.4820557,-0.001404475
2021-10-18 16:00:00,1764.58,1784.85,1761.69,1769.0265,111641.0,0.0,4.260498,0.0024142
2021-10-19 16:00:00,1768.9994,1788.16,1765.72,1781.5331,109503.0,0.0,12.506592,0.0070697595
2021-10-20 16:00:00,1781.8225,1789.24,1775.49,1782.49,121183.0,0.0,0.9569092,0.0005371268
2021-10-21 16:00:00,1782.575,1813.87,1781.7,1792.25,110555.0,0.0,9.76001,0.005475492
2021-10-24 16:00:00,1792.507,1810.03,1791.2,1807.588,106033.0,0.0,15.338013,0.008557965
2021-10-25 16:00:00,1807.4731,1808.32,1782.27,1792.14,103750.0,0.0,-15.447998,-0.008546194
2021-10-26 16:00:00,1792.6,1799.1,1782.7,1796.5,108104.0,0.0,4.3599854,0.0024328374
2021-10-27 16:00:00,1796.5428,1810.26,1792.0,1798.59,111534.0,0.0,2.0899658,0.0011633541
2021-10-28 16:00:00,1798.6305,1801.11,1771.7,1782.866,116980.0,0.0,-15.723999,-0.008742403
2021-10-31 16:00:00,1782.788,1795.72,1778.1,1793.148,104643.0,0.0,10.281982,0.005767109
2021-11-01 16:00:00,1793.0325,1796.42,1785.2,1787.84,98115.0,0.0,-5.3079834,-0.002960148
2021-11-02 16:00:00,1787.366,1788.235,1758.74,1769.679,104693.0,0.0,-18.16101,-0.010158074
2021-11-03 16:00:00,1769.5221,1798.87,1768.21,1791.806,107297.0,0.0,22.127075,0.0125034405
2021-11-04 16:00:00,1791.7052,1818.184,1785.047,1817.948,107149.0,0.0,26.141968,0.014589731
2021-11-07 16:00:00,1818.308,1826.395,1812.1,1823.855,103624.0,0.0,5.9069824,0.0032492583
2021-11-08 16:00:00,1823.8953,1832.665,1818.9,1832.248,108660.0,0.0,8.393066,0.004601828
2021-11-09 16:00:00,1831.6505,1868.38,1821.9,1852.5,108498.0,0.0,20.251953,0.011053063
2021-11-10 16:00:00,1849.107,1865.93,1842.2,1862.45,104345.0,0.0,9.949951,0.0053710938
2021-11-11 16:00:00,1861.8075,1868.597,1844.8,1865.914,108017.0,0.0,3.4639893,0.00185991
2021-11-14 16:00:00,1864.21,1870.19,1855.6,1863.12,102815.0,0.0,-2.7939453,-0.0014973602
2021-11-15 16:00:00,1862.6145,1877.06,1848.5,1850.507,105739.0,0.0,-12.613037,-0.006769847
2021-11-16 16:00:00,1850.7617,1867.98,1848.8,1866.8,103683.0,0.0,16.29309,0.008804663
2021-11-17 16:00:00,1867.2145,1870.94,1854.96,1860.803,101194.0,0.0,-5.9970703,-0.0032124866
2021-11-18 16:00:00,1858.6259,1865.41,1842.894,1846.858,109818.0,0.0,-13.944946,-0.0074940477
2021-11-21 16:00:00,1846.618,1849.07,1801.6,1805.24,108550.0,0.0,-41.618042,-0.02253451
2021-11-22 16:00:00,1804.37,1812.37,1781.0,1790.0,108719.0,0.0,-15.23999,-0.008442085
2021-11-23 16:00:00,1788.9246,1796.354,1778.5,1788.062,104650.0,0.0,-1.9379883,-0.0010826751
2021-11-24 16:00:00,1788.3425,1795.02,1785.2,1788.44,69024.0,0.0,0.3779297,0.00021136274
2021-11-25 16:00:00,1788.6313,1815.45,1780.518,1791.8206,103568.0,0.0,3.3806152,0.0018902593
2021-11-28 16:00:00,1791.76,1799.35,1779.283,1783.64,108618.0,0.0,-8.180542,-0.004565492
2021-11-29 16:00:00,1784.2,1808.588,1769.6,1770.94,114428.0,0.0,-12.700073,-0.0071203117
2021-11-30 16:00:00,1774.75,1793.78,1771.5,1778.44,111097.0,0.0,7.5,0.004235039
2021-12-01 16:00:00,1781.855,1783.29,1761.4,1767.52,106198.0,0.0,-10.919922,-0.006140169
2021-12-02 16:00:00,1766.71,1786.11,1765.0,1782.766,110055.0,0.0,15.245972,0.008625628
2021-12-05 16:00:00,1784.445,1787.65,1775.659,1779.14,105297.0,0.0,-3.6259766,-0.002033905
2021-12-06 16:00:00,1778.5006,1787.67,1772.258,1785.24,98492.0,0.0,6.0999756,0.003428609
2021-12-07 16:00:00,1783.765,1793.08,1779.5,1785.518,101480.0,0.0,0.2779541,0.00015569566
2021-12-08 16:00:00,1782.8706,1787.61,1773.5,1775.295,98005.0,0.0,-10.2229,-0.0057254536
2021-12-09 16:00:00,1775.135,1789.19,1768.9,1782.699,93933.0,0.0,7.4039307,0.004170535
2021-12-12 16:00:00,1782.616,1791.398,1781.6,1787.082,93441.0,0.0,4.3830566,0.0024586634
2021-12-13 16:00:00,1786.3806,1789.54,1766.3,1771.064,95185.0,0.0,-16.018066,-0.0089632515
2021-12-14 16:00:00,1770.6833,1780.82,1752.59,1777.8,99638.0,0.0,6.736084,0.0038034108
2021-12-15 16:00:00,1777.3417,1799.114,1774.9,1799.114,105204.0,0.0,21.313965,0.011988955
2021-12-16 16:00:00,1799.0627,1814.2,1795.0,1795.94,102433.0,0.0,-3.1740723,-0.0017642418
2021-12-19 16:00:00,1799.508,1804.098,1787.9,1788.459,102131.0,0.0,-7.480957,-0.0041654827
2021-12-20 16:00:00,1790.333,1800.38,1784.2,1787.98,95276.0,0.0,-0.4790039,-0.00026783053
2021-12-21 16:00:00,1789.5924,1804.948,1785.0,1804.79,92683.0,0.0,16.810059,0.009401704
2021-12-22 16:00:00,1803.47,1810.71,1798.7,1808.71,87994.0,0.0,3.9199219,0.0021719546
2021-12-23 16:00:00,1807.85,1812.3,1801.9,1801.9,190.0,0.0,-6.8099365,-0.0037650794
2021-12-26 16:00:00,1808.406,1813.45,1802.85,1812.515,85258.0,0.0,10.61499,0.0058909985
2021-12-27 16:00:00,1811.1,1820.12,1804.3,1805.44,84828.0,0.0,-7.0750732,-0.0039034563
2021-12-28 16:00:00,1806.1385,1807.615,1789.0,1804.36,92341.0,0.0,-1.079956,-0.0005981678
2021-12-29 16:00:00,1804.445,1817.13,1795.5,1816.7,89293.0,0.0,12.339966,0.0068389713
2021-12-30 16:00:00,1814.335,1830.33,1813.6,1829.365,83987.0,0.0,12.665039,0.0069714533
2022-01-02 16:00:00,1828.608,1831.65,1797.8,1801.63,90382.0,0.0,-27.734985,-0.015160991
2022-01-03 16:00:00,1801.1024,1816.696,1798.38,1815.03,104239.0,0.0,13.400024,0.0074377228
2022-01-04 16:00:00,1814.255,1829.63,1807.6,1809.948,101607.0,0.0,-5.0820312,-0.0027999708
2022-01-05 16:00:00,1810.3975,1811.484,1785.9,1787.8,113651.0,0.0,-22.14795,-0.012236788
2022-01-06 16:00:00,1789.0,1798.56,1782.3,1795.74,99647.0,0.0,7.9399414,0.00444118
2022-01-09 16:00:00,1793.98,1802.31,1790.1,1800.99,104453.0,0.0,5.25,0.002923586
2022-01-10 16:00:00,1801.3845,1823.2,1799.2,1822.925,120380.0,0.0,21.935059,0.0121794455
2022-01-11 16:00:00,1821.3175,1827.98,1814.1,1827.2,118861.0,0.0,4.2749023,0.0023450784
2022-01-12 16:00:00,1825.9225,1828.16,1812.0,1821.79,117787.0,0.0,-5.409912,-0.0029607664
2022-01-13 16:00:00,1821.91,1829.11,1813.8,1816.54,120438.0,0.0,-5.25,-0.002881781
2022-01-16 16:00:00,1817.49,1823.18,1812.4,1818.52,84875.0,0.0,1.9799805,0.0010899735
2022-01-17 16:00:00,1819.27,1822.74,1805.5,1813.57,125885.0,0.0,-4.9500732,-0.002722034
2022-01-18 16:00:00,1813.5024,1843.318,1809.3,1842.59,125572.0,0.0,29.02002,0.016001599
2022-01-19 16:00:00,1840.0,1847.94,1835.5,1837.8,125262.0,0.0,-4.789917,-0.0025995567
2022-01-20 16:00:00,1838.64,1843.19,1827.9,1831.83,129933.0,0.0,-5.970093,-0.0032484997
2022-01-23 16:00:00,1834.575,1844.257,1829.2,1841.57,128102.0,0.0,9.73999,0.005317082
2022-01-24 16:00:00,1842.79,1853.83,1834.72,1847.328,126880.0,0.0,5.7580566,0.003126711
2022-01-25 16:00:00,1847.7345,1850.09,1815.06,1817.49,117720.0,0.0,-29.838013,-0.016151983
2022-01-26 16:00:00,1819.2411,1822.14,1790.8,1794.74,129390.0,0.0,-22.75,-0.012517263
2022-01-27 16:00:00,1797.1555,1799.4,1779.9,1788.68,123867.0,0.0,-6.0599365,-0.0033764984
2022-01-30 16:00:00,1791.113,1799.805,1784.9,1799.51,120050.0,0.0,10.829956,0.0060547194
2022-01-31 16:00:00,1796.91,1808.75,1794.7,1801.01,116690.0,0.0,1.5,0.00083356025
2022-02-01 16:00:00,1801.3202,1810.76,1793.6,1807.2,111095.0,0.0,6.1899414,0.003436928
2022-02-02 16:00:00,1807.94,1808.96,1788.4,1805.044,113044.0,0.0,-2.1560059,-0.0011930091
2022-02-03 16:00:00,1803.8,1814.88,1792.09,1807.8,119362.0,0.0,2.7561035,0.00152689
2022-02-06 16:00:00,1806.808,1823.56,1806.66,1821.474,124986.0,0.0,13.67395,0.007563862
2022-02-07 16:00:00,1820.4218,1828.74,1814.7,1826.955,117314.0,0.0,5.480957,0.0030090779
2022-02-08 16:00:00,1825.55,1835.81,1823.9,1833.15,114195.0,0.0,6.1950684,0.0033909257
2022-02-09 16:00:00,1833.4451,1841.89,1821.62,1827.104,118116.0,0.0,-6.0460205,-0.0032981592
2022-02-10 16:00:00,1826.4026,1865.378,1820.72,1861.09,129406.0,0.0,33.985962,0.018601
2022-02-13 16:00:00,1859.233,1874.09,1850.3,1871.92,131165.0,0.0,10.830078,0.0058192126
2022-02-14 16:00:00,1870.8579,1879.5,1844.3,1853.3,124036.0,0.0,-18.619995,-0.009947004
2022-02-15 16:00:00,1853.3195,1872.52,1849.3,1872.314,118260.0,0.0,19.013916,0.010259491
2022-02-16 16:00:00,1869.5624,1901.11,1866.5,1898.544,125167.0,0.0,26.22998,0.014009392
2022-02-17 16:00:00,1898.22,1902.46,1885.9,1896.901,122180.0,0.0,-1.6429443,-0.00086537073
2022-02-20 16:00:00,1900.373,1908.2,1887.453,1905.1255,112142.0,0.0,8.224487,0.0043357494
2022-02-21 16:00:00,1905.49,1914.08,1891.2,1900.58,134930.0,0.0,-4.545532,-0.002385949
2022-02-22 16:00:00,1898.8127,1910.41,1889.4,1909.36,119679.0,0.0,8.780029,0.004619658
2022-02-23 16:00:00,1908.7875,1974.27,1878.02,1897.49,141764.0,0.0,-11.869995,-0.0062167402
2022-02-24 16:00:00,1904.2393,1921.33,1882.8,1890.57,133598.0,0.0,-6.920044,-0.0036469463
2022-02-27 16:00:00,1918.928,1930.348,1890.5,1909.94,138060.0,0.0,19.369995,0.010245585
2022-02-28 16:00:00,1908.715,1946.42,1900.3,1945.44,132432.0,0.0,35.5,0.018586973
2022-03-01 16:00:00,1944.5388,1947.87,1913.74,1925.21,131769.0,0.0,-20.22998,-0.010398666
2022-03-02 16:00:00,1928.5895,1941.27,1921.2,1936.794,127915.0,0.0,11.583984,0.006016998
2022-03-03 16:00:00,1936.205,1970.31,1929.52,1967.04,136656.0,0.0,30.246094,0.015616578
2022-03-06 16:00:00,1975.92,2002.5,1960.86,1997.02,141785.0,0.0,29.97998,0.015241165
2022-03-07 16:00:00,1997.8444,2070.208,1980.964,2050.983,139389.0,0.0,53.96289,0.027021708
2022-03-08 16:00:00,2050.905,2059.17,1976.034,1991.164,138209.0,0.0,-59.81897,-0.029166002
2022-03-09 16:00:00,1991.5245,2009.1,1970.5,1996.514,130764.0,0.0,5.3500977,0.0026869196
2022-03-10 16:00:00,1996.8071,1998.994,1958.61,1982.6,117863.0,0.0,-13.9140625,-0.0069691786
2022-03-13 16:00:00,1984.478,1989.76,1949.4,1950.7,127297.0,0.0,-31.900024,-0.016089994
2022-03-14 16:00:00,1951.075,1954.58,1907.008,1917.7,127590.0,0.0,-33.0,-0.016917005
2022-03-15 16:00:00,1917.825,1929.47,1895.0,1926.7,122715.0,0.0,9.0,0.004693122
2022-03-16 16:00:00,1927.2875,1949.72,1923.07,1942.49,125691.0,0.0,15.790039,0.008195381
2022-03-17 16:00:00,1942.4777,1945.25,1917.4,1921.41,116287.0,0.0,-21.079956,-0.010852028
2022-03-20 16:00:00,1921.407,1940.69,1917.3,1935.51,113357.0,0.0,14.099976,0.007338348
2022-03-21 16:00:00,1935.5925,1938.36,1910.6,1921.367,118100.0,0.0,-14.143066,-0.0073071523
2022-03-22 16:00:00,1921.449,1948.3,1915.2,1943.55,117604.0,0.0,22.183105,0.011545481
2022-03-23 16:00:00,1943.3561,1966.03,1936.8,1957.2,123223.0,0.0,13.649902,0.0070231804
2022-03-24 16:00:00,1957.245,1964.2,1943.044,1957.94,125143.0,0.0,0.73999023,0.00037808617
2022-03-27 16:00:00,1958.706,1959.018,1916.838,1922.58,129120.0,0.0,-35.359985,-0.01805979
2022-03-28 16:00:00,1923.191,1929.234,1889.98,1919.26,126456.0,0.0,-3.3199463,-0.0017268183
2022-03-29 16:00:00,1919.1685,1938.47,1915.3,1932.4,123014.0,0.0,13.140015,0.0068463963
2022-03-30 16:00:00,1933.05,1949.72,1918.9,1937.05,124544.0,0.0,4.6500244,0.0024063466
2022-03-31 16:00:00,1937.2244,1939.49,1917.2,1925.0,123255.0,0.0,-12.050049,-0.0062208246
2022-04-03 16:00:00,1923.788,1936.86,1915.42,1932.441,115607.0,0.0,7.44104,0.0038654753
2022-04-04 16:00:00,1932.987,1944.49,1917.1,1923.467,118644.0,0.0,-8.973999,-0.004643867
2022-04-05 16:00:00,1923.4261,1933.44,1915.14,1924.921,125659.0,0.0,1.4539795,0.000755916
2022-04-06 16:00:00,1925.0375,1937.7,1919.6,1931.27,126210.0,0.0,6.348999,0.0032983166
2022-04-07 16:00:00,1931.6511,1948.1,1926.7,1947.348,120131.0,0.0,16.078003,0.008325093
2022-04-10 16:00:00,1946.138,1969.22,1939.8,1953.441,127610.0,0.0,6.0930176,0.0031288797
2022-04-11 16:00:00,1953.7123,1978.54,1948.9,1966.616,126449.0,0.0,13.174927,0.0067444714
2022-04-12 16:00:00,1966.585,1981.49,1962.1,1977.671,122905.0,0.0,11.055054,0.0056213588
2022-04-13 16:00:00,1977.4989,1980.31,1960.576,1973.516,120570.0,0.0,-4.1550293,-0.0021009708
2022-04-14 16:00:00,1973.495,1975.3037,1972.46,1974.4,3749.0,0.0,0.8840332,0.00044794835
2022-04-17 16:00:00,1973.818,1998.39,1970.726,1978.5,119817.0,0.0,4.0999756,0.0020765678
2022-04-18 16:00:00,1978.4987,1981.92,1943.82,1949.92,125191.0,0.0,-28.579956,-0.014445265
2022-04-19 16:00:00,1950.09,1958.23,1938.9,1957.4,129647.0,0.0,7.4799805,0.0038360448
2022-04-20 16:00:00,1957.38,1957.6,1936.6,1951.0,127515.0,0.0,-6.4000244,-0.0032696559
2022-04-21 16:00:00,1951.5144,1955.6,1926.55,1930.998,127536.0,0.0,-20.001953,-0.010252154
2022-04-24 16:00:00,1930.523,1934.45,1891.3,1897.5,127835.0,0.0,-33.498047,-0.01734753
2022-04-25 16:00:00,1897.7,1911.15,1895.3,1905.197,121673.0,0.0,7.6970215,0.004056401
2022-04-26 16:00:00,1905.56,1906.96,1881.2,1885.758,117907.0,0.0,-19.438965,-0.010203126
2022-04-27 16:00:00,1885.8627,1896.68,1871.99,1894.267,116547.0,0.0,8.508911,0.0045121964
2022-04-28 16:00:00,1894.3718,1919.809,1891.6,1896.767,119862.0,0.0,2.5,0.0013197717
2022-05-01 16:00:00,1895.635,1899.92,1854.62,1862.66,116509.0,0.0,-34.106934,-0.017981615
2022-05-02 16:00:00,1862.7726,1878.17,1850.1,1867.986,115103.0,0.0,5.3259277,0.0028593128
2022-05-03 16:00:00,1867.78,1889.54,1860.8,1880.898,111516.0,0.0,12.911987,0.0069122505
2022-05-04 16:00:00,1880.955,1909.73,1872.358,1876.928,128409.0,0.0,-3.9699707,-0.0021106785
2022-05-05 16:00:00,1876.8411,1892.4,1866.0,1883.381,125846.0,0.0,6.453003,0.0034380665
2022-05-08 16:00:00,1883.11,1885.64,1851.1,1853.923,128906.0,0.0,-29.458008,-0.015641024
2022-05-09 16:00:00,1854.77,1865.34,1835.398,1837.8,132137.0,0.0,-16.122925,-0.008696653
2022-05-10 16:00:00,1838.1779,1857.958,1831.3,1852.332,124577.0,0.0,14.531982,0.00790727
2022-05-11 16:00:00,1852.2106,1858.93,1820.5,1821.2,129059.0,0.0,-31.13208,-0.016806966
2022-05-12 16:00:00,1821.765,1828.88,1798.98,1811.842,121958.0,0.0,-9.35791,-0.0051383213
2022-05-15 16:00:00,1809.648,1826.84,1786.7,1823.698,118984.0,0.0,11.855957,0.006543593
2022-05-16 16:00:00,1823.5172,1836.09,1812.2,1814.892,119370.0,0.0,-8.80603,-0.004828667
2022-05-17 16:00:00,1814.6584,1824.61,1807.0,1816.23,121345.0,0.0,1.3380127,0.00073724095
2022-05-18 16:00:00,1816.3304,1849.05,1810.1,1841.867,124324.0,0.0,25.636963,0.014115483
2022-05-19 16:00:00,1842.155,1849.51,1832.268,1846.068,117384.0,0.0,4.20105,0.0022808649
2022-05-22 16:00:00,1844.457,1865.29,1842.81,1853.1,114882.0,0.0,7.0319824,0.0038091675
2022-05-23 16:00:00,1853.0242,1869.63,1848.5,1866.298,110596.0,0.0,13.197998,0.007122119
2022-05-24 16:00:00,1866.258,1868.12,1842.379,1853.1,111756.0,0.0,-13.197998,-0.007071753
2022-05-25 16:00:00,1853.1344,1855.57,1840.858,1850.1,109502.0,0.0,-3.0,-0.0016189088
2022-05-26 16:00:00,1849.9644,1861.87,1847.3,1853.242,104123.0,0.0,3.1419678,0.0016982692
2022-05-29 16:00:00,1852.507,1863.91,1847.7,1855.5,83051.0,0.0,2.2580566,0.0012184359
2022-05-30 16:00:00,1855.71,1857.17,1834.4,1836.978,117048.0,0.0,-18.521973,-0.0099822
2022-05-31 16:00:00,1836.8253,1849.95,1827.8,1846.178,116640.0,0.0,9.199951,0.005008199
2022-06-01 16:00:00,1845.98,1870.37,1843.1,1868.386,107006.0,0.0,22.208008,0.01202918
2022-06-02 16:00:00,1868.0175,1873.95,1846.7,1850.918,103620.0,0.0,-17.468018,-0.009349255
2022-06-05 16:00:00,1851.017,1857.719,1840.0,1841.04,108929.0,0.0,-9.87793,-0.0053367736
2022-06-06 16:00:00,1841.1467,1855.53,1836.3,1852.168,108514.0,0.0,11.12793,0.0060443715
2022-06-07 16:00:00,1851.9902,1859.62,1844.52,1852.9,104451.0,0.0,0.73205566,0.0003952426
2022-06-08 16:00:00,1853.0737,1855.42,1839.7,1847.7,105026.0,0.0,-5.2000732,-0.0028064512
2022-06-09 16:00:00,1847.5479,1875.868,1824.97,1871.51,110910.0,0.0,23.810059,0.012886323
2022-06-12 16:00:00,1874.068,1878.94,1817.94,1819.118,126039.0,0.0,-52.391968,-0.02799449
2022-06-13 16:00:00,1819.0846,1831.536,1804.7,1807.9,126114.0,0.0,-11.218018,-0.0061667343
2022-06-14 16:00:00,1808.24,1841.838,1807.07,1833.51,126658.0,0.0,25.609985,0.014165598
2022-06-15 16:00:00,1833.535,1857.54,1815.39,1856.92,126265.0,0.0,23.410034,0.012767879
2022-06-16 16:00:00,1856.8264,1857.86,1833.5,1839.088,118837.0,0.0,-17.832031,-0.009603015
2022-06-19 16:00:00,1839.9,1845.998,1834.48,1837.8,98047.0,0.0,-1.2879639,-0.00070032745
2022-06-20 16:00:00,1837.242,1843.519,1828.0,1832.6,108471.0,0.0,-5.2000732,-0.0028295098
2022-06-21 16:00:00,1832.5392,1847.86,1822.9,1837.44,114203.0,0.0,4.839966,0.0026410378
2022-06-22 16:00:00,1837.2411,1845.82,1821.6,1822.46,114705.0,0.0,-14.97998,-0.008152637
2022-06-23 16:00:00,1822.2517,1831.71,1816.6,1826.248,112686.0,0.0,3.788086,0.0020785565
2022-06-26 16:00:00,1838.082,1840.98,1820.5,1822.598,112752.0,0.0,-3.6500244,-0.0019986467
2022-06-27 16:00:00,1822.5925,1829.46,1817.8,1819.26,107511.0,0.0,-3.3380127,-0.0018314585
2022-06-28 16:00:00,1819.7,1832.89,1811.968,1817.587,112538.0,0.0,-1.6729736,-0.0009195902
2022-06-29 16:00:00,1817.3566,1824.96,1802.5,1807.17,115398.0,0.0,-10.416992,-0.0057312204
2022-06-30 16:00:00,1806.79,1811.66,1784.2,1811.098,121830.0,0.0,3.9279785,0.0021735523
2022-07-03 16:00:00,1811.839,1814.19,1803.3,1807.23,89236.0,0.0,-3.868042,-0.002135744
2022-07-04 16:00:00,1807.7367,1812.08,1763.6,1764.4,119487.0,0.0,-42.829956,-0.023699228
2022-07-05 16:00:00,1764.3428,1772.84,1732.0,1738.76,125294.0,0.0,-25.640015,-0.01453186
2022-07-06 16:00:00,1738.6191,1748.958,1736.2,1740.04,117417.0,0.0,1.2800293,0.00073617365
2022-07-07 16:00:00,1739.7046,1752.347,1733.02,1741.836,113175.0,0.0,1.7960205,0.0010321719
2022-07-10 16:00:00,1742.848,1744.528,1730.4,1733.95,112107.0,0.0,-7.8861084,-0.0045274687
2022-07-11 16:00:00,1733.6826,1744.223,1722.9,1725.6,118459.0,0.0,-8.349976,-0.0048155803
2022-07-12 16:00:00,1725.8037,1745.288,1707.2,1735.337,120977.0,0.0,9.737061,0.0056427103
2022-07-13 16:00:00,1735.0507,1736.28,1697.4,1709.48,129142.0,0.0,-25.857056,-0.014900307
2022-07-14 16:00:00,1709.6528,1716.62,1698.8,1707.787,117794.0,0.0,-1.6929932,-0.0009903556
2022-07-17 16:00:00,1707.238,1723.82,1705.4,1709.079,117801.0,0.0,1.2919922,0.00075653003
2022-07-18 16:00:00,1709.1396,1718.37,1704.5,1711.448,109194.0,0.0,2.3690186,0.0013861376
2022-07-19 16:00:00,1710.19,1714.46,1692.38,1696.1,113055.0,0.0,-15.348022,-0.008967858
2022-07-20 16:00:00,1696.438,1720.18,1680.2,1718.5,115110.0,0.0,22.400024,0.013206783
2022-07-21 16:00:00,1718.31,1739.25,1712.6,1727.148,117132.0,0.0,8.647949,0.005032266
2022-07-24 16:00:00,1727.509,1736.23,1714.3,1719.688,111058.0,0.0,-7.459961,-0.0043192366
2022-07-25 16:00:00,1719.1757,1728.099,1713.4,1716.95,109308.0,0.0,-2.738037,-0.0015921709
2022-07-26 16:00:00,1716.8822,1740.2,1711.4,1733.86,110935.0,0.0,16.910034,0.00984888
2022-07-27 16:00:00,1733.6243,1757.05,1733.05,1755.508,120242.0,0.0,21.648071,0.012485478
2022-07-28 16:00:00,1755.5175,1767.89,1751.9,1765.798,120061.0,0.0,10.289917,0.0058615035
2022-07-31 16:00:00,1764.938,1774.99,1757.4,1772.0,112451.0,0.0,6.2020264,0.003512308
2022-08-01 16:00:00,1771.39,1787.99,1759.52,1760.378,121175.0,0.0,-11.621948,-0.0065586613
2022-08-02 16:00:00,1759.34,1772.71,1754.2,1764.7,116896.0,0.0,4.3218994,0.0024550974
2022-08-03 16:00:00,1764.9958,1794.868,1762.4,1790.8,110386.0,0.0,26.100098,0.014790105
2022-08-04 16:00:00,1790.7211,1794.85,1764.82,1774.859,110142.0,0.0,-15.94104,-0.0089016305
2022-08-07 16:00:00,1774.99,1789.96,1770.4,1788.798,107062.0,0.0,13.938965,0.007853562
2022-08-08 16:00:00,1788.7191,1800.4,1782.2,1793.998,102890.0,0.0,5.2000732,0.002907021
2022-08-09 16:00:00,1793.8802,1807.8,1786.8,1792.15,105554.0,0.0,-1.8480225,-0.001030114
2022-08-10 16:00:00,1791.7386,1799.22,1782.6,1789.54,108180.0,0.0,-2.6099854,-0.0014563431
2022-08-11 16:00:00,1789.2449,1802.7,1783.9,1801.936,104356.0,0.0,12.395996,0.0069269175
2022-08-14 16:00:00,1802.308,1802.41,1772.8,1779.29,107073.0,0.0,-22.645996,-0.012567592
2022-08-15 16:00:00,1779.6475,1783.13,1771.3,1775.507,104881.0,0.0,-3.783081,-0.0021261745
2022-08-16 16:00:00,1775.1857,1782.27,1759.2,1761.518,109324.0,0.0,-13.989014,-0.007878884
2022-08-17 16:00:00,1761.0372,1772.34,1755.37,1758.0,107397.0,0.0,-3.5179443,-0.0019971095
2022-08-18 16:00:00,1759.07,1759.5,1744.9,1746.758,108342.0,0.0,-11.241943,-0.0063947346
2022-08-21 16:00:00,1746.96,1749.17,1727.2,1736.1,110751.0,0.0,-10.658081,-0.0061016358
2022-08-22 16:00:00,1735.4,1754.019,1730.6,1748.129,109150.0,0.0,12.029053,0.0069287787
2022-08-23 16:00:00,1748.136,1755.77,1742.1,1750.77,108940.0,0.0,2.6409912,0.0015107531
2022-08-24 16:00:00,1750.58,1765.44,1749.1,1758.6,107674.0,0.0,7.829956,0.004472293
2022-08-25 16:00:00,1758.24,1758.91,1733.8,1737.236,109573.0,0.0,-21.364014,-0.012148308
2022-08-28 16:00:00,1735.558,1745.418,1720.0,1736.7,117328.0,0.0,-0.53601074,-0.00030854228
2022-08-29 16:00:00,1738.105,1740.49,1720.4,1724.059,115693.0,0.0,-12.640991,-0.0072787423
2022-08-30 16:00:00,1723.3228,1726.5,1708.9,1711.369,117320.0,0.0,-12.689941,-0.007360503
2022-08-31 16:00:00,1710.92,1711.36,1688.6,1697.76,120598.0,0.0,-13.609009,-0.007952118
2022-09-01 16:00:00,1695.7804,1717.98,1693.9,1711.677,113295.0,0.0,13.916992,0.008197267
2022-09-04 16:00:00,1712.598,1715.77,1706.9,1709.78,89310.0,0.0,-1.8969727,-0.0011082538
2022-09-05 16:00:00,1710.31,1726.59,1699.0,1702.079,121788.0,0.0,-7.70105,-0.004504117
2022-09-06 16:00:00,1700.5,1719.47,1690.7,1718.05,122299.0,0.0,15.971069,0.009383271
2022-09-07 16:00:00,1717.4,1728.15,1703.2,1708.428,119988.0,0.0,-9.62207,-0.0056005763
2022-09-08 16:00:00,1708.46,1729.44,1707.6,1716.437,114785.0,0.0,8.009033,0.0046879547
2022-09-11 16:00:00,1717.058,1735.09,1711.6,1724.27,114761.0,0.0,7.833008,0.0045635276
2022-09-12 16:00:00,1724.48,1731.76,1697.009,1701.958,118855.0,0.0,-22.312012,-0.012939976
2022-09-13 16:00:00,1701.2708,1707.0,1692.8,1696.8,124221.0,0.0,-5.157959,-0.003030603
2022-09-14 16:00:00,1695.3757,1698.17,1659.9,1665.04,119588.0,0.0,-31.76001,-0.01871759
2022-09-15 16:00:00,1663.793,1680.25,1653.7,1674.9,120524.0,0.0,9.859985,0.005921771
2022-09-18 16:00:00,1676.049,1679.88,1659.4,1675.728,114873.0,0.0,0.8280029,0.0004943596
2022-09-19 16:00:00,1675.32,1679.39,1659.6,1664.818,120320.0,0.0,-10.910034,-0.0065106233
2022-09-20 16:00:00,1663.415,1687.88,1654.034,1673.5,122043.0,0.0,8.682007,0.0052149887
2022-09-21 16:00:00,1673.2,1684.84,1655.4,1670.999,130839.0,0.0,-2.5009766,-0.0014944586
2022-09-22 16:00:00,1671.4,1675.87,1638.9,1643.648,125433.0,0.0,-27.351074,-0.016368097
2022-09-25 16:00:00,1643.59,1649.66,1620.2,1622.38,138763.0,0.0,-21.267944,-0.012939476
2022-09-26 16:00:00,1621.85,1642.42,1621.3,1628.831,131702.0,0.0,6.45105,0.003976288
2022-09-27 16:00:00,1628.13,1662.71,1614.2,1659.648,130576.0,0.0,30.816895,0.01891964
2022-09-28 16:00:00,1659.58,1664.88,1640.6,1660.1,129139.0,0.0,0.45202637,0.0002723628
2022-09-29 16:00:00,1660.17,1675.27,1658.6,1659.65,127324.0,0.0,-0.44995117,-0.0002710386
2022-10-02 16:00:00,1662.09,1701.43,1658.9,1699.65,124374.0,0.0,40.0,0.024101466
2022-10-03 16:00:00,1698.99,1729.409,1694.2,1725.8,127328.0,0.0,26.150024,0.015385535
2022-10-04 16:00:00,1725.78,1727.73,1700.41,1715.86,125284.0,0.0,-9.940063,-0.0057596844
2022-10-05 16:00:00,1715.1677,1725.434,1706.6,1712.568,121635.0,0.0,-3.2919922,-0.0019185669
2022-10-06 16:00:00,1710.845,1714.79,1690.5,1694.258,115909.0,0.0,-18.309937,-0.01069151
2022-10-09 16:00:00,1696.51,1699.91,1665.1,1668.518,116651.0,0.0,-25.740112,-0.015192557
2022-10-10 16:00:00,1668.0,1683.92,1660.6,1666.17,123082.0,0.0,-2.3479004,-0.0014071772
2022-10-11 16:00:00,1665.99,1678.0,1660.2,1672.22,69793.0,0.0,6.0499268,0.003631038
2022-10-12 16:00:00,1672.79,1682.12,1642.01,1665.76,79583.0,0.0,-6.459961,-0.0038631049
2022-10-13 16:00:00,1665.19,1671.5,1639.4,1643.79,87515.0,0.0,-21.96997,-0.0131891575
2022-10-16 16:00:00,1643.77,1668.19,1643.19,1649.6298,80182.0,0.0,5.8397217,0.0035525959
2022-10-17 16:00:00,1649.79,1660.68,1645.3,1651.7568,83114.0,0.0,2.1270752,0.0012894258
2022-10-18 16:00:00,1651.39,1654.39,1626.5,1628.79,81117.0,0.0,-22.966797,-0.013904466
2022-10-19 16:00:00,1629.2657,1645.39,1621.4,1627.559,83786.0,0.0,-1.2310791,-0.0007558243
2022-10-20 16:00:00,1627.0,1657.9178,1617.0,1656.99,99359.0,0.0,29.43103,0.018082928
2022-10-23 16:00:00,1657.07,1670.09,1643.2,1649.69,100625.0,0.0,-7.300049,-0.0044056084
2022-10-24 16:00:00,1649.57,1662.77,1637.34,1652.59,92732.0,0.0,2.9000244,0.0017579208
2022-10-25 16:00:00,1651.8,1674.76,1648.53,1664.24,94787.0,0.0,11.650024,0.0070495554
2022-10-26 16:00:00,1663.6,1670.84,1654.99,1662.73,98216.0,0.0,-1.5100098,-0.00090732693
2022-10-27 16:00:00,1662.827,1666.97,1636.5,1644.1589,96788.0,0.0,-18.571045,-0.011169008
2022-10-30 16:00:00,1642.57,1645.6,1631.59,1633.3,95367.0,0.0,-10.858887,-0.006604524
2022-10-31 16:00:00,1633.15,1656.88,1630.94,1647.7,93821.0,0.0,14.399902,0.008816446
2022-11-01 16:00:00,1647.5,1669.2,1633.89,1635.26,94787.0,0.0,-12.439941,-0.007549883
2022-11-02 16:00:00,1635.65,1640.94,1615.6,1628.44,97496.0,0.0,-6.8200684,-0.0041706325
2022-11-03 16:00:00,1629.72,1681.69,1627.63,1681.03,98532.0,0.0,52.590088,0.032294765
2022-11-06 16:00:00,1681.09,1681.8,1665.86,1674.74,92675.0,0.0,-6.290039,-0.0037417768
2022-11-07 16:00:00,1673.0,1716.79,1664.25,1711.855,93494.0,0.0,37.11499,0.022161644
2022-11-08 16:00:00,1712.742,1722.19,1701.38,1705.14,96191.0,0.0,-6.714966,-0.0039226254
2022-11-09 16:00:00,1706.0052,1755.99,1703.15,1754.79,96400.0,0.0,49.650024,0.029117858
2022-11-10 16:00:00,1754.5265,1768.06,1746.28,1767.6,103506.0,0.0,12.809937,0.0072999825
2022-11-13 16:00:00,1766.19,1774.93,1752.66,1771.99,100156.0,0.0,4.3900146,0.002483602
2022-11-14 16:00:00,1770.5074,1786.14,1766.24,1778.69,97862.0,0.0,6.699951,0.0037810323
2022-11-15 16:00:00,1778.825,1784.99,1769.32,1774.02,101199.0,0.0,-4.669922,-0.002625484
2022-11-16 16:00:00,1772.9757,1774.73,1753.69,1761.07,100170.0,0.0,-12.950073,-0.007299846
2022-11-17 16:00:00,1759.8827,1767.55,1746.48,1748.8,98547.0,0.0,-12.269897,-0.0069672973
2022-11-20 16:00:00,1749.0,1752.99,1731.78,1738.96,95201.0,0.0,-9.840088,-0.0056267655
2022-11-21 16:00:00,1737.32,1749.66,1736.05,1739.62,94899.0,0.0,0.6600342,0.00037955685
2022-11-22 16:00:00,1739.083,1753.19,1728.09,1750.76,94174.0,0.0,11.140015,0.0064037056
2022-11-23 16:00:00,1750.0631,1758.56,1748.25,1754.96,81260.0,0.0,4.199951,0.0023989303
2022-11-24 16:00:00,1755.5115,1761.17,1745.09,1756.14,91633.0,0.0,1.1800537,0.0006724106
2022-11-27 16:00:00,1754.33,1763.69,1738.61,1740.22,96667.0,0.0,-15.920044,-0.009065362
2022-11-28 16:00:00,1740.5853,1758.93,1738.3,1748.79,100081.0,0.0,8.570068,0.004924704
2022-11-29 16:00:00,1749.5829,1769.88,1743.78,1769.83,97519.0,0.0,21.039917,0.012031128
2022-11-30 16:00:00,1767.363,1803.86,1766.9,1803.08,101423.0,0.0,33.25,0.018787116
2022-12-01 16:00:00,1802.97,1804.45,1777.8,1797.56,99154.0,0.0,-5.5198975,-0.0030613714
2022-12-04 16:00:00,1796.8317,1809.89,1764.96,1766.96,95773.0,0.0,-30.600098,-0.01702313
2022-12-05 16:00:00,1766.5148,1780.79,1764.95,1771.85,94092.0,0.0,4.8900146,0.0027674735
2022-12-06 16:00:00,1769.6971,1790.52,1767.84,1787.55,91279.0,0.0,15.700073,0.008860837
2022-12-07 16:00:00,1785.1171,1794.75,1780.35,1788.4,86947.0,0.0,0.8499756,0.0004754975
2022-12-08 16:00:00,1788.8044,1806.04,1787.28,1795.29,89986.0,0.0,6.8900146,0.0038526137
2022-12-11 16:00:00,1795.96,1797.08,1776.71,1779.92,94400.0,0.0,-15.369995,-0.008561288
2022-12-12 16:00:00,1780.9382,1824.34,1779.73,1810.61,95996.0,0.0,30.689941,0.017242314
2022-12-13 16:00:00,1810.847,1813.92,1795.82,1807.15,99463.0,0.0,-3.459961,-0.0019109367
2022-12-14 16:00:00,1807.13,1808.59,1773.29,1777.49,98596.0,0.0,-29.660034,-0.016412603
2022-12-15 16:00:00,1776.04,1794.23,1773.6,1792.48,97336.0,0.0,14.98999,0.008433235
2022-12-18 16:00:00,1790.32,1798.59,1783.48,1787.25,97484.0,0.0,-5.2299805,-0.0029177344
2022-12-19 16:00:00,1787.0825,1821.0,1783.66,1818.73,101299.0,0.0,31.47998,0.017613642
2022-12-20 16:00:00,1817.4425,1823.77,1810.75,1814.45,104171.0,0.0,-4.2800293,-0.0023533066
2022-12-21 16:00:00,1813.3345,1820.39,1783.74,1792.26,104182.0,0.0,-22.189941,-0.012229569
2022-12-22 16:00:00,1790.9785,1803.02,1789.64,1797.42,95312.0,0.0,5.160034,0.0028790657
2022-12-26 16:00:00,1795.18,1832.7565,1795.18,1812.08,94267.0,0.0,14.659912,0.008156085
2022-12-27 16:00:00,1812.159,1814.56,1796.39,1804.49,95537.0,0.0,-7.589966,-0.004188538
2022-12-28 16:00:00,1801.7872,1820.17,1801.37,1814.57,92972.0,0.0,10.079956,0.0055860416
2022-12-29 16:00:00,1810.17,1825.95,1809.31,1823.34,102736.0,0.0,8.77002,0.004833112
2023-01-01 16:00:00,1826.35,1826.35,1823.69,1823.69,2.0,0.0,0.3499756,0.00019194203
2023-01-02 16:00:00,1824.885,1849.89,1824.17,1837.66,76713.0,0.0,13.970093,0.0076603442
2023-01-03 16:00:00,1840.1262,1864.89,1835.34,1855.35,85030.0,0.0,17.689941,0.009626341
2023-01-04 16:00:00,1855.0612,1858.94,1824.43,1833.72,97837.0,0.0,-21.630005,-0.0116581805
2023-01-05 16:00:00,1835.4,1869.94,1830.19,1866.62,99325.0,0.0,32.900024,0.017941684
2023-01-08 16:00:00,1867.36,1881.5,1864.19,1870.69,95810.0,0.0,4.0699463,0.0021803828
2023-01-09 16:00:00,1871.23,1880.69,1866.71,1877.99,95940.0,0.0,7.300049,0.0039023296
2023-01-10 16:00:00,1876.808,1886.49,1866.64,1876.68,93728.0,0.0,-1.3099365,-0.0006975205
2023-01-11 16:00:00,1876.07,1901.39,1873.52,1898.52,97266.0,0.0,21.839966,0.0116375545
2023-01-12 16:00:00,1897.37,1921.77,1891.42,1920.55,96610.0,0.0,22.03003,0.011603791
2023-01-15 16:00:00,1918.8768,1929.0,1910.46,1916.1935,86807.0,0.0,-4.3565674,-0.0022683956
2023-01-16 16:00:00,1915.8075,1918.98,1903.1,1908.38,98157.0,0.0,-7.8134766,-0.004077603
2023-01-17 16:00:00,1908.5,1925.75,1896.35,1903.77,101736.0,0.0,-4.6099854,-0.0024156538
2023-01-18 16:00:00,1906.07,1935.15,1899.9,1933.18,99484.0,0.0,29.410034,0.015448312
2023-01-19 16:00:00,1931.97,1937.49,1920.5,1927.36,92789.0,0.0,-5.8200684,-0.003010619
2023-01-22 16:00:00,1926.0,1935.39,1911.29,1930.5,95488.0,0.0,3.1400146,0.0016291791
2023-01-23 16:00:00,1928.06,1942.45,1916.7,1937.45,96852.0,0.0,6.949951,0.0036000784
2023-01-24 16:00:00,1935.7302,1947.94,1919.79,1945.65,98624.0,0.0,8.200073,0.004232405
2023-01-25 16:00:00,1946.43,1949.09,1918.69,1929.32,94059.0,0.0,-16.330078,-0.008393122
2023-01-26 16:00:00,1928.73,1934.95,1916.4872,1928.17,92951.0,0.0,-1.1499023,-0.0005960143
2023-01-29 16:00:00,1927.45,1934.42,1920.49,1921.99,93623.0,0.0,-6.1800537,-0.0032051394
2023-01-30 16:00:00,1921.36,1930.93,1900.79,1928.08,91803.0,0.0,6.089966,0.0031685731
2023-01-31 16:00:00,1927.99,1954.46,1920.3917,1953.29,74850.0,0.0,25.210083,0.013075227
2023-02-01 16:00:00,1947.68,1959.6,1911.1782,1912.35,70398.0,0.0,-40.940063,-0.020959541
2023-02-02 16:00:00,1912.56,1918.51,1861.214,1865.08,69514.0,0.0,-47.27002,-0.024718288
2023-02-05 16:00:00,1860.74,1881.19,1860.4,1869.24,70326.0,0.0,4.160034,0.0022304857
2023-02-06 16:00:00,1870.5884,1884.19,1864.73,1869.87,70515.0,0.0,0.6300049,0.00033703799
2023-02-07 16:00:00,1871.27,1886.03,1868.99,1875.02,69274.0,0.0,5.1500244,0.0027542152
2023-02-08 16:00:00,1875.86,1890.18,1858.6802,1860.58,77413.0,0.0,-14.440063,-0.007701285
2023-02-09 16:00:00,1860.41,1872.09,1852.4657,1864.07,74395.0,0.0,3.4899902,0.001875754
2023-02-12 16:00:00,1863.6,1866.44,1850.1952,1854.24,74521.0,0.0,-9.829956,-0.0052733836
2023-02-13 16:00:00,1853.36,1870.25,1842.8,1855.35,68486.0,0.0,1.1099854,0.0005986201
2023-02-14 16:00:00,1855.3574,1859.95,1829.6,1837.18,73065.0,0.0,-18.169922,-0.009793258
2023-02-15 16:00:00,1833.8726,1845.28,1826.7,1837.4,72631.0,0.0,0.2199707,0.000119732795
2023-02-16 16:00:00,1836.61,1843.5,1817.6,1841.99,74778.0,0.0,4.589966,0.0024980765
2023-02-19 16:00:00,1840.6,1847.42,1836.9272,1841.14,60103.0,0.0,-0.8499756,-0.0004614442
2023-02-20 16:00:00,1841.34,1843.79,1829.1,1834.69,77508.0,0.0,-6.4500732,-0.003503304
2023-02-21 16:00:00,1832.22,1845.89,1822.6,1824.89,77109.0,0.0,-9.799927,-0.005341462
2023-02-22 16:00:00,1825.39,1833.66,1817.3,1823.16,81290.0,0.0,-1.7299805,-0.0009479916
2023-02-23 16:00:00,1823.06,1827.78,1808.78,1811.36,77934.0,0.0,-11.800049,-0.0064723054
2023-02-26 16:00:00,1810.79,1820.02,1806.609,1817.05,75319.0,0.0,5.6900635,0.0031413212
2023-02-27 16:00:00,1816.05,1831.14,1804.4,1827.13,76626.0,0.0,10.079956,0.005547429
2023-02-28 16:00:00,1826.4,1844.48,1822.8928,1837.17,75599.0,0.0,10.040039,0.005494978
2023-03-01 16:00:00,1837.85,1838.72,1828.7,1835.89,74820.0,0.0,-1.2800293,-0.0006967397
2023-03-02 16:00:00,1835.56,1856.35,1835.29,1854.82,71530.0,0.0,18.929932,0.010311038
2023-03-05 16:00:00,1855.86,1858.19,1844.99,1846.4,74941.0,0.0,-8.419922,-0.004539482
2023-03-06 16:00:00,1846.99,1851.49,1812.59,1814.48,92208.0,0.0,-31.920044,-0.017287718
2023-03-07 16:00:00,1814.27,1824.2,1809.2733,1813.88,75174.0,0.0,-0.5999756,-0.0003306598
2023-03-08 16:00:00,1812.0,1835.34,1811.5,1830.76,72466.0,0.0,16.880005,0.009306021
2023-03-09 16:00:00,1831.21,1870.06,1827.6179,1869.41,78319.0,0.0,38.650024,0.021111464
2023-03-12 16:00:00,1867.51,1914.58,1867.51,1913.72,82734.0,0.0,44.309937,0.02370263
2023-03-13 16:00:00,1912.74,1914.02,1894.8,1904.03,81581.0,0.0,-9.689941,-0.005063406
2023-03-14 16:00:00,1903.46,1937.28,1885.69,1918.16,76775.0,0.0,14.130005,0.0074211042
2023-03-15 16:00:00,1920.09,1933.37,1907.5,1919.07,81127.0,0.0,0.9099121,0.00047436715
2023-03-16 16:00:00,1919.55,1989.0,1918.19,1989.0,78943.0,0.0,69.93005,0.036439553
2023-03-19 16:00:00,1986.47,2009.4,1965.4,1978.83,80814.0,0.0,-10.170044,-0.0051131444
2023-03-20 16:00:00,1978.72,1984.99,1935.1915,1940.23,76175.0,0.0,-38.599976,-0.019506464
2023-03-21 16:00:00,1940.06,1978.79,1934.19,1969.98,77043.0,0.0,29.75,0.015333233
2023-03-22 16:00:00,1967.8,2003.26,1964.01,1993.19,79875.0,0.0,23.20996,0.011781826
2023-03-23 16:00:00,1993.91,2002.79,1975.09,1977.59,76267.0,0.0,-15.599976,-0.0078266375
2023-03-26 16:00:00,1977.26,1979.09,1943.4,1956.29,79175.0,0.0,-21.299927,-0.010770649
2023-03-27 16:00:00,1957.17,1975.3,1948.6,1973.2786,75739.0,0.0,16.988525,0.008684052
2023-03-28 16:00:00,1972.37,1974.32,1958.39,1964.13,74245.0,0.0,-9.14856,-0.004636223
2023-03-29 16:00:00,1962.13,1984.14,1955.1816,1980.25,83403.0,0.0,16.119995,0.008207194
2023-03-30 16:00:00,1978.08,1987.29,1966.6813,1968.9958,47261.0,0.0,-11.25415,-0.0056831967
2023-04-02 16:00:00,1970.19,1990.39,1949.68,1984.3114,39484.0,0.0,15.315552,0.0077783563
2023-04-03 16:00:00,1983.99,2024.89,1976.726,2020.19,37480.0,0.0,35.87854,0.018081104
2023-04-04 16:00:00,2020.0702,2031.89,2009.79,2020.59,45357.0,0.0,0.4000244,0.00019801327
2023-04-05 16:00:00,2019.75,2021.29,2000.6543,2007.39,68298.0,0.0,-13.199951,-0.006532721
2023-04-09 16:00:00,2007.17,2010.3176,1981.59,1991.0914,63644.0,0.0,-16.298584,-0.008119291
2023-04-10 16:00:00,1990.14,2007.44,1988.5479,2003.46,68955.0,0.0,12.36853,0.006211935
2023-04-11 16:00:00,2003.34,2028.19,2001.19,2014.73,70198.0,0.0,11.27002,0.005625278
2023-04-12 16:00:00,2013.87,2048.69,2012.15,2039.6892,68958.0,0.0,24.959229,0.012388374
2023-04-13 16:00:00,2040.17,2047.39,1992.29,2003.8584,73893.0,0.0,-35.83081,-0.017566798
2023-04-16 16:00:00,2001.24,2014.96,1981.19,1994.73,67996.0,0.0,-9.128418,-0.0045554205
2023-04-17 16:00:00,1994.82,2011.76,1991.1368,2004.8923,68377.0,0.0,10.1623535,0.0050946013
2023-04-18 16:00:00,2007.27,2008.2,1969.0938,1994.519,71908.0,0.0,-10.373291,-0.005173989
2023-04-19 16:00:00,1993.3164,2012.47,1990.3473,2004.4377,72587.0,0.0,9.918701,0.004972979
2023-04-20 16:00:00,2003.91,2005.5,1971.39,1982.79,71645.0,0.0,-21.647705,-0.0107998885
2023-04-23 16:00:00,1979.84,1990.79,1973.99,1988.8314,67596.0,0.0,6.041382,0.0030469096
2023-04-24 16:00:00,1991.0,2003.69,1975.99,1996.87,77027.0,0.0,8.038574,0.004041858
2023-04-25 16:00:00,1999.19,2009.32,1983.29,1989.04,79222.0,0.0,-7.829956,-0.0039211144
2023-04-26 16:00:00,1987.36,2003.11,1974.1747,1987.76,72981.0,0.0,-1.2800293,-0.0006435412
2023-04-27 16:00:00,1986.69,1994.92,1975.6,1989.72,73765.0,0.0,1.9599609,0.0009860148
2023-04-30 16:00:00,1990.22,2005.89,1976.89,1982.31,66304.0,0.0,-7.409912,-0.003724098
2023-05-01 16:00:00,1982.75,2019.28,1978.2969,2016.61,74814.0,0.0,34.299927,0.017303009
2023-05-02 16:00:00,2014.42,2040.35,2007.89,2039.09,70435.0,0.0,22.47998,0.011147411
2023-05-03 16:00:00,2036.49,2072.19,2030.1022,2049.98,78623.0,0.0,10.890015,0.005340625
2023-05-04 16:00:00,2051.35,2052.99,1998.9,2016.68,76641.0,0.0,-33.299927,-0.016244026
2023-05-07 16:00:00,2015.2,2029.29,2013.82,2021.085,98553.0,0.0,4.404907,0.0021842371
2023-05-08 16:00:00,2020.19,2037.49,2019.3315,2034.24,72740.0,0.0,13.155029,0.0065088947
2023-05-09 16:00:00,2033.39,2047.99,2021.3433,2029.905,77093.0,0.0,-4.334961,-0.0021309978
2023-05-10 16:00:00,2030.2153,2041.09,2011.0715,2014.93,76089.0,0.0,-14.974976,-0.0073771803
2023-05-11 16:00:00,2014.39,2022.29,2000.9514,2009.99,73977.0,0.0,-4.9400635,-0.0024517295
2023-05-14 16:00:00,2011.47,2021.89,2006.8235,2016.195,80723.0,0.0,6.204956,0.0030870582
2023-05-15 16:00:00,2015.19,2018.695,1985.25,1988.7393,55779.0,0.0,-27.455688,-0.013617576
2023-05-16 16:00:00,1988.44,1992.89,1974.4,1981.3112,41299.0,0.0,-7.4281006,-0.0037350801
2023-05-17 16:00:00,1981.015,1985.89,1951.732,1956.8594,35705.0,0.0,-24.451782,-0.0123412125
2023-05-18 16:00:00,1956.99,1983.89,1953.7999,1977.5728,37152.0,0.0,20.713379,0.010585012
2023-05-21 16:00:00,1977.19,1982.39,1967.9,1971.5541,45450.0,0.0,-6.0186768,-0.0030434667
2023-05-22 16:00:00,1971.39,1977.59,1954.0717,1974.8243,37913.0,0.0,3.2702637,0.0016587238
2023-05-23 16:00:00,1974.59,1984.99,1956.5198,1956.59,38447.0,0.0,-18.234375,-0.009233416
2023-05-24 16:00:00,1956.79,1964.59,1938.6252,1940.8357,37351.0,0.0,-15.754272,-0.008051903
2023-05-25 16:00:00,1940.19,1957.19,1936.59,1945.9164,32851.0,0.0,5.0806885,0.0026177838
2023-05-28 16:00:00,1943.19,1949.4998,1940.09,1942.84,26254.0,0.0,-3.076416,-0.00158096
2023-05-29 16:00:00,1943.59,1963.39,1931.7637,1959.087,35763.0,0.0,16.24707,0.008362536
2023-05-30 16:00:00,1958.795,1974.69,1953.4329,1962.4211,38496.0,0.0,3.3341064,0.0017018674
2023-05-31 16:00:00,1961.99,1982.89,1953.19,1977.2882,36746.0,0.0,14.867065,0.0075758793
2023-06-01 16:00:00,1977.7673,1983.29,1947.19,1947.39,36214.0,0.0,-29.898193,-0.015120807
2023-06-04 16:00:00,1947.2225,1963.89,1937.8892,1961.4169,34469.0,0.0,14.026855,0.0072029
2023-06-05 16:00:00,1961.61,1966.3,1953.3,1963.1453,49274.0,0.0,1.7283936,0.0008811964
2023-06-06 16:00:00,1962.99,1969.99,1939.59,1939.659,39134.0,0.0,-23.486206,-0.01196356
2023-06-07 16:00:00,1939.99,1970.29,1939.3682,1967.2207,36068.0,0.0,27.561646,0.014209531
2023-06-08 16:00:00,1967.6,1972.79,1956.5573,1960.8148,34652.0,0.0,-6.405884,-0.0032563116
2023-06-11 16:00:00,1959.995,1966.79,1948.1,1957.085,46012.0,0.0,-3.7298584,-0.0019021982
2023-06-12 16:00:00,1956.99,1970.39,1939.79,1943.39,38799.0,0.0,-13.694946,-0.006997625
2023-06-13 16:00:00,1942.79,1960.09,1939.451,1942.1637,35789.0,0.0,-1.2263184,-0.00063102023
2023-06-14 16:00:00,1943.04,1960.09,1924.99,1957.5774,37525.0,0.0,15.413696,0.007936353
2023-06-15 16:00:00,1957.18,1967.79,1953.29,1957.19,33626.0,0.0,-0.38745117,-0.00019792381
2023-06-18 16:00:00,1957.19,1958.69,1947.6,1950.12,30287.0,0.0,-7.0699463,-0.0036122943
2023-06-19 16:00:00,1950.19,1956.69,1929.5403,1936.139,36257.0,0.0,-13.980957,-0.00716928
2023-06-20 16:00:00,1934.92,1939.39,1919.09,1932.39,37712.0,0.0,-3.7490234,-0.00193634
2023-06-21 16:00:00,1931.79,1934.69,1912.19,1913.6354,48231.0,0.0,-18.754639,-0.00970541
2023-06-22 16:00:00,1912.99,1936.6,1909.99,1921.0312,36707.0,0.0,7.395874,0.0038648292
2023-06-25 16:00:00,1923.79,1933.19,1921.39,1922.9362,35738.0,0.0,1.9049072,0.0009916066
2023-06-26 16:00:00,1922.71,1930.59,1911.07,1913.19,37161.0,0.0,-9.746216,-0.005068403
2023-06-27 16:00:00,1912.99,1916.99,1902.69,1906.9452,36434.0,0.0,-6.244751,-0.0032640519
2023-06-28 16:00:00,1907.545,1912.99,1892.82,1908.0896,36801.0,0.0,1.1444092,0.0006001269
2023-06-29 16:00:00,1908.03,1922.69,1900.3131,1919.5603,35977.0,0.0,11.470703,0.0060116164
2023-07-02 16:00:00,1918.79,1930.69,1909.8,1921.2823,32672.0,0.0,1.7220459,0.0008971043
2023-07-03 16:00:00,1921.28,1930.59,1919.59,1925.09,27253.0,0.0,3.8076172,0.0019818104
2023-07-04 16:00:00,1925.645,1934.89,1914.4825,1914.9314,34444.0,0.0,-10.158569,-0.0052769324
2023-07-05 16:00:00,1914.59,1927.39,1902.45,1910.7378,36118.0,0.0,-4.1936035,-0.0021899499
2023-07-06 16:00:00,1910.815,1934.69,1909.3115,1924.19,35377.0,0.0,13.452148,0.00704029
2023-07-09 16:00:00,1924.59,1928.09,1912.4587,1924.9758,34365.0,0.0,0.7858887,0.00040842572
2023-07-10 16:00:00,1924.79,1938.39,1924.0975,1931.7406,34384.0,0.0,6.7647705,0.0035142107
2023-07-11 16:00:00,1931.99,1959.69,1931.79,1957.19,32736.0,0.0,25.44934,0.013174306
2023-07-12 16:00:00,1956.94,1963.29,1952.429,1960.1556,35070.0,0.0,2.9656982,0.0015152838
2023-07-13 16:00:00,1959.99,1963.59,1950.8,1954.59,35897.0,0.0,-5.565674,-0.002839404
2023-07-16 16:00:00,1954.19,1959.69,1945.69,1954.6403,34691.0,0.0,0.05029297,2.57307e-05
2023-07-17 16:00:00,1953.99,1984.19,1953.99,1978.3021,36553.0,0.0,23.661865,0.012105484
2023-07-18 16:00:00,1978.47,1980.69,1969.65,1975.99,34838.0,0.0,-2.3121338,-0.0011687465
2023-07-19 16:00:00,1976.19,1987.39,1965.2,1969.2065,36454.0,0.0,-6.7834473,-0.003432936
2023-07-20 16:00:00,1969.49,1973.69,1956.65,1961.476,35563.0,0.0,-7.730591,-0.003925739
2023-07-23 16:00:00,1961.39,1967.69,1953.2375,1954.3604,34667.0,0.0,-7.1156006,-0.0036276767
2023-07-24 16:00:00,1954.8301,1965.59,1952.9154,1964.5522,29886.0,0.0,10.191895,0.0052149515
2023-07-25 16:00:00,1964.39,1978.09,1961.789,1971.5997,34720.0,0.0,7.0474854,0.003587324
2023-07-26 16:00:00,1971.7432,1981.99,1942.321,1945.555,37363.0,0.0,-26.044678,-0.013209921
2023-07-27 16:00:00,1945.79,1963.39,1945.2303,1959.4944,37874.0,0.0,13.939331,0.0071647065
2023-07-30 16:00:00,1958.59,1972.19,1950.3,1964.8059,40273.0,0.0,5.3115234,0.0027106602
2023-07-31 16:00:00,1964.7,1965.89,1940.91,1943.9698,31475.0,0.0,-20.83606,-0.0106046405
2023-08-01 16:00:00,1944.495,1954.59,1932.7,1934.3662,46968.0,0.0,-9.603638,-0.0049402197
2023-08-02 16:00:00,1934.155,1938.79,1929.19,1933.59,36435.0,0.0,-0.7762451,-0.0004012917
2023-08-03 16:00:00,1933.62,1946.69,1928.9,1942.4532,42034.0,0.0,8.863281,0.0045838472
2023-08-06 16:00:00,1941.99,1946.49,1931.25,1936.098,32893.0,0.0,-6.3552246,-0.0032717516
2023-08-07 16:00:00,1936.26,1937.89,1922.508,1924.9473,34969.0,0.0,-11.150757,-0.005759397
2023-08-08 16:00:00,1924.6,1932.1118,1913.7968,1913.9414,33576.0,0.0,-11.005859,-0.005717486
2023-08-09 16:00:00,1914.44,1929.89,1911.9644,1912.09,39342.0,0.0,-1.8514404,-0.0009673444
2023-08-10 16:00:00,1912.09,1920.79,1910.69,1913.3176,33057.0,0.0,1.2276611,0.000642052
2023-08-13 16:00:00,1913.27,1915.99,1901.6,1906.7488,52603.0,0.0,-6.5688477,-0.0034332238
2023-08-14 16:00:00,1906.79,1911.39,1895.7,1901.19,65769.0,0.0,-5.558838,-0.0029153489
2023-08-15 16:00:00,1900.99,1907.09,1890.5,1891.316,65042.0,0.0,-9.873901,-0.0051935376
2023-08-16 16:00:00,1891.705,1903.29,1883.7,1889.0824,65673.0,0.0,-2.2336426,-0.0011809991
2023-08-17 16:00:00,1888.79,1896.69,1885.5,1888.99,64838.0,0.0,-0.09240723,-4.8916463e-05
2023-08-20 16:00:00,1889.0725,1898.49,1884.0,1894.3936,52694.0,0.0,5.4035645,0.0028605575
2023-08-21 16:00:00,1894.39,1904.09,1888.0,1897.007,65214.0,0.0,2.6134033,0.0013795461
2023-08-22 16:00:00,1897.19,1920.09,1896.59,1914.9307,61361.0,0.0,17.923706,0.009448414
2023-08-23 16:00:00,1913.3784,1923.19,1910.8,1916.39,66079.0,0.0,1.4593506,0.00076209055
2023-08-24 16:00:00,1917.4229,1922.1,1902.8,1914.59,64839.0,0.0,-1.8000488,-0.0009392915
2023-08-27 16:00:00,1914.99,1925.89,1912.76,1919.5795,31350.0,0.0,4.989502,0.002606042
2023-08-28 16:00:00,1919.23,1938.09,1913.3,1937.085,44352.0,0.0,17.505493,0.009119442
2023-08-29 16:00:00,1936.98,1948.79,1934.69,1941.9531,33865.0,0.0,4.868164,0.002513139
2023-08-30 16:00:00,1942.11,1947.69,1938.8801,1939.7456,39258.0,0.0,-2.2075195,-0.0011367522
2023-08-31 16:00:00,1939.59,1952.69,1934.39,1939.5618,45209.0,0.0,-0.18383789,-9.477423e-05
2023-09-03 16:00:00,1939.79,1946.09,1935.4,1938.1913,34692.0,0.0,-1.3704834,-0.0007065944
2023-09-04 16:00:00,1937.99,1938.89,1925.0,1925.6505,38477.0,0.0,-12.5407715,-0.0064703478
2023-09-05 16:00:00,1925.66,1928.99,1914.2,1916.2334,38535.0,0.0,-9.417114,-0.004890355
2023-09-06 16:00:00,1916.365,1923.49,1915.7,1919.2886,33735.0,0.0,3.0551758,0.0015943651
2023-09-07 16:00:00,1919.3,1929.49,1917.1191,1918.8181,36828.0,0.0,-0.47045898,-0.00024512154
2023-09-10 16:00:00,1918.66,1930.39,1915.99,1921.694,50267.0,0.0,2.8758545,0.0014987634
2023-09-11 16:00:00,1922.39,1924.39,1906.6,1913.374,47167.0,0.0,-8.319946,-0.0043294854
2023-09-12 16:00:00,1913.05,1915.59,1905.1,1906.0841,39376.0,0.0,-7.289917,-0.0038099801
2023-09-13 16:00:00,1906.18,1912.79,1900.81,1910.3696,33596.0,0.0,4.2855225,0.0022483387
2023-09-14 16:00:00,1910.39,1930.29,1909.49,1923.6614,37103.0,0.0,13.291748,0.0069576837
2023-09-17 16:00:00,1923.59,1934.19,1921.4,1933.4708,42954.0,0.0,9.809448,0.005099363
2023-09-18 16:00:00,1932.68,1937.29,1929.4424,1930.5953,38195.0,0.0,-2.8754883,-0.0014872157
2023-09-19 16:00:00,1931.19,1947.29,1927.6064,1929.7144,39196.0,0.0,-0.88098145,-0.00045632632
2023-09-20 16:00:00,1930.39,1931.29,1912.7,1919.4207,41705.0,0.0,-10.293701,-0.0053343135
2023-09-21 16:00:00,1919.085,1928.89,1918.9525,1924.9875,41759.0,0.0,5.5668945,0.0029002994
2023-09-24 16:00:00,1924.74,1926.99,1914.8735,1915.5874,30160.0,0.0,-9.4001465,-0.0048832246
2023-09-25 16:00:00,1915.53,1916.59,1898.9473,1900.2262,35224.0,0.0,-15.361206,-0.008019058
2023-09-26 16:00:00,1900.19,1903.79,1872.25,1874.683,41095.0,0.0,-25.543213,-0.013442196
2023-09-27 16:00:00,1875.3578,1879.39,1857.5175,1864.4729,47851.0,0.0,-10.210083,-0.0054462985
2023-09-28 16:00:00,1865.0717,1879.69,1846.0717,1848.3138,44378.0,0.0,-16.159058,-0.008666824
2023-10-01 16:00:00,1847.75,1848.79,1826.1,1827.59,53932.0,0.0,-20.723877,-0.011212315
2023-10-02 16:00:00,1827.5637,1833.19,1813.9,1822.5863,56774.0,0.0,-5.003662,-0.0027378472
2023-10-03 16:00:00,1823.045,1830.29,1815.5,1820.9393,49801.0,0.0,-1.6469727,-0.0009036459
2023-10-04 16:00:00,1819.245,1829.09,1811.9,1819.9386,47993.0,0.0,-1.0007324,-0.0005495693
2023-10-05 16:00:00,1819.99,1834.79,1809.5,1832.59,45291.0,0.0,12.651367,0.006951535
2023-10-08 16:00:00,1832.24,1863.39,1832.145,1860.79,59866.0,0.0,28.200073,0.015388098
2023-10-09 16:00:00,1860.77,1865.19,1852.1,1860.005,55382.0,0.0,-0.7850342,-0.0004218822
2023-10-10 16:00:00,1859.39,1876.86,1858.3918,1874.033,45312.0,0.0,14.027954,0.0075418907
2023-10-11 16:00:00,1873.6,1884.79,1867.7058,1868.6189,41090.0,0.0,-5.4140625,-0.00288899
2023-10-12 16:00:00,1868.52,1932.5256,1868.39,1932.39,44275.0,0.0,63.77112,0.034127407
2023-10-15 16:00:00,1932.77,1934.8175,1906.9,1919.3278,55880.0,0.0,-13.062256,-0.0067596375
2023-10-16 16:00:00,1919.14,1931.29,1911.1,1922.5563,56335.0,0.0,3.2285156,0.0016821075
2023-10-17 16:00:00,1922.7,1962.39,1922.49,1946.99,42927.0,0.0,24.433716,0.012708973
2023-10-18 16:00:00,1947.39,1977.59,1944.8658,1973.9698,38753.0,0.0,26.979858,0.013857215
2023-10-19 16:00:00,1973.31,1997.09,1971.6534,1980.79,48409.0,0.0,6.8201904,0.003455063
2023-10-22 16:00:00,1980.92,1982.69,1964.1158,1972.4874,42305.0,0.0,-8.302612,-0.0041915663
2023-10-23 16:00:00,1972.47,1980.79,1953.1,1970.6702,47640.0,0.0,-1.8172607,-0.0009213041
2023-10-24 16:00:00,1970.86,1986.89,1963.09,1979.39,40137.0,0.0,8.719849,0.0044248137
2023-10-25 16:00:00,1979.47,1993.29,1971.1,1984.19,48456.0,0.0,4.7999268,0.0024249526
2023-10-26 16:00:00,1984.67,2009.29,1975.9,2005.99,47369.0,0.0,21.800049,0.010986876
2023-10-29 16:00:00,2004.19,2006.69,1989.8,1995.6833,41221.0,0.0,-10.306641,-0.005137932
2023-10-30 16:00:00,1995.6459,2007.59,1978.69,1983.2904,43774.0,0.0,-12.392944,-0.006209875
2023-10-31 16:00:00,1982.715,1991.89,1969.6082,1981.99,42050.0,0.0,-1.300415,-0.00065568567
2023-11-01 16:00:00,1983.155,1990.79,1978.69,1985.3899,48061.0,0.0,3.3999023,0.0017153984
2023-11-02 16:00:00,1985.39,2003.6853,1983.0618,1992.2852,31418.0,0.0,6.8952637,0.0034730022
2023-11-05 16:00:00,1991.59,1992.99,1977.241,1978.09,41220.0,0.0,-14.19519,-0.0071250796
2023-11-06 16:00:00,1977.3,1978.19,1955.5,1968.3885,42556.0,0.0,-9.701416,-0.0049044364
2023-11-07 16:00:00,1967.82,1970.89,1947.2574,1949.69,39286.0,0.0,-18.698608,-0.00949945
2023-11-08 16:00:00,1947.7,1965.39,1943.6,1957.2601,43275.0,0.0,7.5701904,0.0038827662
2023-11-09 16:00:00,1958.19,1960.69,1932.95,1936.09,43736.0,0.0,-21.170166,-0.010816225
2023-11-12 16:00:00,1936.55,1949.09,1931.5504,1945.9424,36061.0,0.0,9.852417,0.005088822
2023-11-13 16:00:00,1945.65,1970.59,1942.8,1963.39,38233.0,0.0,17.447632,0.008966161
2023-11-14 16:00:00,1962.19,1975.19,1955.2179,1959.309,47343.0,0.0,-4.0810547,-0.0020785755
2023-11-15 16:00:00,1959.59,1987.79,1956.289,1980.9491,45883.0,0.0,21.640137,0.01104478
2023-11-16 16:00:00,1980.46,1993.29,1978.39,1980.2245,52722.0,0.0,-0.7246094,-0.000365789
2023-11-19 16:00:00,1979.89,1984.99,1964.7,1977.5142,48232.0,0.0,-2.7103271,-0.0013686969
2023-11-20 16:00:00,1977.34,2007.29,1977.34,1998.69,56986.0,0.0,21.175781,0.010708283
2023-11-21 16:00:00,1997.94,2006.19,1986.68,1989.8726,52633.0,0.0,-8.817383,-0.004411581
2023-11-22 16:00:00,1989.4,1998.49,1988.92,1991.79,42453.0,0.0,1.9174805,0.00096361974
2023-11-23 16:00:00,1993.835,2003.49,1991.1,2001.97,42934.0,0.0,10.179932,0.005110946
2023-11-26 16:00:00,2002.275,2017.8209,2000.19,2013.39,44190.0,0.0,11.420044,0.0057044034
2023-11-27 16:00:00,2014.01,2042.79,2011.3,2040.3914,46033.0,0.0,27.001343,0.013410886
2023-11-28 16:00:00,2041.01,2051.79,2034.8,2043.79,52913.0,0.0,3.3986816,0.0016657008
2023-11-29 16:00:00,2043.86,2046.99,2031.59,2036.3037,48557.0,0.0,-7.486328,-0.0036629634
2023-11-30 16:00:00,2035.96,2075.09,2033.4,2070.9011,51296.0,0.0,34.597412,0.0169903
2023-12-03 16:00:00,2070.79,2111.39,2020.09,2029.0453,51902.0,0.0,-41.855835,-0.020211412
2023-12-04 16:00:00,2028.78,2041.09,2009.83,2018.9828,57160.0,0.0,-10.0625,-0.004959229
2023-12-05 16:00:00,2018.79,2035.69,2017.0311,2025.095,54074.0,0.0,6.1121826,0.0030273574
2023-12-06 16:00:00,2025.04,2039.69,2020.0201,2028.26,51107.0,0.0,3.165039,0.001562909
2023-12-07 16:00:00,2027.98,2033.89,1994.4894,2004.62,281.0,0.0,-23.640015,-0.011655318
2023-12-10 16:00:00,2003.22,2008.3422,1975.7,1981.5273,47680.0,0.0,-23.092651,-0.011519715
2023-12-11 16:00:00,1981.24,1996.29,1976.97,1979.26,44317.0,0.0,-2.267334,-0.0011442355
2023-12-12 16:00:00,1979.07,2027.3715,1972.7834,2027.3573,44352.0,0.0,48.09729,0.024300642
2023-12-13 16:00:00,2028.603,2047.69,2023.79,2035.9929,47393.0,0.0,8.63562,0.0042595454
2023-12-14 16:00:00,2035.79,2044.79,2015.59,2019.75,220.0,0.0,-16.24292,-0.007977886
2023-12-17 16:00:00,2018.99,2033.49,2015.79,2027.02,46432.0,0.0,7.2700195,0.0035994651
2023-12-18 16:00:00,2026.65,2046.89,2021.4731,2039.9266,48043.0,0.0,12.906616,0.006367286
2023-12-19 16:00:00,2039.81,2043.29,2027.2252,2031.137,41587.0,0.0,-8.789673,-0.004308818
2023-12-20 16:00:00,2031.44,2045.89,2031.19,2045.5604,39779.0,0.0,14.423462,0.0071011763
2023-12-21 16:00:00,2045.44,2070.39,2045.415,2053.09,111.0,0.0,7.529663,0.003680978
2023-12-24 16:00:00,2053.1,2053.1,2053.1,2053.1,1.0,0.0,0.010009766,4.875463e-06
2023-12-25 16:00:00,2055.47,2068.89,2053.19,2067.535,39659.0,0.0,14.434814,0.007030741
2023-12-26 16:00:00,2067.58,2084.39,2060.3,2077.4475,45536.0,0.0,9.912598,0.004794404
2023-12-27 16:00:00,2077.29,2088.29,2064.39,2065.19,45056.0,0.0,-12.257568,-0.0059003024
2023-12-28 16:00:00,2065.03,2074.59,2057.0,2062.85,153.0,0.0,-2.3398438,-0.001132992
2024-01-01 16:00:00,2062.65,2078.69,2055.99,2058.7385,46055.0,0.0,-4.1115723,-0.0019931511
2024-01-02 16:00:00,2058.59,2065.89,2030.45,2040.99,52195.0,0.0,-17.748535,-0.008621073
2024-01-03 16:00:00,2041.05,2050.69,2036.09,2042.99,52484.0,0.0,2.0,0.0009799167
2024-01-04 16:00:00,2042.99,2063.79,2036.0,2045.62,237.0,0.0,2.630005,0.0012873312
2024-01-07 16:00:00,2042.9575,2046.49,2016.69,2027.678,46880.0,0.0,-17.942017,-0.008770943
2024-01-08 16:00:00,2028.39,2041.69,2025.928,2029.7927,53677.0,0.0,2.114746,0.0010429398
2024-01-09 16:00:00,2029.78,2039.99,2020.2,2023.8909,52213.0,0.0,-5.9018555,-0.002907615
2024-01-10 16:00:00,2025.37,2039.49,2013.1381,2029.372,55622.0,0.0,5.481079,0.002708189
2024-01-11 16:00:00,2028.76,2062.19,2027.59,2049.16,259.0,0.0,19.787964,0.0097507825
2024-01-14 16:00:00,2047.19,2058.49,2045.6149,2054.49,42443.0,0.0,5.330078,0.002601104
2024-01-15 16:00:00,2054.655,2055.2275,2024.0879,2027.897,52734.0,0.0,-26.593018,-0.012943854
2024-01-16 16:00:00,2028.02,2032.89,2001.72,2005.8383,49704.0,0.0,-22.058716,-0.010877632
2024-01-17 16:00:00,2005.9,2023.19,2005.0247,2022.7509,54080.0,0.0,16.912598,0.008431686
2024-01-18 16:00:00,2022.63,2038.99,2020.1309,2029.69,181.0,0.0,6.939087,0.0034305197
2024-01-21 16:00:00,2028.79,2032.09,2016.59,2021.19,51768.0,0.0,-8.5,-0.0041878317
2024-01-22 16:00:00,2021.23,2037.79,2019.38,2028.8784,52965.0,0.0,7.6884766,0.0038039356
2024-01-23 16:00:00,2028.19,2036.59,2011.0618,2013.6625,47206.0,0.0,-15.215942,-0.007499682
2024-01-24 16:00:00,2013.19,2025.09,2009.79,2020.4784,44360.0,0.0,6.815918,0.0033848363
2024-01-25 16:00:00,2020.39,2026.39,2015.7389,2018.51,156.0,0.0,-1.9683838,-0.0009742167
2024-01-28 16:00:00,2017.75,2036.8989,2017.1475,2032.3481,32870.0,0.0,13.838135,0.0068556187
2024-01-29 16:00:00,2031.66,2048.12,2028.85,2036.57,34654.0,0.0,4.2218018,0.0020773024
2024-01-30 16:00:00,2036.5,2055.89,2030.8037,2039.7441,51191.0,0.0,3.1741943,0.0015585982
2024-01-31 16:00:00,2038.6,2065.19,2028.8,2054.39,56277.0,0.0,14.645752,0.0071801906
2024-02-01 16:00:00,2054.3,2057.39,2026.8,2039.59,233.0,0.0,-14.799927,-0.0072040497
2024-02-04 16:00:00,2038.75,2041.99,2013.7,2024.79,45929.0,0.0,-14.799927,-0.0072563244
2024-02-05 16:00:00,2024.19,2038.79,2022.1,2035.7306,45358.0,0.0,10.940552,0.0054033017
2024-02-06 16:00:00,2034.885,2044.49,2030.39,2034.8373,39674.0,0.0,-0.89331055,-0.0004388157
2024-02-07 16:00:00,2034.995,2038.49,2019.1,2033.9753,46296.0,0.0,-0.8619385,-0.00042359086
2024-02-08 16:00:00,2033.79,2037.09,2020.1023,2024.66,156.0,0.0,-9.315308,-0.004579853
2024-02-11 16:00:00,2024.025,2027.49,2011.72,2019.7233,41433.0,0.0,-4.9367676,-0.0024383194
2024-02-12 16:00:00,2019.6,2029.69,1989.9757,1992.8741,37628.0,0.0,-26.849121,-0.013293466
2024-02-13 16:00:00,1992.73,1995.89,1984.09,1991.8917,44971.0,0.0,-0.9824219,-0.0004929673
2024-02-14 16:00:00,1991.32,2007.99,1990.0023,2003.544,44362.0,0.0,11.652222,0.0058498266
2024-02-15 16:00:00,2003.19,2014.99,1995.11,2013.34,1929.0,0.0,9.7960205,0.0048893467
2024-02-18 16:00:00,2012.9,2022.79,2011.1924,2016.337,41914.0,0.0,2.9970703,0.0014886062
2024-02-19 16:00:00,2016.79,2030.79,2014.8433,2024.0151,43702.0,0.0,7.6781006,0.003807945
2024-02-20 16:00:00,2023.72,2031.99,2019.99,2025.7708,41481.0,0.0,1.7556152,0.00086739234
2024-02-21 16:00:00,2025.49,2034.69,2019.59,2024.0168,45553.0,0.0,-1.7539062,-0.000865797
2024-02-22 16:00:00,2024.19,2041.19,2014.7,2035.57,161.0,0.0,11.553101,0.005708006
2024-02-25 16:00:00,2033.59,2036.79,2024.9163,2030.79,41510.0,0.0,-4.779907,-0.002348191
2024-02-26 16:00:00,2030.39,2039.29,2028.55,2030.0415,42735.0,0.0,-0.74853516,-0.0003685931
2024-02-27 16:00:00,2030.04,2037.79,2024.32,2034.08,47344.0,0.0,4.038452,0.0019893446
2024-02-28 16:00:00,2034.06,2050.59,2027.2,2043.7688,44187.0,0.0,9.688843,0.004763256
2024-02-29 16:00:00,2043.9,2088.19,2037.8,2083.0,172.0,0.0,39.2312,0.019195518
2024-03-03 16:00:00,2080.99,2119.69,2079.195,2113.9827,40385.0,0.0,30.982666,0.01487406
2024-03-04 16:00:00,2114.0,2141.59,2110.35,2127.6416,53026.0,0.0,13.658936,0.0064612334
2024-03-05 16:00:00,2126.99,2152.09,2123.43,2147.927,50556.0,0.0,20.2854,0.009534218
2024-03-06 16:00:00,2147.83,2164.09,2144.0835,2159.59,57070.0,0.0,11.663086,0.005429927
2024-03-07 16:00:00,2159.54,2194.99,2153.8645,2179.14,258.0,0.0,19.549805,0.009052553
2024-03-10 16:00:00,2182.19,2182.2007,2180.99,2181.836,15.0,0.0,2.696045,0.001237206
2024-03-11 16:00:00,2182.19,2184.59,2150.54,2158.07,54419.0,0.0,-23.76587,-0.010892602
2024-03-12 16:00:00,2157.99,2179.69,2154.99,2174.035,47241.0,0.0,15.964844,0.007397741
2024-03-13 16:00:00,2173.9385,2176.89,2152.6143,2161.845,47324.0,0.0,-12.189941,-0.0056070588
2024-03-14 16:00:00,2161.59,2172.49,2155.09,2155.5427,48499.0,0.0,-6.302246,-0.0029152164
2024-03-17 16:00:00,2154.99,2163.39,2145.7,2159.9392,47296.0,0.0,4.3964844,0.0020396183
2024-03-18 16:00:00,2159.79,2162.69,2146.4,2157.1172,52506.0,0.0,-2.8220215,-0.0013065282
2024-03-19 16:00:00,2157.39,2188.59,2149.3987,2185.59,46294.0,0.0,28.4729,0.013199515
2024-03-20 16:00:00,2185.641,2222.39,2166.49,2180.866,53606.0,0.0,-4.724121,-0.0021614854
2024-03-21 16:00:00,2180.59,2185.99,2156.8984,2164.99,85358.0,0.0,-15.875977,-0.007279666
2024-03-24 16:00:00,2164.59,2181.09,2163.3,2171.53,77385.0,0.0,6.540039,0.0030208172
2024-03-25 16:00:00,2171.3545,2199.79,2167.49,2178.4358,76884.0,0.0,6.9057617,0.0031801364
2024-03-26 16:00:00,2178.5989,2197.44,2173.39,2194.248,73899.0,0.0,15.812256,0.0072585368
2024-03-27 16:00:00,2193.725,2234.99,2187.0627,2233.59,73774.0,0.0,39.34204,0.017929623
2024-03-31 16:00:00,2239.49,2265.49,2228.29,2251.59,77620.0,0.0,18.0,0.008058775
2024-04-01 16:00:00,2250.08,2280.89,2246.4722,2279.99,79929.0,0.0,28.399902,0.012613265
2024-04-02 16:00:00,2279.1106,2300.89,2265.3,2299.0107,83050.0,0.0,19.020752,0.008342472
2024-04-03 16:00:00,2298.82,2305.0,2279.89,2290.255,79514.0,0.0,-8.755859,-0.0038085335
2024-04-04 16:00:00,2289.08,2330.06,2267.6033,2329.41,84703.0,0.0,39.15503,0.017096363
2024-04-07 16:00:00,2321.19,2353.79,2302.6216,2338.7356,82721.0,0.0,9.325684,0.004003453
2024-04-08 16:00:00,2338.74,2365.06,2336.5793,2352.1477,83763.0,0.0,13.412109,0.0057347696
2024-04-09 16:00:00,2352.41,2359.89,2319.29,2333.1628,76508.0,0.0,-18.984863,-0.0080712885
2024-04-10 16:00:00,2332.67,2377.59,2325.59,2371.99,82092.0,0.0,38.82715,0.016641423
2024-04-11 16:00:00,2373.09,2431.29,2333.69,2343.19,75610.0,0.0,-28.800049,-0.012141724
2024-04-14 16:00:00,2343.3118,2387.39,2324.29,2382.7988,91659.0,0.0,39.608887,0.01690383
2024-04-15 16:00:00,2382.36,2397.79,2362.6,2382.4673,92480.0,0.0,-0.33154297,-0.00013914015
2024-04-16 16:00:00,2382.7,2395.34,2354.29,2359.19,90339.0,0.0,-23.277344,-0.009770268
2024-04-17 16:00:00,2360.4097,2392.69,2360.3674,2378.9343,91628.0,0.0,19.744385,0.0083691375
2024-04-18 16:00:00,2378.1,2417.59,2372.8252,2391.39,88344.0,0.0,12.455566,0.005235776
2024-04-21 16:00:00,2387.59,2388.09,2325.09,2326.59,85842.0,0.0,-64.799805,-0.02709713
2024-04-22 16:00:00,2326.12,2334.29,2291.19,2321.7898,79453.0,0.0,-4.800293,-0.002063231
2024-04-23 16:00:00,2321.69,2336.89,2311.7,2315.586,79750.0,0.0,-6.2038574,-0.0026720152
2024-04-24 16:00:00,2315.7,2344.59,2304.99,2331.59,78074.0,0.0,16.00415,0.0069114906
2024-04-25 16:00:00,2331.66,2352.19,2326.0015,2337.39,72611.0,0.0,5.7998047,0.002487489
2024-04-28 16:00:00,2336.0,2346.57,2319.99,2335.5,102904.0,0.0,-1.8898926,-0.0008085483
2024-04-29 16:00:00,2334.73,2336.08,2284.92,2285.79,102470.0,0.0,-49.70996,-0.021284504
2024-04-30 16:00:00,2285.41,2328.14,2281.4844,2318.19,94902.0,0.0,32.399902,0.014174487
2024-05-01 16:00:00,2319.51,2326.36,2285.49,2302.99,103381.0,0.0,-15.199951,-0.0065568187
2024-05-02 16:00:00,2302.82,2320.58,2277.19,2302.5283,101849.0,0.0,-0.46166992,-0.00020046545
2024-05-05 16:00:00,2302.0,2331.79,2291.628,2323.55,99281.0,0.0,21.021729,0.009129846
2024-05-06 16:00:00,2322.13,2329.93,2309.99,2314.14,99435.0,0.0,-9.410156,-0.0040499046
2024-05-07 16:00:00,2314.25,2321.32,2303.69,2307.73,95770.0,0.0,-6.409912,-0.0027698895
2024-05-08 16:00:00,2308.59,2347.14,2306.54,2346.16,102275.0,0.0,38.42993,0.016652698
2024-05-09 16:00:00,2345.76,2378.23,2344.81,2360.1418,104529.0,0.0,13.981934,0.0059594973
2024-05-12 16:00:00,2362.32,2364.48,2332.09,2336.0,104629.0,0.0,-24.141846,-0.010228981
2024-05-13 16:00:00,2337.82,2359.66,2334.69,2357.82,100034.0,0.0,21.820068,0.009340783
2024-05-14 16:00:00,2357.82,2390.05,2351.7732,2385.78,101654.0,0.0,27.95996,0.011858394
2024-05-15 16:00:00,2385.68,2397.32,2370.79,2376.07,104071.0,0.0,-9.709961,-0.0040699313
2024-05-16 16:00:00,2377.63,2422.68,2373.82,2414.78,102912.0,0.0,38.70996,0.01629159
2024-05-19 16:00:00,2414.52,2449.89,2407.08,2426.05,106242.0,0.0,11.27002,0.0046671
2024-05-20 16:00:00,2426.47,2433.79,2406.29,2420.39,98626.0,0.0,-5.6601562,-0.0023330748
2024-05-21 16:00:00,2423.38,2426.47,2374.81,2378.56,104207.0,0.0,-41.829834,-0.017282272
2024-05-22 16:00:00,2378.1,2383.69,2326.79,2328.85,104909.0,0.0,-49.70996,-0.020899182
2024-05-23 16:00:00,2327.95,2347.29,2325.19,2333.65,101789.0,0.0,4.7998047,0.0020610192
2024-05-26 16:00:00,2334.27,2358.32,2331.965,2350.725,90980.0,0.0,17.075195,0.007316948
2024-05-27 16:00:00,2351.8596,2363.89,2340.1,2361.38,101881.0,0.0,10.654785,0.004532553
2024-05-28 16:00:00,2360.505,2362.49,2334.49,2336.99,101900.0,0.0,-24.389893,-0.010328661
2024-05-29 16:00:00,2339.22,2351.66,2322.51,2342.86,100908.0,0.0,5.870117,0.0025118282
2024-05-30 16:00:00,2344.08,2359.51,2320.3726,2326.95,104253.0,0.0,-15.910156,-0.006790912
2024-06-02 16:00:00,2325.13,2354.59,2314.6228,2350.64,104813.0,0.0,23.689941,0.010180684
2024-06-03 16:00:00,2350.99,2352.76,2315.4,2326.45,104905.0,0.0,-24.189941,-0.01029079
2024-06-04 16:00:00,2327.63,2357.81,2325.7,2355.04,100444.0,0.0,28.590088,0.012289148
2024-06-05 16:00:00,2356.75,2378.35,2353.3,2375.94,99945.0,0.0,20.899902,0.008874542
2024-06-06 16:00:00,2376.13,2387.63,2286.5122,2293.19,99079.0,0.0,-82.75,-0.03482832
2024-06-09 16:00:00,2293.78,2313.64,2287.59,2310.04,102306.0,0.0,16.850098,0.0073478855
2024-06-10 16:00:00,2310.55,2319.8,2297.59,2316.69,102146.0,0.0,6.6499023,0.0028786957
2024-06-11 16:00:00,2315.08,2341.43,2310.6,2323.99,99214.0,0.0,7.300049,0.0031510685
2024-06-12 16:00:00,2325.25,2326.4,2295.48,2303.88,99778.0,0.0,-20.110107,-0.008653267
2024-06-13 16:00:00,2301.05,2336.44,2301.05,2332.52,101177.0,0.0,28.640137,0.012431263
2024-06-16 16:00:00,2330.7,2332.5366,2309.86,2318.52,92884.0,0.0,-14.0,-0.0060020923
2024-06-17 16:00:00,2316.05,2332.99,2306.46,2329.056,79894.0,0.0,10.535889,0.00454423
2024-06-18 16:00:00,2328.79,2334.92,2323.69,2326.32,76619.0,0.0,-2.7358398,-0.0011746561
2024-06-19 16:00:00,2327.05,2365.35,2327.05,2359.93,102079.0,0.0,33.609863,0.014447652
2024-06-20 16:00:00,2359.85,2368.6,2316.59,2321.65,101362.0,0.0,-38.28003,-0.016220832
2024-06-23 16:00:00,2320.48,2334.65,2316.95,2334.21,97944.0,0.0,12.560059,0.005409971
2024-06-24 16:00:00,2332.88,2337.05,2315.49,2319.16,100226.0,0.0,-15.050049,-0.006447599
2024-06-25 16:00:00,2319.63,2323.5,2293.59,2297.94,99769.0,0.0,-21.21997,-0.009149852
2024-06-26 16:00:00,2299.43,2330.79,2296.35,2327.7,96135.0,0.0,29.76001,0.012950734
2024-06-27 16:00:00,2327.4512,2339.53,2319.04,2326.32,99072.0,0.0,-1.3798828,-0.0005928096
2024-06-30 16:00:00,2325.78,2338.52,2318.37,2331.51,100213.0,0.0,5.1899414,0.0022309662
2024-07-01 16:00:00,2331.55,2336.59,2319.25,2329.16,103509.0,0.0,-2.3500977,-0.0010079724
2024-07-02 16:00:00,2329.46,2364.82,2326.79,2355.76,102489.0,0.0,26.600098,0.011420469
2024-07-03 16:00:00,2353.32,2362.44,2350.59,2356.54,229.0,0.0,0.7800293,0.00033111576
2024-07-04 16:00:00,2357.26,2392.84,2353.57,2391.18,103562.0,0.0,34.639893,0.014699471
2024-07-07 16:00:00,2384.99,2391.04,2350.958,2358.59,98810.0,0.0,-32.589844,-0.013629189
2024-07-08 16:00:00,2358.23,2371.14,2349.39,2363.74,96050.0,0.0,5.1499023,0.0021834665
2024-07-09 16:00:00,2363.43,2386.53,2362.35,2371.05,93895.0,0.0,7.3100586,0.0030925814
2024-07-10 16:00:00,2371.36,2424.44,2370.662,2414.96,91601.0,0.0,43.909912,0.018519184
2024-07-11 16:00:00,2416.09,2418.14,2391.35,2411.1616,98451.0,0.0,-3.7983398,-0.0015728376
2024-07-14 16:00:00,2410.99,2439.5,2401.1794,2422.14,99354.0,0.0,10.9782715,0.0045531048
2024-07-15 16:00:00,2422.32,2469.55,2419.9116,2468.61,96252.0,0.0,46.470215,0.019185603
2024-07-16 16:00:00,2468.43,2483.49,2451.39,2458.72,99708.0,0.0,-9.890137,-0.0040063583
2024-07-17 16:00:00,2458.26,2474.72,2440.25,2445.23,98639.0,0.0,-13.48999,-0.005486591
2024-07-18 16:00:00,2443.05,2445.56,2393.79,2400.79,85069.0,0.0,-44.43994,-0.018174136
2024-07-21 16:00:00,2399.91,2412.09,2383.7903,2396.19,88228.0,0.0,-4.6000977,-0.0019160766
2024-07-22 16:00:00,2396.58,2411.97,2388.05,2409.47,108242.0,0.0,13.280029,0.0055421437
2024-07-23 16:00:00,2408.49,2431.79,2396.39,2397.53,103687.0,0.0,-11.939941,-0.0049554226
2024-07-24 16:00:00,2398.11,2401.09,2353.018,2364.19,102449.0,0.0,-33.340088,-0.013906015
2024-07-25 16:00:00,2363.85,2390.6,2355.6912,2386.38,97080.0,0.0,22.189941,0.009385854
2024-07-28 16:00:00,2386.07,2402.79,2369.6,2383.93,102096.0,0.0,-2.4499512,-0.0010266392
2024-07-29 16:00:00,2383.43,2412.59,2376.37,2410.52,97252.0,0.0,26.590088,0.011153888
2024-07-30 16:00:00,2409.87,2450.78,2403.77,2447.47,107270.0,0.0,36.94995,0.015328622
2024-07-31 16:00:00,2447.73,2462.09,2430.09,2446.17,103046.0,0.0,-1.3000488,-0.0005311807
2024-08-01 16:00:00,2446.33,2477.19,2410.64,2443.39,103982.0,0.0,-2.7800293,-0.0011364825
2024-08-04 16:00:00,2442.15,2458.6,2364.19,2410.55,93314.0,0.0,-32.839844,-0.01344028
2024-08-05 16:00:00,2409.79,2418.08,2381.59,2390.19,90638.0,0.0,-20.360107,-0.008446249
2024-08-06 16:00:00,2389.17,2406.79,2378.85,2382.73,106368.0,0.0,-7.459961,-0.0031210745
2024-08-07 16:00:00,2381.98,2427.63,2380.696,2427.56,105984.0,0.0,44.83008,0.018814586
2024-08-08 16:00:00,2426.795,2436.89,2416.79,2430.9258,104962.0,0.0,3.3657227,0.0013864632
2024-08-11 16:00:00,2430.71,2472.95,2423.69,2472.93,104686.0,0.0,42.00415,0.017279075
2024-08-12 16:00:00,2468.58,2476.86,2458.3,2464.69,106713.0,0.0,-8.23999,-0.003332076
2024-08-13 16:00:00,2466.95,2478.2,2437.99,2447.56,106513.0,0.0,-17.129883,-0.0069501167
2024-08-14 16:00:00,2447.45,2469.91,2432.09,2456.58,105194.0,0.0,9.02002,0.0036853107
2024-08-15 16:00:00,2456.31,2509.65,2450.59,2507.79,103615.0,0.0,51.20996,0.020846037
2024-08-18 16:00:00,2507.7,2509.39,2485.69,2504.18,102588.0,0.0,-3.6101074,-0.0014395573
2024-08-19 16:00:00,2501.25,2531.56,2497.1738,2513.59,100113.0,0.0,9.410156,0.0037577795
2024-08-20 16:00:00,2512.52,2519.86,2494.0,2511.9,103771.0,0.0,-1.6901855,-0.0006724189
2024-08-21 16:00:00,2512.12,2514.67,2470.69,2484.55,106327.0,0.0,-27.349854,-0.010888115
2024-08-22 16:00:00,2481.9,2518.19,2481.2,2512.139,101002.0,0.0,27.588867,0.01110417
2024-08-25 16:00:00,2509.93,2526.72,2508.59,2517.94,104754.0,0.0,5.8010254,0.0023091978
2024-08-26 16:00:00,2518.22,2526.01,2503.3,2524.31,103017.0,0.0,6.370117,0.0025298924
2024-08-27 16:00:00,2522.44,2528.92,2493.45,2504.31,102981.0,0.0,-20.0,-0.007922957
2024-08-28 16:00:00,2504.145,2528.52,2503.43,2521.13,102580.0,0.0,16.819824,0.0067163506
2024-08-29 16:00:00,2520.59,2526.82,2494.19,2502.79,100849.0,0.0,-18.339844,-0.007274454
2024-09-01 16:00:00,2499.39,2499.39,2499.39,2499.39,375.0,0.0,-3.4001465,-0.0013585425
2024-09-02 16:00:00,2500.12,2506.18,2473.4,2492.99,105115.0,0.0,-6.3999023,-0.0025605857
2024-09-03 16:00:00,2492.49,2499.99,2471.8853,2495.29,98681.0,0.0,2.3000488,0.0009226065
2024-09-04 16:00:00,2494.95,2523.1,2493.59,2516.7,100047.0,0.0,21.409912,0.00858013
2024-09-05 16:00:00,2518.7,2529.07,2484.99,2497.0266,100128.0,0.0,-19.67334,-0.0078171175
2024-09-08 16:00:00,2496.82,2507.09,2485.4,2506.03,99870.0,0.0,9.003418,0.0036056556
2024-09-09 16:00:00,2506.54,2518.34,2499.9546,2516.58,100718.0,0.0,10.550049,0.0042098654
2024-09-10 16:00:00,2515.32,2528.79,2500.8,2511.67,101871.0,0.0,-4.9101562,-0.0019511225
2024-09-11 16:00:00,2511.525,2559.99,2510.84,2558.62,98702.0,0.0,46.950195,0.018692821
2024-09-12 16:00:00,2556.22,2585.99,2556.22,2577.39,103322.0,0.0,18.769775,0.0073358975
2024-09-15 16:00:00,2577.56,2589.57,2575.19,2582.4,100598.0,0.0,5.01001,0.0019438307
2024-09-16 16:00:00,2581.96,2586.79,2560.59,2569.34,99506.0,0.0,-13.059814,-0.0050572394
2024-09-17 16:00:00,2571.28,2599.92,2546.89,2558.64,102162.0,0.0,-10.700195,-0.0041645695
2024-09-18 16:00:00,2558.57,2594.55,2550.993,2586.36,110394.0,0.0,27.720215,0.010833965
2024-09-19 16:00:00,2586.69,2625.59,2584.75,2621.86,104710.0,0.0,35.5,0.0137258535
2024-09-22 16:00:00,2621.36,2634.8,2613.4,2628.35,104168.0,0.0,6.48999,0.002475338
2024-09-23 16:00:00,2628.42,2664.16,2622.58,2656.99,106267.0,0.0,28.639893,0.010896529
2024-09-24 16:00:00,2655.45,2670.09,2649.59,2656.98,105069.0,0.0,-0.010009766,-3.7673328e-06
2024-09-25 16:00:00,2656.82,2685.31,2654.09,2671.79,108801.0,0.0,14.810059,0.0055740196
2024-09-26 16:00:00,2669.2,2674.19,2643.04,2658.0208,105821.0,0.0,-13.769287,-0.0051535815
2024-09-29 16:00:00,2657.55,2665.91,2624.79,2634.3,97950.0,0.0,-23.720703,-0.008924197
2024-09-30 16:00:00,2634.96,2672.69,2630.99,2663.12,96962.0,0.0,28.820068,0.010940313
2024-10-01 16:00:00,2662.8,2662.89,2641.09,2658.56,96141.0,0.0,-4.5600586,-0.0017122993
2024-10-02 16:00:00,2658.155,2662.89,2639.79,2655.87,95660.0,0.0,-2.6899414,-0.0010118039
2024-10-03 16:00:00,2654.09,2669.88,2631.79,2653.24,93746.0,0.0,-2.630127,-0.0009903071
2024-10-06 16:00:00,2650.6,2659.51,2637.4,2642.21,96293.0,0.0,-11.030029,-0.0041571925
2024-10-07 16:00:00,2643.05,2652.94,2604.55,2621.68,99893.0,0.0,-20.53003,-0.007770022
2024-10-08 16:00:00,2619.94,2624.35,2604.9697,2607.39,103175.0,0.0,-14.290039,-0.0054507186
2024-10-09 16:00:00,2607.64,2631.43,2605.79,2629.65,102696.0,0.0,22.26001,0.008537277
2024-10-10 16:00:00,2630.5,2661.32,2626.99,2657.19,99827.0,0.0,27.54004,0.010472892
2024-10-13 16:00:00,2656.83,2666.64,2643.05,2648.95,101267.0,0.0,-8.23999,-0.0031010166
2024-10-14 16:00:00,2650.65,2668.81,2638.15,2662.42,103094.0,0.0,13.469971,0.0050850227
2024-10-15 16:00:00,2662.78,2685.09,2658.5405,2673.56,106077.0,0.0,11.140137,0.004184215
2024-10-16 16:00:00,2673.555,2696.59,2672.61,2692.65,91893.0,0.0,19.089844,0.0071402336
2024-10-17 16:00:00,2691.96,2722.52,2691.03,2720.99,99783.0,0.0,28.340088,0.010524981
2024-10-20 16:00:00,2721.11,2740.34,2714.05,2719.58,102556.0,0.0,-1.4099121,-0.00051816145
2024-10-21 16:00:00,2719.55,2748.78,2718.49,2748.72,102574.0,0.0,29.139893,0.01071485
2024-10-22 16:00:00,2749.07,2758.29,2708.6,2715.09,102637.0,0.0,-33.629883,-0.012234743
2024-10-23 16:00:00,2717.54,2743.12,2715.5,2735.85,103532.0,0.0,20.76001,0.007646159
2024-10-24 16:00:00,2735.65,2747.6858,2716.6965,2747.6858,102238.0,0.0,11.835693,0.0043261484
2024-10-27 16:00:00,2734.47,2745.81,2724.5486,2742.17,103329.0,0.0,-5.515869,-0.00200746
2024-10-28 16:00:00,2743.32,2774.75,2739.37,2774.43,104451.0,0.0,32.26001,0.011764409
2024-10-29 16:00:00,2774.56,2789.89,2770.2,2787.3,103789.0,0.0,12.870117,0.004638833
2024-10-30 16:00:00,2787.3772,2789.99,2731.5,2743.79,103230.0,0.0,-43.51001,-0.015610091
2024-10-31 16:00:00,2742.05,2761.99,2732.996,2735.99,106294.0,0.0,-7.800049,-0.002842801
2024-11-03 16:00:00,2733.73,2748.07,2728.63,2737.45,104839.0,0.0,1.4599609,0.00053361343
2024-11-04 16:00:00,2735.9,2749.89,2724.55,2742.59,105471.0,0.0,5.1401367,0.0018777099
2024-11-05 16:00:00,2743.32,2749.62,2652.29,2661.09,106430.0,0.0,-81.5,-0.029716436
2024-11-06 16:00:00,2659.148,2709.99,2643.59,2703.92,87112.0,0.0,42.829834,0.016094845
2024-11-07 16:00:00,2704.12,2710.29,2680.19,2685.01,85026.0,0.0,-18.909912,-0.0069935177
2024-11-10 16:00:00,2684.06,2685.98,2610.4856,2622.69,82165.0,0.0,-62.32007,-0.023210367
2024-11-11 16:00:00,2617.77,2627.07,2589.59,2600.48,84726.0,0.0,-22.20996,-0.0084683895
2024-11-12 16:00:00,2598.0,2618.69,2572.8132,2573.93,83429.0,0.0,-26.550049,-0.010209672
2024-11-13 16:00:00,2572.355,2581.23,2536.71,2567.94,90530.0,0.0,-5.98999,-0.002327177
2024-11-14 16:00:00,2567.17,2575.89,2554.43,2562.11,85449.0,0.0,-5.829834,-0.0022702378
2024-11-17 16:00:00,2565.33,2614.99,2563.59,2610.28,82443.0,0.0,48.16992,0.018800879
2024-11-18 16:00:00,2610.63,2639.37,2610.01,2633.33,86282.0,0.0,23.050049,0.008830489
2024-11-19 16:00:00,2631.66,2655.31,2618.5,2648.53,90546.0,0.0,15.199951,0.0057721403
2024-11-20 16:00:00,2648.62,2673.42,2647.5713,2671.33,88250.0,0.0,22.800049,0.0086085675
2024-11-21 16:00:00,2669.85,2711.35,2667.55,2706.86,88834.0,0.0,35.53003,0.013300502
2024-11-24 16:00:00,2713.06,2721.14,2615.52,2626.29,81982.0,0.0,-80.57007,-0.02976514
2024-11-25 16:00:00,2624.82,2641.8,2605.2153,2631.77,89215.0,0.0,5.4799805,0.002086586
2024-11-26 16:00:00,2632.24,2658.09,2626.98,2636.5,84602.0,0.0,4.7299805,0.0017972621
2024-11-27 16:00:00,2637.155,2649.59,2620.8086,2637.63,433.0,0.0,1.1298828,0.00042855408
2024-11-28 16:00:00,2641.05,2666.12,2633.99,2653.546,80358.0,0.0,15.916016,0.0060342113
2024-12-01 16:00:00,2653.32,2655.83,2621.69,2637.29,85491.0,0.0,-16.25586,-0.0061260895
2024-12-02 16:00:00,2638.94,2655.24,2633.99,2642.73,82922.0,0.0,5.4399414,0.0020627012
2024-12-03 16:00:00,2641.94,2657.01,2632.39,2649.82,81779.0,0.0,7.090088,0.0026828651
2024-12-04 16:00:00,2649.51,2655.39,2623.3584,2631.38,80222.0,0.0,-18.440186,-0.006959033
2024-12-05 16:00:00,2632.88,2645.49,2613.31,2632.28,81141.0,0.0,0.9001465,0.00034208153
2024-12-08 16:00:00,2634.26,2676.25,2627.39,2657.89,81536.0,0.0,25.609863,0.009729156
2024-12-09 16:00:00,2661.06,2695.49,2657.59,2692.16,80039.0,0.0,34.27002,0.012893694
2024-12-10 16:00:00,2694.85,2720.96,2674.0,2716.75,78505.0,0.0,24.590088,0.009133963
2024-12-11 16:00:00,2716.8,2725.79,2674.69,2679.0999,79071.0,0.0,-37.650146,-0.013858524
2024-12-12 16:00:00,2680.56,2692.6,2645.531,2646.19,80462.0,0.0,-32.909912,-0.012283944
2024-12-15 16:00:00,2648.73,2664.37,2642.8694,2652.33,72673.0,0.0,6.1401367,0.0023203688
2024-12-16 16:00:00,2653.53,2658.58,2632.82,2643.94,76771.0,0.0,-8.390137,-0.003163308
2024-12-17 16:00:00,2645.95,2651.66,2586.7202,2593.54,77563.0,0.0,-50.399902,-0.019062424
2024-12-18 16:00:00,2584.77,2626.32,2582.6187,2596.39,83416.0,0.0,2.8498535,0.0010988277
2024-12-19 16:00:00,2595.75,2631.54,2589.5718,2622.54,81566.0,0.0,26.150146,0.010071733
2024-12-22 16:00:00,2620.985,2633.16,2607.5703,2611.24,76869.0,0.0,-11.300049,-0.0043088184
2024-12-23 16:00:00,2612.11,2621.42,2609.6243,2613.73,65362.0,0.0,2.4899902,0.0009535662
2024-12-25 16:00:00,2615.27,2638.98,2613.87,2634.05,72951.0,0.0,20.320068,0.0077743563
2024-12-26 16:00:00,2632.7,2638.06,2610.8,2615.48,73558.0,0.0,-18.570068,-0.0070500057
2024-12-29 16:00:00,2620.21,2627.96,2595.5408,2607.46,76284.0,0.0,-8.02002,-0.0030663663
2024-12-30 16:00:00,2606.03,2627.4,2602.1,2622.89,77012.0,0.0,15.429932,0.00591761
2025-01-01 16:00:00,2626.23,2660.41,2620.99,2659.85,84857.0,0.0,36.960205,0.014091405
2025-01-02 16:00:00,2656.5,2665.08,2636.162,2637.8,76838.0,0.0,-22.050049,-0.008289959
2025-01-05 16:00:00,2640.85,2649.24,2613.9,2635.11,79559.0,0.0,-2.6899414,-0.001019767
2025-01-06 16:00:00,2635.99,2664.12,2632.1985,2650.18,78040.0,0.0,15.069824,0.0057188594
2025-01-07 16:00:00,2647.83,2670.1,2644.67,2662.79,79289.0,0.0,12.610107,0.004758208
2025-01-08 16:00:00,2660.2,2678.31,2655.055,2668.8647,77016.0,0.0,6.074707,0.0022813317
2025-01-09 16:00:00,2667.63,2697.83,2663.09,2690.52,80863.0,0.0,21.655273,0.008114039
2025-01-12 16:00:00,2689.05,2693.26,2656.3008,2661.79,75696.0,0.0,-28.72998,-0.010678226
2025-01-13 16:00:00,2661.93,2676.63,2659.39,2676.59,75079.0,0.0,14.800049,0.005560186
2025-01-14 16:00:00,2677.25,2696.57,2668.508,2696.44,71754.0,0.0,19.849854,0.0074160974
2025-01-15 16:00:00,2695.29,2724.55,2689.8,2714.79,75513.0,0.0,18.350098,0.0068053054
2025-01-16 16:00:00,2716.0,2717.3,2699.6765,2700.49,73432.0,0.0,-14.300049,-0.0052674604
2025-01-19 16:00:00,2702.13,2713.7,2688.8928,2708.2527,64617.0,0.0,7.7626953,0.0028745506
2025-01-20 16:00:00,2707.9658,2745.89,2702.09,2742.25,77333.0,0.0,33.997314,0.012553228
2025-01-21 16:00:00,2742.04,2763.43,2741.39,2756.035,78672.0,0.0,13.784912,0.005026862
2025-01-22 16:00:00,2754.88,2758.8,2735.39,2753.016,80081.0,0.0,-3.0187988,-0.0010953413
2025-01-23 16:00:00,2753.63,2785.73,2752.18,2771.21,79662.0,0.0,18.193848,0.006608696
2025-01-26 16:00:00,2770.25,2772.7,2729.3,2741.27,80332.0,0.0,-29.939941,-0.010803924
2025-01-27 16:00:00,2739.7,2764.86,2734.3586,2763.45,78868.0,0.0,22.179932,0.008091115
2025-01-28 16:00:00,2762.36,2766.14,2744.39,2754.29,79293.0,0.0,-9.159912,-0.0033146655
2025-01-29 16:00:00,2758.72,2798.35,2757.19,2795.7139,81806.0,0.0,41.42383,0.015039748
2025-01-30 16:00:00,2794.37,2817.22,2790.59,2800.54,78718.0,0.0,4.826172,0.0017262753
2025-02-02 16:00:00,2800.36,2830.49,2771.49,2817.1,79707.0,0.0,16.560059,0.0059131663
2025-02-03 16:00:00,2816.63,2845.12,2806.4,2843.75,83523.0,0.0,26.649902,0.009460048
2025-02-04 16:00:00,2841.9937,2882.12,2839.09,2861.92,84032.0,0.0,18.169922,0.0063894233
2025-02-05 16:00:00,2866.7554,2873.38,2833.99,2855.96,82751.0,0.0,-5.959961,-0.0020825043
2025-02-06 16:00:00,2855.0376,2886.59,2852.09,2860.625,87709.0,0.0,4.665039,0.0016334399
2025-02-09 16:00:00,2861.13,2911.1,2853.889,2906.76,101549.0,0.0,46.13501,0.016127598
2025-02-10 16:00:00,2907.2126,2942.7,2881.39,2897.76,108761.0,0.0,-9.0,-0.0030962308
2025-02-11 16:00:00,2896.91,2908.85,2863.66,2900.45,105444.0,0.0,2.6899414,0.000928283
2025-02-12 16:00:00,2902.76,2928.83,2900.18,2928.0242,100422.0,0.0,27.574219,0.009506877
2025-02-13 16:00:00,2925.84,2939.97,2876.69,2884.19,109489.0,0.0,-43.83423,-0.014970583
2025-02-16 16:00:00,2882.8,2906.38,2877.39,2897.655,97901.0,0.0,13.465088,0.0046685855
2025-02-17 16:00:00,2898.56,2937.2,2891.69,2933.84,107333.0,0.0,36.18506,0.012487704
2025-02-18 16:00:00,2936.75,2946.84,2918.09,2935.77,106686.0,0.0,1.9299316,0.0006578176
2025-02-19 16:00:00,2932.83,2954.65,2924.02,2938.33,105256.0,0.0,2.5600586,0.0008720229
2025-02-20 16:00:00,2939.215,2949.61,2916.39,2934.29,106795.0,0.0,-4.040039,-0.0013749439
2025-02-23 16:00:00,2935.73,2956.15,2920.79,2950.99,104624.0,0.0,16.699951,0.005691309
2025-02-24 16:00:00,2949.415,2953.58,2887.99,2913.11,108255.0,0.0,-37.879883,-0.012836331
2025-02-25 16:00:00,2916.1,2929.84,2890.72,2916.67,104965.0,0.0,3.5598145,0.0012219979
2025-02-26 16:00:00,2915.68,2920.7,2867.6345,2872.79,106632.0,0.0,-43.879883,-0.015044514
2025-02-27 16:00:00,2878.55,2884.86,2832.29,2854.5,107890.0,0.0,-18.29004,-0.006366647
2025-03-02 16:00:00,2858.98,2892.79,2855.21,2890.84,105254.0,0.0,36.340088,0.012730807
2025-03-03 16:00:00,2889.42,2927.93,2881.49,2917.49,106547.0,0.0,26.649902,0.009218739
2025-03-04 16:00:00,2917.83,2929.67,2893.9,2921.71,106147.0,0.0,4.2199707,0.0014464388
2025-03-05 16:00:00,2919.17,2926.64,2891.0195,2910.19,106627.0,0.0,-11.52002,-0.003942903
2025-03-06 16:00:00,2910.707,2930.33,2895.99,2908.22,107637.0,0.0,-1.9699707,-0.0006769217
2025-03-09 16:00:00,2910.67,2918.18,2879.99,2888.52,107734.0,0.0,-19.699951,-0.0067738863
2025-03-10 16:00:00,2888.3118,2921.92,2880.09,2915.23,96880.0,0.0,26.70996,0.009246936
2025-03-11 16:00:00,2916.4,2940.64,2906.09,2933.45,81190.0,0.0,18.21997,0.0062499256
2025-03-12 16:00:00,2932.6062,2989.31,2931.58,2988.56,82012.0,0.0,55.110107,0.01878679
2025-03-13 16:00:00,2987.437,3004.77,2978.09,2984.3,83956.0,0.0,-4.26001,-0.0014254389
2025-03-16 16:00:00,2984.3,3001.86,2981.76,3000.65,95968.0,0.0,16.349854,0.0054786224
2025-03-17 16:00:00,2998.73,3038.22,2998.73,3034.32,100078.0,0.0,33.670166,0.011220958
2025-03-18 16:00:00,3034.1326,3051.99,3022.49,3047.46,96920.0,0.0,13.139893,0.004330424
2025-03-19 16:00:00,3047.09,3057.14,3025.34,3044.56,102813.0,0.0,-2.8999023,-0.0009515801
2025-03-20 16:00:00,3042.37,3047.32,2999.0793,3023.61,103830.0,0.0,-20.949951,-0.0068811094
2025-03-23 16:00:00,3021.53,3033.05,3002.09,3011.69,104856.0,0.0,-11.920166,-0.003942362
2025-03-24 16:00:00,3012.8213,3035.71,3007.31,3019.649,103837.0,0.0,7.9589844,0.0026426972
2025-03-25 16:00:00,3019.7595,3031.96,3012.0613,3019.37,104953.0,0.0,-0.2788086,-9.233146e-05
2025-03-26 16:00:00,3019.2092,3059.27,3016.79,3056.53,108325.0,0.0,37.159912,0.012307174
2025-03-27 16:00:00,3054.77,3086.63,3053.59,3084.85,110031.0,0.0,28.320068,0.009265431
2025-03-30 16:00:00,3085.41,3128.06,3076.49,3123.59,107828.0,0.0,38.73999,0.012558144
2025-03-31 16:00:00,3122.9854,3148.87,3100.5918,3113.59,109056.0,0.0,-10.0,-0.0032014444
2025-04-01 16:00:00,3113.4421,3138.718,3104.49,3133.25,109351.0,0.0,19.659912,0.0063142264
2025-04-02 16:00:00,3133.16,3167.57,3054.09,3114.38,111994.0,0.0,-18.870117,-0.006022538
2025-04-03 16:00:00,3113.1377,3136.39,3015.29,3037.75,110044.0,0.0,-76.62988,-0.024605181
2025-04-06 16:00:00,3035.0,3055.22,2956.19,2981.69,102886.0,0.0,-56.06006,-0.018454468
2025-04-07 16:00:00,2982.33,3022.47,2974.3674,2982.5,108135.0,0.0,0.8100586,0.00027167768
2025-04-08 16:00:00,2983.63,3099.51,2969.71,3082.62,111683.0,0.0,100.12012,0.033569194
2025-04-09 16:00:00,3083.45,3176.41,3070.29,3175.25,111303.0,0.0,92.62988,0.030049074
2025-04-10 16:00:00,3174.765,3245.01,3174.35,3237.18,107120.0,0.0,61.92993,0.019503955
2025-04-13 16:00:00,3236.2625,3245.3,3192.99,3210.74,108523.0,0.0,-26.439941,-0.008167584
2025-04-14 16:00:00,3209.3218,3233.49,3208.938,3229.71,105734.0,0.0,18.96997,0.005908286
2025-04-15 16:00:00,3228.1887,3342.94,3225.87,3342.87,110800.0,0.0,113.16016,0.03503725
2025-04-16 16:00:00,3343.16,3357.29,3283.49,3327.153,113437.0,0.0,-15.717041,-0.0047016605
2025-04-20 16:00:00,3334.11,3430.38,3328.245,3424.3,114523.0,0.0,97.14697,0.029198227
2025-04-21 16:00:00,3421.12,3499.73,3366.38,3380.71,111204.0,0.0,-43.590088,-0.0127296345
2025-04-22 16:00:00,3381.3,3386.46,3260.29,3287.95,113477.0,0.0,-92.76001,-0.027438026
2025-04-23 16:00:00,3288.1426,3366.57,3287.01,3349.76,110918.0,0.0,61.81006,0.018798966
2025-04-24 16:00:00,3346.75,3370.062,3264.99,3318.6243,108094.0,0.0,-31.135742,-0.009294917
2025-04-27 16:00:00,3327.0,3352.86,3267.015,3343.74,106239.0,0.0,25.115723,0.0075681126
2025-04-28 16:00:00,3341.3,3348.36,3299.46,3317.27,109217.0,0.0,-26.46997,-0.007916276
2025-04-29 16:00:00,3314.9712,3327.91,3266.99,3287.99,107706.0,0.0,-29.28003,-0.008826544
2025-04-30 16:00:00,3287.682,3290.31,3201.69,3238.94,97874.0,0.0,-49.05005,-0.014917944
2025-05-01 16:00:00,3238.1,3269.01,3222.49,3240.0637,103907.0,0.0,1.1237793,0.000346959
2025-05-04 16:00:00,3238.5,3337.5,3236.42,3334.19,110699.0,0.0,94.12622,0.029050732
2025-05-05 16:00:00,3335.94,3434.8,3323.1372,3431.54,110673.0,0.0,97.3501,0.029197525
2025-05-06 16:00:00,3429.1526,3437.49,3359.7815,3364.67,114482.0,0.0,-66.87012,-0.019486912
2025-05-07 16:00:00,3366.36,3414.29,3288.39,3305.3,111676.0,0.0,-59.369873,-0.017645082
2025-05-08 16:00:00,3304.4514,3347.25,3274.7456,3324.0537,115695.0,0.0,18.753662,0.0056738155
2025-05-11 16:00:00,3324.73,3324.73,3207.39,3235.39,109680.0,0.0,-88.66382,-0.0266734
2025-05-12 16:00:00,3232.95,3265.03,3215.79,3249.52,109831.0,0.0,14.130127,0.0043673646
2025-05-13 16:00:00,3247.8179,3256.87,3167.69,3176.49,114082.0,0.0,-73.03003,-0.022474097
2025-05-14 16:00:00,3176.815,3240.45,3120.44,3239.66,114604.0,0.0,63.16992,0.019886706
2025-05-15 16:00:00,3238.66,3251.82,3153.99,3202.2756,116050.0,0.0,-37.384277,-0.011539568
2025-05-18 16:00:00,3216.39,3249.0195,3205.04,3229.3,111797.0,0.0,27.024414,0.008439128
2025-05-19 16:00:00,3229.4,3295.52,3204.125,3289.76,112442.0,0.0,60.45996,0.01872231
2025-05-20 16:00:00,3289.63,3324.74,3285.09,3315.03,111043.0,0.0,25.27002,0.0076814173
2025-05-21 16:00:00,3315.5366,3345.12,3279.33,3294.79,111590.0,0.0,-20.23999,-0.0061055226
2025-05-22 16:00:00,3292.88,3365.71,3286.8892,3357.0046,111279.0,0.0,62.2146,0.01888272
2025-05-25 16:00:00,3352.99,3356.32,3323.59,3342.57,101154.0,0.0,-14.43457,-0.0042998362
2025-05-26 16:00:00,3343.6326,3349.78,3285.19,3300.77,109681.0,0.0,-41.80005,-0.012505362
2025-05-27 16:00:00,3301.7969,3325.22,3276.05,3286.93,109598.0,0.0,-13.840088,-0.0041929875
2025-05-28 16:00:00,3285.91,3330.4,3245.29,3317.87,108728.0,0.0,30.940186,0.009413095
2025-05-29 16:00:00,3319.06,3322.52,3271.6543,3288.69,110656.0,0.0,-29.180176,-0.008794852
2025-06-01 16:00:00,3289.05,3382.7,3288.75,3380.95,111557.0,0.0,92.26001,0.028053727
2025-06-02 16:00:00,3379.54,3392.0,3332.99,3352.7,112044.0,0.0,-28.25,-0.00835564
2025-06-03 16:00:00,3351.2373,3384.4,3343.375,3372.61,112930.0,0.0,19.910156,0.005938544
2025-06-04 16:00:00,3375.651,3403.14,3338.29,3352.63,113297.0,0.0,-19.980225,-0.0059242616
2025-06-05 16:00:00,3353.2444,3375.29,3306.62,3308.83,113295.0,0.0,-43.799805,-0.013064313
2025-06-08 16:00:00,3310.38,3337.96,3293.49,3324.75,113941.0,0.0,15.919922,0.0048113447
2025-06-09 16:00:00,3327.38,3348.89,3301.5369,3323.31,112433.0,0.0,-1.4399414,-0.00043309765
2025-06-10 16:00:00,3322.935,3360.44,3315.19,3355.02,113353.0,0.0,31.70996,0.00954168
2025-06-11 16:00:00,3356.79,3398.86,3338.29,3385.37,114362.0,0.0,30.350098,0.009046175
2025-06-12 16:00:00,3384.94,3446.62,3379.326,3431.99,115142.0,0.0,46.619873,0.013770983
2025-06-15 16:00:00,3430.295,3450.98,3382.39,3384.54,108989.0,0.0,-47.44995,-0.0138257835
2025-06-16 16:00:00,3382.89,3403.08,3365.79,3387.58,112427.0,0.0,3.040039,0.00089821336
2025-06-17 16:00:00,3389.65,3399.79,3362.39,3368.67,110278.0,0.0,-18.910156,-0.0055822018
2025-06-18 16:00:00,3368.56,3387.67,3347.19,3370.213,115221.0,0.0,1.5429688,0.000458035
2025-06-19 16:00:00,3370.33,3374.36,3340.19,3367.67,113203.0,0.0,-2.5429688,-0.0007545425
2025-06-22 16:00:00,3367.49,3393.49,3347.09,3368.19,115202.0,0.0,0.52001953,0.00015441523
2025-06-23 16:00:00,3368.34,3370.56,3295.29,3323.74,115442.0,0.0,-44.44995,-0.013196984
2025-06-24 16:00:00,3321.7668,3336.95,3311.69,3331.9,111948.0,0.0,8.159912,0.0024550392
2025-06-25 16:00:00,3332.0918,3350.09,3309.73,3327.69,112849.0,0.0,-4.209961,-0.0012635316
2025-06-26 16:00:00,3327.55,3328.16,3255.59,3273.39,115059.0,0.0,-54.30005,-0.016317641
2025-06-29 16:00:00,3271.9,3309.35,3247.11,3302.71,112259.0,0.0,29.320068,0.008957096
2025-06-30 16:00:00,3302.5867,3357.78,3301.07,3338.17,114134.0,0.0,35.45996,0.010736626
2025-07-01 16:00:00,3337.91,3359.74,3327.39,3357.73,113793.0,0.0,19.560059,0.0058595156
2025-07-02 16:00:00,3357.76,3365.39,3311.39,3326.15,112495.0,0.0,-31.580078,-0.009405187
2025-07-03 16:00:00,3325.99,3344.9,3323.09,3334.995,98957.0,0.0,8.845215,0.0026592952
2025-07-06 16:00:00,3334.45,3342.43,3296.09,3336.35,113304.0,0.0,1.3549805,0.0004062916
2025-07-07 16:00:00,3335.54,3345.47,3286.94,3301.2861,114013.0,0.0,-35.063965,-0.010509678
2025-07-08 16:00:00,3298.48,3316.79,3282.6245,3313.34,113155.0,0.0,12.053955,0.0036512907
2025-07-09 16:00:00,3313.25,3330.11,3309.99,3323.76,109969.0,0.0,10.419922,0.0031448393
2025-07-10 16:00:00,3322.845,3368.57,3321.19,3355.09,113362.0,0.0,31.330078,0.0094260955
2025-07-13 16:00:00,3355.41,3374.63,3340.9167,3343.19,113915.0,0.0,-11.9001465,-0.0035468934
2025-07-14 16:00:00,3343.1375,3366.21,3319.99,3322.99,112153.0,0.0,-20.199951,-0.006042119
2025-07-15 16:00:00,3322.18,3376.59,3319.39,3346.97,110151.0,0.0,23.97998,0.0072163865
2025-07-16 16:00:00,3346.326,3352.19,3309.59,3338.99,110060.0,0.0,-7.9799805,-0.0023842403
2025-07-17 16:00:00,3338.455,3361.05,3331.39,3349.422,109379.0,0.0,10.432129,0.0031243367
2025-07-20 16:00:00,3348.12,3401.2,3344.72,3396.71,106301.0,0.0,47.28784,0.0141182095
2025-07-21 16:00:00,3396.197,3433.32,3382.99,3431.38,109425.0,0.0,34.66992,0.010206913
2025-07-22 16:00:00,3431.03,3438.54,3381.29,3386.89,111518.0,0.0,-44.48999,-0.012965627
2025-07-23 16:00:00,3387.39,3393.09,3350.99,3367.89,109146.0,0.0,-19.0,-0.005609866
2025-07-24 16:00:00,3368.99,3373.25,3324.84,3336.99,118783.0,0.0,-30.899902,-0.009174855
2025-07-27 16:00:00,3333.745,3345.1,3301.51,3314.78,109682.0,0.0,-22.20996,-0.006655687
2025-07-28 16:00:00,3316.235,3333.89,3307.7927,3326.38,110932.0,0.0,11.5998535,0.0034994339
2025-07-29 16:00:00,3325.8489,3333.94,3267.79,3275.29,110990.0,0.0,-51.089844,-0.015358993
2025-07-30 16:00:00,3275.3003,3314.65,3273.41,3289.02,112841.0,0.0,13.72998,0.004191989
2025-07-31 16:00:00,3290.2334,3363.1956,3281.29,3362.5164,111075.0,0.0,73.49634,0.02234597
2025-08-03 16:00:00,3364.19,3385.29,3344.69,3373.88,108843.0,0.0,11.363525,0.0033794707
2025-08-04 16:00:00,3372.848,3390.29,3349.56,3380.44,108577.0,0.0,6.5600586,0.0019443664
2025-08-05 16:00:00,3382.5298,3384.89,3357.99,3369.19,110551.0,0.0,-11.25,-0.0033279692
2025-08-06 16:00:00,3367.85,3401.86,3363.7,3395.891,111380.0,0.0,26.701172,0.007925102
2025-08-07 16:00:00,3396.777,3408.02,3378.8,3398.6094,98718.0,0.0,2.7182617,0.0008004561
2025-08-10 16:00:00,3397.245,3404.19,3341.19,3342.2021,110983.0,0.0,-56.407227,-0.01659715
2025-08-11 16:00:00,3341.84,3358.85,3330.7483,3348.12,110361.0,0.0,5.9179688,0.0017706795
2025-08-12 16:00:00,3348.09,3370.53,3342.29,3355.88,110310.0,0.0,7.7597656,0.0023176486
2025-08-13 16:00:00,3354.409,3374.29,3329.6262,3334.78,110538.0,0.0,-21.099854,-0.006287428
2025-08-14 16:00:00,3335.9,3348.74,3331.63,3335.69,106870.0,0.0,0.9099121,0.00027285522
2025-08-17 16:00:00,3337.0,3358.24,3322.95,3332.2527,101243.0,0.0,-3.4372559,-0.0010304482
2025-08-18 16:00:00,3332.075,3345.09,3314.63,3315.03,106259.0,0.0,-17.222656,-0.0051684724
2025-08-19 16:00:00,3315.16,3349.89,3311.19,3347.95,106204.0,0.0,32.91992,0.0099305045
2025-08-20 16:00:00,3347.0242,3352.368,3325.08,3338.33,106166.0,0.0,-9.619873,-0.0028733623
2025-08-21 16:00:00,3338.4016,3378.52,3321.19,3371.69,103604.0,0.0,33.359863,0.0099929795
2025-08-24 16:00:00,3370.03,3376.08,3359.4048,3365.95,105340.0,0.0,-5.73999,-0.0017024075
2025-08-25 16:00:00,3365.98,3393.51,3350.89,3393.25,111790.0,0.0,27.300049,0.008110652
2025-08-26 16:00:00,3392.391,3398.61,3373.5112,3396.59,110549.0,0.0,3.340088,0.000984333
2025-08-27 16:00:00,3393.58,3423.14,3384.09,3417.07,111829.0,0.0,20.47998,0.006029571
2025-08-28 16:00:00,3417.4,3453.76,3404.14,3447.519,110943.0,0.0,30.448975,0.008910843
2025-08-31 16:00:00,3447.845,3489.51,3436.39,3475.3518,104586.0,0.0,27.832764,0.008073273
2025-09-01 16:00:00,3473.44,3540.28,3469.99,3532.69,118622.0,0.0,57.338135,0.016498512
2025-09-02 16:00:00,3534.49,3578.5,3525.59,3559.02,114954.0,0.0,26.330078,0.007453266
2025-09-03 16:00:00,3559.97,3563.6,3510.89,3545.53,115262.0,0.0,-13.48999,-0.0037903665
2025-09-04 16:00:00,3548.2,3599.81,3539.29,3586.349,111338.0,0.0,40.81909,0.011512832
2025-09-07 16:00:00,3585.58,3646.24,3579.54,3635.79,112961.0,0.0,49.440918,0.013785863
2025-09-08 16:00:00,3636.5,3673.55,3625.01,3625.04,112960.0,0.0,-10.75,-0.0029567163
2025-09-09 16:00:00,3625.8691,3657.31,3618.78,3639.98,113001.0,0.0,14.939941,0.0041213175
2025-09-10 16:00:00,3641.99,3648.92,3613.79,3634.21,110617.0,0.0,-5.7700195,-0.0015851789
2025-09-11 16:00:00,3634.21,3656.64,3629.98,3642.6934,114733.0,0.0,8.483398,0.0023343172
2025-09-14 16:00:00,3642.99,3685.33,3626.29,3678.69,111648.0,0.0,35.996582,0.009881859
2025-09-15 16:00:00,3677.64,3702.95,3674.29,3689.83,115003.0,0.0,11.140137,0.0030282892
2025-09-16 16:00:00,3690.6,3707.4,3645.85,3659.55,114399.0,0.0,-30.28003,-0.008206348
2025-09-17 16:00:00,3658.8,3672.68,3627.54,3644.29,116060.0,0.0,-15.26001,-0.0041699144
2025-09-18 16:00:00,3644.44,3685.16,3632.02,3684.36,114035.0,0.0,40.07007,0.010995301
2025-09-21 16:00:00,3685.59,3748.65,3682.79,3746.36,115793.0,0.0,62.0,0.016827889
2025-09-22 16:00:00,3746.1262,3790.79,3736.59,3763.89,115364.0,0.0,17.529785,0.0046791513
2025-09-23 16:00:00,3764.98,3779.15,3717.1,3736.07,115101.0,0.0,-27.819824,-0.007391243
2025-09-24 16:00:00,3736.17,3761.38,3721.65,3748.13,115337.0,0.0,12.059814,0.0032279412
2025-09-25 16:00:00,3747.18,3783.55,3734.28,3759.4,115231.0,0.0,11.27002,0.003006838
2025-09-28 16:00:00,3757.5183,3833.89,3756.965,3832.89,115443.0,0.0,73.48999,0.01954833
2025-09-29 16:00:00,3831.3276,3871.39,3792.79,3857.92,115027.0,0.0,25.03003,0.006530328
2025-09-30 16:00:00,3857.84,3895.09,3853.07,3864.9,112974.0,0.0,6.9799805,0.0018092601
2025-10-01 16:00:00,3865.66,3896.49,3819.09,3855.34,110559.0,0.0,-9.559814,-0.002473496
2025-10-02 16:00:00,3856.92,3891.49,3837.63,3885.9,109758.0,0.0,30.559814,0.00792662
2025-10-05 16:00:00,3887.25,3969.91,3883.05,3959.99,110715.0,0.0,74.09009,0.019066392
2025-10-06 16:00:00,3959.25,3990.85,3940.65,3984.5,115629.0,0.0,24.51001,0.006189412
2025-10-07 16:00:00,3986.14,4058.9,3982.14,4039.65,114705.0,0.0,55.149902,0.01384111
2025-10-08 16:00:00,4041.69,4057.76,3944.29,3975.89,116297.0,0.0,-63.76001,-0.015783548
2025-10-09 16:00:00,3976.58,4021.95,3946.29,4018.09,118211.0,0.0,42.200195,0.010614025
2025-10-12 16:00:00,4017.545,4116.75,4007.39,4109.98,118186.0,0.0,91.88989,0.022869047
2025-10-13 16:00:00,4109.05,4179.33,4089.93,4141.68,117372.0,0.0,31.700195,0.0077129803
2025-10-14 16:00:00,4143.97,4217.9,4139.19,4206.97,115638.0,0.0,65.29004,0.015764143
2025-10-15 16:00:00,4208.715,4330.41,4198.59,4327.49,113200.0,0.0,120.52002,0.0286477
2025-10-16 16:00:00,4327.55,4378.69,4186.29,4248.725,113608.0,0.0,-78.76514,-0.018201113
2025-10-19 16:00:00,4250.62,4381.17,4218.19,4355.49,116734.0,0.0,106.76514,0.025128746
2025-10-20 16:00:00,4354.55,4374.79,4085.39,4123.37,119191.0,0.0,-232.12012,-0.053293683
2025-10-21 16:00:00,4121.9,4161.17,4003.58,4097.59,112800.0,0.0,-25.780273,-0.006252234
2025-10-22 16:00:00,4094.04,4154.42,4064.51,4126.43,118624.0,0.0,28.840332,0.0070383647
2025-10-23 16:00:00,4125.93,4144.21,4043.69,4110.69,117226.0,0.0,-15.740234,-0.003814492
2025-10-26 16:00:00,4064.29,4108.19,3970.89,3981.35,111935.0,0.0,-129.33984,-0.031464268
2025-10-27 16:00:00,3982.41,4019.39,3886.02,3951.09,114120.0,0.0,-30.26001,-0.0076004392
2025-10-28 16:00:00,3951.32,4029.89,3916.03,3928.69,109789.0,0.0,-22.400146,-0.0056693587
2025-10-29 16:00:00,3930.15,4026.87,3914.92,4024.55,112288.0,0.0,95.86011,0.024400018
2025-10-30 16:00:00,4023.17,4044.48,3972.09,4001.12,113092.0,0.0,-23.429932,-0.005821752
2025-11-02 16:00:00,4001.03,4030.14,3962.33,4000.29,103747.0,0.0,-0.8300781,-0.00020746143
2025-11-03 16:00:00,4001.61,4004.9932,3928.19,3931.29,111723.0,0.0,-69.0,-0.01724875
2025-11-04 16:00:00,3933.27,3990.1,3929.01,3978.75,108714.0,0.0,47.45996,0.012072363
2025-11-05 16:00:00,3980.02,4019.37,3963.89,3975.88,107567.0,0.0,-2.8701172,-0.00072136155
2025-11-06 16:00:00,3977.78,4026.94,3973.19,4000.81,397.0,0.0,24.930176,0.006270354
2025-11-09 16:00:00,4000.7,4116.41,3996.76,4115.74,110471.0,0.0,114.930176,0.028726727
2025-11-10 16:00:00,4115.33,4148.75,4096.59,4125.67,112251.0,0.0,9.9296875,0.0024126128
2025-11-11 16:00:00,4124.92,4211.43,4098.29,4195.26,112159.0,0.0,69.58984,0.016867526
2025-11-12 16:00:00,4197.19,4244.94,4145.04,4170.84,112223.0,0.0,-24.419922,-0.005820837
2025-11-13 16:00:00,4169.71,4211.02,4031.89,4084.98,471.0,0.0,-85.85986,-0.02058575
2025-11-16 16:00:00,4080.7688,4105.77,4006.58,4044.85,114733.0,0.0,-40.129883,-0.009823765
2025-11-17 16:00:00,4043.66,4082.27,3997.5627,4066.5,115863.0,0.0,21.649902,0.005352461
2025-11-18 16:00:00,4067.12,4132.48,4054.99,4077.29,117854.0,0.0,10.790039,0.0026533972
2025-11-19 16:00:00,4077.13,4109.54,4038.29,4076.86,114952.0,0.0,-0.42993164,-0.00010544544
2025-11-20 16:00:00,4075.63,4100.73,4022.09,4064.74,437.0,0.0,-12.120117,-0.0029729048
2025-11-23 16:00:00,4065.22,4139.75,4039.72,4134.63,111343.0,0.0,69.88989,0.017194185
2025-11-24 16:00:00,4135.9,4159.09,4109.09,4129.78,110656.0,0.0,-4.8500977,-0.0011730428
2025-11-25 16:00:00,4131.002,4173.2,4129.07,4162.35,109893.0,0.0,32.570312,0.007886695
2025-11-26 16:00:00,4162.46,4168.19,4142.12,4157.27,97662.0,0.0,-5.080078,-0.0012204831
2025-11-27 16:00:00,4158.1973,4230.87,4156.46,4229.269,93794.0,0.0,71.99902,0.017318822
2025-11-30 16:00:00,4223.04,4264.28,4205.3315,4230.33,115477.0,0.0,1.0610352,0.0002508791
2025-12-01 16:00:00,4232.6,4235.28,4163.29,4205.38,112170.0,0.0,-24.950195,-0.0058979313
2025-12-02 16:00:00,4207.68,4241.17,4193.99,4202.69,110035.0,0.0,-2.6899414,-0.0006396429
2025-12-03 16:00:00,4201.94,4218.94,4173.79,4206.63,116948.0,0.0,3.9399414,0.0009374809
2025-12-04 16:00:00,4207.05,4259.1,4191.79,4197.83,482.0,0.0,-8.799805,-0.0020918895
2025-12-07 16:00:00,4196.84,4218.7,4176.69,4189.06,108527.0,0.0,-8.77002,-0.0020891794
2025-12-08 16:00:00,4187.5,4221.09,4169.529,4206.92,108662.0,0.0,17.859863,0.0042634537
2025-12-09 16:00:00,4207.87,4238.49,4181.84,4227.19,111688.0,0.0,20.27002,0.0048182565
2025-12-10 16:00:00,4227.17,4285.72,4203.73,4278.96,112682.0,0.0,51.77002,0.012246911
2025-12-11 16:00:00,4277.76,4352.99,4256.89,4299.39,576.0,0.0,20.430176,0.004774566
2025-12-14 16:00:00,4297.59,4349.93,4285.2407,4304.3,104148.0,0.0,4.909668,0.0011419452
2025-12-15 16:00:00,4305.12,4334.84,4271.33,4302.28,115769.0,0.0,-2.0200195,-0.0004693027
2025-12-16 16:00:00,4301.84,4348.66,4300.39,4337.16,115484.0,0.0,34.88037,0.008107415
2025-12-17 16:00:00,4340.6836,4374.38,4308.45,4331.33,115523.0,0.0,-5.830078,-0.0013442156
2025-12-18 16:00:00,4333.12,4356.27,4308.59,4338.53,404.0,0.0,7.199707,0.0016622393
2025-12-21 16:00:00,4338.48,4448.89,4336.91,4442.41,111671.0,0.0,103.88037,0.023943681
2025-12-22 16:00:00,4444.98,4499.57,4430.05,4483.38,112606.0,0.0,40.969727,0.00922241
2025-12-23 16:00:00,4486.38,4525.186,4448.19,4480.09,96568.0,0.0,-3.290039,-0.0007338301
2025-12-25 16:00:00,4479.887,4549.57,4474.7812,4533.34,593.0,0.0,53.25,0.011885922
2025-12-28 16:00:00,4539.4453,4548.92,4302.59,4331.65,119614.0,0.0,-201.68994,-0.044490363
2025-12-29 16:00:00,4329.39,4404.01,4322.53,4337.29,119154.0,0.0,5.6401367,0.0013020758
2025-12-30 16:00:00,4339.74,4372.97,4273.94,4314.07,115678.0,0.0,-23.220215,-0.0053536226
2026-01-01 16:00:00,4331.59,4402.05,4309.62,4332.45,581.0,0.0,18.380371,0.004260564
2026-01-04 16:00:00,4331.585,4455.39,4331.585,4448.09,114031.0,0.0,115.63965,0.026691513
2026-01-05 16:00:00,4444.55,4497.19,4426.09,4493.79,114610.0,0.0,45.700195,0.010274117
2026-01-06 16:00:00,4493.5,4499.89,4422.99,4455.27,115412.0,0.0,-38.52002,-0.008571833
2026-01-07 16:00:00,4455.18,4479.18,4407.29,4477.39,115068.0,0.0,22.120117,0.004964933
2026-01-08 16:00:00,4509.13,4509.13,4509.13,4509.13,414.0,0.0,31.739746,0.0070888945
2026-01-11 16:00:00,4509.8,4629.88,4508.56,4597.94,115273.0,0.0,88.81006,0.01969561
2026-01-12 16:00:00,4597.42,4634.33,4568.49,4585.29,114259.0,0.0,-12.649902,-0.002751211
2026-01-13 16:00:00,4585.49,4642.72,4585.49,4626.13,117117.0,0.0,40.839844,0.008906709
2026-01-14 16:00:00,4625.2,4631.37,4580.61,4615.49,121326.0,0.0,-10.639648,-0.0022999027
2026-01-15 16:00:00,4616.13,4620.19,4537.79,4596.44,471.0,0.0,-19.050293,-0.004127469
2026-01-18 16:00:00,4594.315,4689.39,4594.315,4669.6953,110873.0,0.0,73.25537,0.015937416
2026-01-19 16:00:00,4670.77,4766.05,4658.89,4762.65,119004.0,0.0,92.95459,0.019905921
2026-01-20 16:00:00,4762.51,4887.82,4755.57,4831.59,117220.0,0.0,68.93994,0.014475123
2026-01-21 16:00:00,4830.31,4940.4,4772.19,4934.83,120205.0,0.0,103.240234,0.021367757
2026-01-22 16:00:00,4934.96,4989.52,4899.65,4986.45,599.0,0.0,51.620117,0.010460364
2026-01-25 16:00:00,5005.8623,5110.25,4989.15,5010.08,118653.0,0.0,23.629883,0.0047388184
2026-01-26 16:00:00,5011.1,5189.85,5009.86,5179.16,118750.0,0.0,169.08008,0.03374798
2026-01-27 16:00:00,5173.51,5418.39,5156.59,5414.32,116667.0,0.0,235.15967,0.04540498
2026-01-28 16:00:00,5415.2,5594.77,5109.62,5379.11,108833.0,0.0,-35.20996,-0.006503118
2026-01-29 16:00:00,5381.58,5450.32,4695.23,4894.49,1407.0,0.0,-484.61963,-0.090092905
2026-02-01 16:00:00,4730.21,4883.83,4403.64,4659.35,98994.0,0.0,-235.14014,-0.048041802
2026-02-02 16:00:00,4670.61,4993.17,4664.74,4945.74,114064.0,0.0,286.39014,0.061465684
2026-02-03 16:00:00,4944.54,5091.62,4853.59,4963.54,115036.0,0.0,17.799805,0.0035990174
2026-02-04 16:00:00,4962.94,5023.39,4759.17,4775.63,114018.0,0.0,-187.91016,-0.03785809
2026-02-05 16:00:00,4776.99,4971.42,4654.29,4965.87,708.0,0.0,190.24023,0.03983563
2026-02-08 16:00:00,4982.32,5085.81,4963.84,5057.95,113407.0,0.0,92.08008,0.018542588
2026-02-09 16:00:00,5055.658,5077.99,4985.99,5024.19,112065.0,0.0,-33.760254,-0.0066746906
2026-02-10 16:00:00,5023.64,5118.09,5018.47,5082.49,110416.0,0.0,58.300293,0.011603919
2026-02-11 16:00:00,5081.68,5098.98,4877.59,4920.29,112779.0,0.0,-162.2002,-0.031913526
2026-02-12 16:00:00,4922.39,5045.96,4889.44,5042.38,917.0,0.0,122.08984,0.024813546
2026-02-15 16:00:00,5041.535,5041.535,4965.69,4990.8496,102106.0,0.0,-51.530273,-0.010219435
2026-02-16 16:00:00,4992.18,4999.86,4841.74,4877.7,112743.0,0.0,-113.149414,-0.022671374
2026-02-17 16:00:00,4877.56,5010.63,4853.18,4975.38,110776.0,0.0,97.67969,0.020025767
2026-02-18 16:00:00,4974.12,5021.74,4959.536,4996.14,113161.0,0.0,20.760254,0.0041725966
2026-02-19 16:00:00,4994.17,5107.74,4981.16,5107.1,946.0,0.0,110.95996,0.022209138
2026-02-22 16:00:00,5101.22,5237.54,5100.78,5228.25,112607.0,0.0,121.1499,0.023721857
2026-02-23 16:00:00,5227.5,5248.89,5093.19,5142.61,114107.0,0.0,-85.64014,-0.016380267
2026-02-24 16:00:00,5141.01,5217.48,5126.18,5164.57,113558.0,0.0,21.95996,0.004270198
2026-02-25 16:00:00,5162.07,5205.18,5130.12,5184.04,113319.0,0.0,19.470215,0.0037699586
2026-02-26 16:00:00,5179.9,5280.89,5165.79,5279.13,719.0,0.0,95.08984,0.018342806
2026-03-01 16:00:00,5277.9,5418.5,5260.34,5320.69,110563.0,0.0,41.56006,0.007872521
2026-03-02 16:00:00,5319.97,5379.56,4995.19,5087.3,112364.0,0.0,-233.39014,-0.043864638
2026-03-03 16:00:00,5085.4,5205.56,5082.85,5140.29,116076.0,0.0,52.990234,0.010416181
2026-03-04 16:00:00,5139.44,5194.42,5050.41,5082.49,113694.0,0.0,-57.799805,-0.011244464
2026-03-05 16:00:00,5084.0376,5175.97,5062.09,5171.94,493.0,0.0,89.44971,0.017599583
2026-03-08 16:00:00,5177.45,5196.24,5014.02,5137.58,114428.0,0.0,-34.359863,-0.0066435155
2026-03-09 16:00:00,5138.1,5238.06,5116.79,5190.13,114044.0,0.0,52.549805,0.010228513
2026-03-10 16:00:00,5188.84,5222.9,5149.39,5175.29,115608.0,0.0,-14.839844,-0.0028592432
2026-03-11 16:00:00,5176.18,5191.57,5053.99,5078.09,115702.0,0.0,-97.200195,-0.018781593
2026-03-12 16:00:00,5079.5,5128.01,5009.0366,5017.73,114696.0,0.0,-60.359863,-0.011886332
2026-03-15 16:00:00,5016.26,5037.36,4966.39,5004.91,114506.0,0.0,-12.819824,-0.0025549051
2026-03-16 16:00:00,5005.18,5043.89,4973.39,5006.26,112522.0,0.0,1.3496094,0.00026965706
2026-03-17 16:00:00,5005.56,5015.89,4806.3,4817.49,111762.0,0.0,-188.76953,-0.0377067
2026-03-18 16:00:00,4824.59,4866.48,4501.589,4648.32,114459.0,0.0,-169.17041,-0.03511588
2026-03-19 16:00:00,4648.48,4735.59,4477.18,4494.015,115076.0,0.0,-154.30469,-0.033195797
2026-03-22 16:00:00,4490.0425,4534.89,4097.99,4405.69,111718.0,0.0,-88.325195,-0.019653961
2026-03-23 16:00:00,4412.83,4483.32,4304.99,4472.12,116291.0,0.0,66.430176,0.015078269
2026-03-24 16:00:00,4472.31,4601.84,4455.07,4505.09,118312.0,0.0,32.969727,0.007372281
2026-03-25 16:00:00,4509.79,4543.91,4350.59,4379.32,115430.0,0.0,-125.77002,-0.027917316
2026-03-26 16:00:00,4389.14,4554.09,4374.58,4493.09,115093.0,0.0,113.77002,0.025978925
2026-03-29 16:00:00,4491.9326,4580.13,4418.4365,4510.16,115237.0,0.0,17.070312,0.0037992368
2026-03-30 16:00:00,4510.95,4686.38,4482.19,4668.65,116729.0,0.0,158.48975,0.035140604
2026-03-31 16:00:00,4669.52,4792.88,4660.79,4758.06,118744.0,0.0,89.41016,0.019151181
2026-04-01 16:00:00,4756.28,4799.99,4553.77,4676.29,113910.0,0.0,-81.77002,-0.01718558
2026-04-05 16:00:00,4673.43,4705.9,4600.09,4645.7676,99552.0,0.0,-30.52246,-0.0065270676
2026-04-06 16:00:00,4648.79,4694.27,4607.09,4657.7314,78288.0,0.0,11.963867,0.0025752187
