date,open,high,low,close,volume,settle,change,percent
2006-12-18 16:00:00,135.78827,137.44315,135.65366,137.399,0.0,0.0,0.0,0.0
2006-12-19 16:00:00,137.42107,137.79617,136.5164,136.86723,0.0,0.0,-2.4100342,-0.0038702972
2006-12-20 16:00:00,136.91357,137.31075,136.20528,136.47227,0.0,0.0,-1.789978,-0.0028857116
2006-12-21 16:00:00,136.45021,137.06804,136.27368,137.06804,0.0,0.0,2.7000122,0.00436542
2006-12-24 16:00:00,136.80325,136.91357,136.69293,136.80325,0.0,0.0,-1.2000122,-0.0019317647
2006-12-25 16:00:00,136.80325,138.89943,136.75691,137.77412,0.0,0.0,4.4000244,0.0070968135
2006-12-26 16:00:00,137.75204,138.85309,137.0239,138.12715,0.0,0.0,1.5999756,0.0025624207
2006-12-27 16:00:00,138.4802,140.20128,138.12715,139.95854,0.0,0.0,8.299988,0.013258766
2006-12-28 16:00:00,139.98062,140.39986,139.40692,140.37779,0.0,0.0,1.9000244,0.0029954666
2007-01-01 16:00:00,140.51018,141.4369,140.28952,141.28246,0.0,0.0,4.0999756,0.0064444756
2007-01-02 16:00:00,141.23831,142.3195,137.86017,138.414,0.0,0.0,-13.0,-0.020302983
2007-01-03 16:00:00,138.45813,139.09802,136.93564,137.26662,0.0,0.0,-5.200012,-0.008289514
2007-01-04 16:00:00,137.24455,138.17128,132.72122,133.7362,0.0,0.0,-16.0,-0.025719339
2007-01-07 16:00:00,133.78033,134.64088,133.18459,134.46436,0.0,0.0,3.3000488,0.005444727
2007-01-08 16:00:00,134.50848,135.89859,133.6678,135.36902,0.0,0.0,4.0999756,0.0067278887
2007-01-09 16:00:00,135.34697,135.41316,133.60382,134.86153,0.0,0.0,-2.2999878,-0.0037489613
2007-01-10 16:00:00,134.83946,135.89859,134.3099,134.86153,0.0,0.0,0.0,0.0
2007-01-11 16:00:00,134.8174,138.51329,134.50848,138.06096,754.0,0.0,14.5,0.023723822
2007-01-14 16:00:00,138.06096,138.5464,137.68585,138.17128,702.0,0.0,0.5,0.000799105
2007-01-15 16:00:00,138.12715,138.56845,137.33282,137.92856,0.0,0.0,-1.1000366,-0.0017566857
2007-01-16 16:00:00,137.90651,139.8703,136.78119,139.51505,0.0,0.0,7.1900024,0.011502164
2007-01-17 16:00:00,139.429,140.44398,138.19113,138.32574,0.0,0.0,-5.3899536,-0.008524496
2007-01-18 16:00:00,138.32574,140.39764,138.23747,140.06888,0.0,0.0,7.8999634,0.012601632
2007-01-21 16:00:00,140.16817,141.15007,139.38486,139.71584,0.0,0.0,-1.5999756,-0.0025204404
2007-01-22 16:00:00,139.64964,142.91527,139.64964,142.45189,0.0,0.0,12.399963,0.019583011
2007-01-23 16:00:00,142.45189,143.18005,140.88528,142.93512,0.0,0.0,2.1900024,0.0033921972
2007-01-24 16:00:00,142.8932,144.45982,142.29745,142.47397,0.0,0.0,-2.0899658,-0.0032263016
2007-01-25 16:00:00,142.45189,143.00352,141.34865,142.49603,0.0,0.0,0.099975586,0.00015483287
2007-01-28 16:00:00,142.49603,142.98146,141.37071,141.8782,0.0,0.0,-2.7999878,-0.004335689
2007-01-29 16:00:00,141.8782,142.84908,141.39278,142.56223,0.0,0.0,3.0999756,0.004821113
2007-01-30 16:00:00,142.56223,144.50395,141.6355,144.01852,0.0,0.0,6.6000366,0.010215194
2007-01-31 16:00:00,143.99644,145.96024,143.79787,144.96732,0.0,0.0,4.299988,0.0065880003
2007-02-01 16:00:00,144.90112,145.58513,141.83408,142.87114,0.0,0.0,-9.5,-0.014459665
2007-02-04 16:00:00,142.87114,143.88612,142.5181,143.00352,0.0,0.0,0.5999756,0.0009266032
2007-02-05 16:00:00,142.98146,145.2983,142.9594,144.15091,0.0,0.0,5.200012,0.0080234725
2007-02-06 16:00:00,144.12885,144.87904,143.4007,143.7758,0.0,0.0,-1.7000122,-0.0026021923
2007-02-07 16:00:00,143.79787,145.87198,142.8932,145.541,0.0,0.0,8.0,0.012277471
2007-02-08 16:00:00,145.45274,147.57098,144.92319,147.06349,0.0,0.0,6.9000244,0.0104609225
2007-02-11 16:00:00,147.3062,147.4386,145.541,145.78372,0.0,0.0,-5.799988,-0.008702157
2007-02-12 16:00:00,145.89404,147.68132,145.7396,146.51187,0.0,0.0,3.2999878,0.004994684
2007-02-13 16:00:00,146.57806,148.24397,146.37949,147.50479,0.0,0.0,4.5,0.0067771086
2007-02-14 16:00:00,147.50479,147.96815,146.1147,147.68132,0.0,0.0,0.7999878,0.0011966908
2007-02-15 16:00:00,147.72545,147.73648,146.19193,147.61513,0.0,0.0,-0.2999878,-0.00044821127
2007-02-18 16:00:00,147.61513,148.54185,147.28415,147.90196,0.0,0.0,1.2999878,0.0019431806
2007-02-19 16:00:00,147.99023,148.255,144.61427,145.07764,0.0,0.0,-12.799988,-0.019095909
2007-02-20 16:00:00,145.05559,150.5939,144.94525,149.73335,0.0,0.0,21.099976,0.03209122
2007-02-21 16:00:00,149.7113,150.26292,148.96109,149.40239,0.0,0.0,-1.5,-0.0022104334
2007-02-22 16:00:00,149.44652,151.87367,148.43153,150.70422,0.0,0.0,5.9000244,0.008713668
2007-02-25 16:00:00,150.32912,152.18259,150.32912,151.36618,0.0,0.0,3.0,0.0043923864
2007-02-26 16:00:00,151.38824,151.96193,145.40862,146.37949,0.0,0.0,-22.599976,-0.03294457
2007-02-27 16:00:00,146.44568,149.46858,145.87198,147.68132,0.0,0.0,5.8999634,0.008893523
2007-02-28 16:00:00,147.72545,149.44652,145.89404,146.4898,0.0,0.0,-5.3999634,-0.008068076
2007-03-01 16:00:00,146.46774,146.84285,141.03973,141.74582,0.0,0.0,-21.5,-0.032384396
2007-03-04 16:00:00,141.9444,142.29745,139.71584,140.37779,0.0,0.0,-6.200012,-0.009651327
2007-03-05 16:00:00,140.35571,142.8932,139.51724,142.67255,0.0,0.0,10.399963,0.016347002
2007-03-06 16:00:00,142.65048,143.75374,141.78995,143.24625,0.0,0.0,2.6000366,0.00402109
2007-03-07 16:00:00,143.22417,144.68047,142.78287,143.79787,0.0,0.0,2.5,0.0038508934
2007-03-08 16:00:00,143.86406,145.18797,143.09178,143.7074,0.0,0.0,-0.41003418,-0.00062917627
2007-03-11 16:00:00,143.31244,144.28331,142.40778,143.55515,0.0,0.0,-0.69000244,-0.0010594396
2007-03-12 16:00:00,143.53308,143.95233,141.59137,141.8782,0.0,0.0,-7.5999756,-0.011681488
2007-03-13 16:00:00,141.83408,142.49603,140.42192,142.01059,0.0,0.0,0.5999756,0.000933088
2007-03-14 16:00:00,142.05473,143.44482,141.8782,142.56223,0.0,0.0,2.5,0.0038844005
2007-03-15 16:00:00,142.58429,144.6584,142.47397,144.06265,0.0,0.0,6.800049,0.010524763
2007-03-18 16:00:00,144.37155,144.80183,143.81772,144.2171,0.0,0.0,0.6999512,0.0010720649
2007-03-19 16:00:00,144.23917,145.87198,143.95233,145.14383,0.0,0.0,4.200012,0.0064259674
2007-03-20 16:00:00,145.18797,146.64426,144.90112,146.44568,0.0,0.0,5.9000244,0.008969329
2007-03-21 16:00:00,146.57806,147.10762,146.02643,146.3574,0.0,0.0,-0.4000244,-0.00060271873
2007-03-22 16:00:00,146.37949,146.71046,144.50395,144.94525,0.0,0.0,-6.3999634,-0.009648671
2007-03-25 16:00:00,144.94525,146.75458,144.92319,146.40155,0.0,0.0,6.5999756,0.010047154
2007-03-26 16:00:00,146.4236,146.8649,145.9161,146.6222,0.0,0.0,1.0,0.001507159
2007-03-27 16:00:00,146.60013,147.72545,146.3574,146.90904,0.0,0.0,1.2999878,0.0019563397
2007-03-28 16:00:00,146.9973,146.9973,144.48189,145.96024,0.0,0.0,-4.299988,-0.006458378
2007-03-29 16:00:00,145.9161,147.3724,145.71753,146.3574,0.0,0.0,1.7999878,0.00272107
2007-04-01 16:00:00,146.6222,147.01936,144.76872,146.51187,0.0,0.0,0.7000122,0.0010553478
2007-04-02 16:00:00,146.57806,147.28415,146.02643,146.51187,0.0,0.0,0.0,0.0
2007-04-03 16:00:00,146.64426,149.11554,146.31328,148.54185,0.0,0.0,9.200012,0.01385544
2007-04-04 16:00:00,148.74043,149.02728,148.12262,148.76251,0.0,0.0,1.0,0.0014854426
2007-04-05 16:00:00,148.60805,148.76251,148.44257,148.71837,0.0,0.0,-0.2000122,-0.00029666597
2007-04-08 16:00:00,148.16675,149.55684,147.67029,148.21088,0.0,0.0,-2.2999878,-0.0034124448
2007-04-09 16:00:00,148.05643,150.37325,147.96815,149.22586,0.0,0.0,4.5999756,0.006848259
2007-04-10 16:00:00,149.27,150.19673,148.71837,149.35826,0.0,0.0,0.6000366,0.0008872344
2007-04-11 16:00:00,149.38033,149.99814,148.03436,149.15967,0.0,0.0,-0.9000244,-0.0013296268
2007-04-12 16:00:00,149.15967,151.32205,149.02728,151.16759,0.0,0.0,9.099976,0.013461502
2007-04-15 16:00:00,151.58682,152.46944,150.6601,152.20465,0.0,0.0,4.700012,0.0068603302
2007-04-16 16:00:00,152.24878,152.4253,151.32205,151.5427,0.0,0.0,-3.0,-0.004349087
2007-04-17 16:00:00,151.45444,152.40324,151.12347,152.1605,0.0,0.0,2.7999878,0.0040768604
2007-04-18 16:00:00,152.1164,152.60182,149.75543,150.96901,0.0,0.0,-5.3999634,-0.007830573
2007-04-19 16:00:00,150.30705,153.04312,150.28499,152.66801,0.0,0.0,7.700012,0.011254037
2007-04-22 16:00:00,152.69008,153.04312,151.49857,152.07227,0.0,0.0,-2.7000122,-0.0039023156
2007-04-23 16:00:00,152.09431,152.62389,150.1526,150.85869,0.0,0.0,-5.5,-0.007980267
2007-04-24 16:00:00,150.7925,151.5427,150.43944,151.21172,0.0,0.0,1.5999756,0.002340172
2007-04-25 16:00:00,151.21172,151.56477,148.05643,148.8287,0.0,0.0,-10.799988,-0.015759503
2007-04-26 16:00:00,148.85075,150.43944,147.99023,150.30705,0.0,0.0,6.700012,0.009933302
2007-04-29 16:00:00,150.3512,150.3512,149.07141,149.60097,0.0,0.0,-3.2000122,-0.00469761
2007-04-30 16:00:00,149.62303,149.89885,148.16675,148.54185,0.0,0.0,-4.799988,-0.007079628
2007-05-01 16:00:00,148.56392,148.93903,147.24,148.36534,0.0,0.0,-0.7999878,-0.0011883359
2007-05-02 16:00:00,148.34326,150.63803,148.21088,150.48358,0.0,0.0,9.599976,0.014277179
2007-05-03 16:00:00,150.48358,152.39221,150.02022,151.82954,0.0,0.0,6.0999756,0.008944246
2007-05-06 16:00:00,151.89574,152.4253,151.45444,151.82954,0.0,0.0,0.0,0.0
2007-05-07 16:00:00,151.9178,151.984,150.43944,151.16759,0.0,0.0,-3.0,-0.0043598316
2007-05-08 16:00:00,151.0352,151.49857,149.02728,150.08641,0.0,0.0,-4.8999634,-0.007152187
2007-05-09 16:00:00,150.02022,150.24086,146.53394,146.97523,0.0,0.0,-14.100037,-0.020729251
2007-05-10 16:00:00,147.24,148.43153,147.11865,147.90196,0.0,0.0,4.200012,0.006305378
2007-05-13 16:00:00,148.14468,148.91696,146.97523,147.52686,0.0,0.0,-1.7000122,-0.002536196
2007-05-14 16:00:00,147.61513,148.60805,146.6222,148.54185,0.0,0.0,4.6000366,0.0068801027
2007-05-15 16:00:00,148.23294,148.54185,145.49689,145.93819,0.0,0.0,-11.799988,-0.017528204
2007-05-16 16:00:00,146.00438,146.6222,144.17297,144.96732,0.0,0.0,-4.4000244,-0.0066525918
2007-05-17 16:00:00,145.07764,146.22502,144.63634,145.82785,0.0,0.0,3.9000244,0.0059361104
2007-05-20 16:00:00,145.84991,146.44568,144.87904,146.20296,0.0,0.0,1.6999512,0.002572176
2007-05-21 16:00:00,146.24709,146.77666,145.14383,145.47481,0.0,0.0,-3.2999878,-0.004980362
2007-05-22 16:00:00,145.43068,146.66632,144.96732,146.09262,0.0,0.0,2.7999878,0.00424691
2007-05-23 16:00:00,145.87198,146.20296,143.70961,144.12885,0.0,0.0,-8.899963,-0.013442024
2007-05-24 16:00:00,144.23917,144.92319,144.08472,144.71356,0.0,0.0,2.6499634,0.004056894
2007-05-27 16:00:00,144.52602,144.86803,144.39363,144.59221,0.0,0.0,-0.5499878,-0.0008385878
2007-05-28 16:00:00,144.6253,146.04851,144.3495,144.92319,0.0,0.0,1.5,0.002289028
2007-05-29 16:00:00,144.90112,145.36449,143.7758,144.10678,0.0,0.0,-3.7000122,-0.005633393
2007-05-30 16:00:00,143.96336,145.89404,143.96336,145.83888,0.0,0.0,7.8500366,0.012019656
2007-05-31 16:00:00,145.76166,148.08952,145.65132,148.03436,0.0,0.0,9.950012,0.015054107
2007-06-03 16:00:00,148.10056,148.10056,147.96815,147.9792,0.0,0.0,-0.25,-0.00037263377
2007-06-04 16:00:00,148.05643,148.05643,147.70338,147.8137,0.0,0.0,-0.75,-0.0011183181
2007-06-05 16:00:00,147.74751,148.01228,146.64426,147.90196,0.0,0.0,0.39996338,0.00059704937
2007-06-06 16:00:00,147.8137,147.8137,145.38632,145.60698,0.0,0.0,-10.401001,-0.015516935
2007-06-07 16:00:00,145.541,145.89404,142.05252,142.98146,0.0,0.0,-11.898987,-0.018031528
2007-06-10 16:00:00,143.20212,144.50395,143.13593,144.08472,0.0,0.0,5.0,0.0077160494
2007-06-11 16:00:00,144.04059,144.4157,142.40778,142.73875,0.0,0.0,-6.0999756,-0.009341463
2007-06-12 16:00:00,142.84908,144.01852,141.85616,143.57722,0.0,0.0,3.7999878,0.00587415
2007-06-13 16:00:00,143.64342,144.36935,142.47397,143.68755,0.0,0.0,0.5,0.00076840323
2007-06-14 16:00:00,143.81993,144.68047,143.31244,144.43774,0.0,0.0,3.3999634,0.005221074
2007-06-17 16:00:00,144.70253,145.43068,144.37155,144.6584,0.0,0.0,1.0,0.0015276505
2007-06-18 16:00:00,144.74666,146.09262,144.12885,145.76166,0.0,0.0,5.0,0.007626602
2007-06-19 16:00:00,145.84991,145.9823,143.9082,144.32742,0.0,0.0,-6.5,-0.00983954
2007-06-20 16:00:00,144.28331,144.857,142.87114,143.7758,0.0,0.0,-2.5,-0.0038220456
2007-06-21 16:00:00,143.73167,144.83493,143.46689,144.32742,0.0,0.0,2.5,0.0038367098
2007-06-24 16:00:00,144.02956,144.30536,143.13593,143.68755,0.0,0.0,-2.8999634,-0.004433517
2007-06-25 16:00:00,143.73167,143.81772,141.1942,141.41486,0.0,0.0,-10.299988,-0.015816934
2007-06-26 16:00:00,141.23831,142.27316,140.97356,141.65756,0.0,0.0,1.0999756,0.0017162983
2007-06-27 16:00:00,141.96648,143.35657,141.4369,142.98146,0.0,0.0,6.0,0.009345794
2007-06-28 16:00:00,143.00352,143.95233,142.56223,143.18005,0.0,0.0,0.9000244,0.0013889265
2007-07-01 16:00:00,143.58826,145.36449,143.00352,144.87904,0.0,0.0,7.699951,0.01186616
2007-07-02 16:00:00,144.87904,145.21002,143.81993,144.08472,0.0,0.0,-3.5999756,-0.0054827533
2007-07-03 16:00:00,144.03838,144.47968,143.99644,144.26123,0.0,0.0,0.7999878,0.0012250962
2007-07-04 16:00:00,144.23917,144.857,142.42984,143.29037,0.0,0.0,-4.3999634,-0.006729831
2007-07-05 16:00:00,143.24625,144.70253,142.27316,144.63634,0.0,0.0,6.0999756,0.009393248
2007-07-08 16:00:00,144.81285,146.29121,144.17297,145.65132,0.0,0.0,4.5999756,0.0070175068
2007-07-09 16:00:00,145.62927,146.71046,145.32036,146.31328,0.0,0.0,3.0,0.004544766
2007-07-10 16:00:00,146.3574,146.9311,145.56308,145.62927,0.0,0.0,-3.0999756,-0.004674975
2007-07-11 16:00:00,145.7396,147.63718,145.65132,147.15176,0.0,0.0,6.9000244,0.010454582
2007-07-12 16:00:00,147.15176,147.50479,146.31328,147.06349,0.0,0.0,-0.4000244,-0.0005998267
2007-07-15 16:00:00,147.10762,147.52686,146.3574,146.64426,0.0,0.0,-1.9000244,-0.0028507493
2007-07-16 16:00:00,146.64426,147.21796,146.07057,146.60013,0.0,0.0,-0.19995117,-0.00030085942
2007-07-17 16:00:00,146.60013,148.74043,146.556,148.40945,0.0,0.0,8.199951,0.012341889
2007-07-18 16:00:00,148.43153,149.51271,148.05643,149.49065,0.0,0.0,4.9000244,0.0072851987
2007-07-19 16:00:00,149.49065,151.52063,148.93903,150.70422,0.0,0.0,5.5,0.008118081
2007-07-22 16:00:00,150.74835,151.12347,150.07538,150.26292,0.0,0.0,-2.0,-0.0029282577
2007-07-23 16:00:00,150.3512,151.76335,150.1526,150.32912,0.0,0.0,0.2999878,0.00044051072
2007-07-24 16:00:00,150.30705,150.43944,147.94609,148.91696,0.0,0.0,-6.3999634,-0.009393753
2007-07-25 16:00:00,148.91696,149.29205,145.60721,146.09262,0.0,0.0,-12.800049,-0.018965844
2007-07-26 16:00:00,146.22502,147.17381,144.857,145.80579,0.0,0.0,-1.2999878,-0.0019634312
2007-07-29 16:00:00,145.93819,146.8649,145.93819,146.64426,0.0,0.0,3.7999878,0.0057505867
2007-07-30 16:00:00,146.68817,146.88698,146.3572,146.4236,0.0,0.0,-1.0,-0.0015046645
2007-07-31 16:00:00,146.40155,147.19588,145.40862,147.10762,0.0,0.0,3.1000366,0.0046715443
2007-08-01 16:00:00,147.19588,147.22899,146.15883,146.64426,0.0,0.0,-2.1000366,-0.0031498973
2007-08-02 16:00:00,146.7987,148.76251,146.68839,148.40945,0.0,0.0,8.0,0.012037316
2007-08-05 16:00:00,148.40945,148.91696,147.57098,148.16675,0.0,0.0,-1.0999756,-0.0016354083
2007-08-06 16:00:00,148.21088,148.38739,146.97523,148.255,0.0,0.0,0.4000244,0.0005957177
2007-08-07 16:00:00,148.23294,149.29205,147.72545,148.78456,0.0,0.0,2.3999634,0.0035719054
2007-08-08 16:00:00,148.80664,148.85075,145.43068,145.89404,0.0,0.0,-13.099976,-0.01942752
2007-08-09 16:00:00,145.96024,149.27,145.18797,148.38739,0.0,0.0,11.299988,0.017090121
2007-08-12 16:00:00,148.23294,148.36534,147.41653,147.63718,0.0,0.0,-3.4000244,-0.005055798
2007-08-13 16:00:00,147.57098,148.14468,146.8649,147.63718,0.0,0.0,0.0,0.0
2007-08-14 16:00:00,147.63718,148.10056,146.07057,147.26208,0.0,0.0,-1.6999512,-0.0025406536
2007-08-15 16:00:00,147.17381,147.3724,141.45897,143.95233,0.0,0.0,-15.0,-0.022475276
2007-08-16 16:00:00,143.73167,146.4898,142.42984,145.05559,0.0,0.0,5.0,0.0076640095
2007-08-19 16:00:00,145.47481,145.7396,144.10678,145.14383,0.0,0.0,0.39996338,0.00060840184
2007-08-20 16:00:00,145.2321,145.65132,144.32742,144.81285,0.0,0.0,-1.5,-0.0022803284
2007-08-21 16:00:00,144.98938,146.02643,144.4157,145.40862,0.0,0.0,2.7000122,0.004113991
2007-08-22 16:00:00,145.71753,146.69942,145.24313,145.41965,0.0,0.0,0.049987793,7.585401e-05
2007-08-23 16:00:00,145.61824,147.63718,145.02248,147.35034,0.0,0.0,8.75,0.013276686
2007-08-26 16:00:00,147.39447,147.48274,146.82079,147.21796,0.0,0.0,-0.5999756,-0.00089843606
2007-08-27 16:00:00,147.10762,147.46066,146.02643,146.1809,0.0,0.0,-4.700012,-0.007044383
2007-08-28 16:00:00,146.07057,147.59306,145.87198,147.17381,0.0,0.0,4.5,0.0067924527
2007-08-29 16:00:00,147.24,147.32828,146.31328,146.73251,0.0,0.0,-2.0,-0.0029985008
2007-08-30 16:00:00,146.64426,148.91696,146.57806,148.47566,0.0,0.0,7.9000244,0.011879736
2007-09-02 16:00:00,148.49773,148.65218,148.05643,148.29913,0.0,0.0,-0.8000488,-0.0011889564
2007-09-03 16:00:00,148.38739,150.7925,148.10056,150.46152,0.0,0.0,9.800049,0.014581237
2007-09-04 16:00:00,150.50563,150.74835,149.64511,150.37325,0.0,0.0,-0.4000244,-0.00058663206
2007-09-05 16:00:00,150.39531,153.96985,150.20776,153.37408,0.0,0.0,13.599976,0.019955944
2007-09-06 16:00:00,153.57268,156.0219,152.66801,154.67593,0.0,0.0,5.9000244,0.008488023
2007-09-09 16:00:00,154.49942,155.93364,154.21257,155.0731,0.0,0.0,1.7999878,0.002567743
2007-09-10 16:00:00,155.05104,157.58852,154.89659,157.10309,0.0,0.0,9.200012,0.013090513
2007-09-11 16:00:00,157.05896,157.61058,155.6468,157.01482,0.0,0.0,-0.4000244,-0.00056183204
2007-09-12 16:00:00,156.86038,157.12515,155.2055,156.26462,0.0,0.0,-3.3999634,-0.004777914
2007-09-13 16:00:00,156.22049,158.25047,155.29375,156.0219,0.0,0.0,-1.1000366,-0.0015532853
2007-09-16 16:00:00,155.88951,158.86829,155.86745,158.2946,0.0,0.0,10.300049,0.014566609
2007-09-17 16:00:00,158.20634,160.41284,157.01482,159.59644,0.0,0.0,5.8999634,0.0082240915
2007-09-18 16:00:00,159.68471,160.1922,158.84624,159.15514,0.0,0.0,-2.0,-0.0027651044
2007-09-19 16:00:00,159.13307,162.92827,159.04482,161.73674,0.0,0.0,11.700012,0.01622073
2007-09-20 16:00:00,161.86913,163.14891,160.32458,161.3175,0.0,0.0,-1.9000244,-0.0025921206
2007-09-23 16:00:00,161.18512,162.44283,160.1922,161.0748,0.0,0.0,-1.0999756,-0.0015045488
2007-09-24 16:00:00,161.11893,161.86913,159.33165,161.29544,0.0,0.0,1.0,0.001369863
2007-09-25 16:00:00,161.3175,162.55316,160.28046,160.5673,0.0,0.0,-3.2999878,-0.0045143473
2007-09-26 16:00:00,160.54523,162.37663,160.36871,161.97946,0.0,0.0,6.3999634,0.008794783
2007-09-27 16:00:00,161.91327,164.53902,161.78088,163.98738,0.0,0.0,9.100037,0.012396182
2007-09-30 16:00:00,164.11977,164.96928,163.47989,164.78172,0.0,0.0,3.5999756,0.004843885
2007-10-01 16:00:00,164.78172,164.84792,159.8171,161.3175,0.0,0.0,-15.700012,-0.021023048
2007-10-02 16:00:00,161.4499,162.42076,160.21425,160.52316,0.0,0.0,-3.5999756,-0.004924054
2007-10-03 16:00:00,160.67763,162.88412,159.00067,162.70761,0.0,0.0,9.900024,0.013608281
2007-10-04 16:00:00,162.70761,164.20804,160.39078,163.78879,0.0,0.0,4.8999634,0.006644919
2007-10-07 16:00:00,163.524,163.78879,161.3175,161.71469,0.0,0.0,-9.399963,-0.012663295
2007-10-08 16:00:00,161.69261,163.36957,160.34665,162.75174,0.0,0.0,4.699951,0.0064128134
2007-10-09 16:00:00,162.79587,164.58315,162.6414,163.41368,0.0,0.0,3.0,0.0040672454
2007-10-10 16:00:00,163.32544,166.28214,163.25925,164.91412,0.0,0.0,6.800049,0.009181811
2007-10-11 16:00:00,164.95824,165.97324,164.34042,165.37747,0.0,0.0,2.0999756,0.0028097078
2007-10-14 16:00:00,165.02444,167.67224,164.91412,167.4516,0.0,0.0,9.400024,0.012541727
2007-10-15 16:00:00,167.42952,169.2168,166.23802,167.73843,0.0,0.0,1.2999878,0.0017129895
2007-10-16 16:00:00,167.80463,168.7755,165.86292,166.50279,0.0,0.0,-5.6000366,-0.0073665306
2007-10-17 16:00:00,166.59105,169.59189,166.52486,169.06235,0.0,0.0,11.600037,0.015372432
2007-10-18 16:00:00,169.39333,170.07733,167.2861,168.75343,0.0,0.0,-1.4000244,-0.001827231
2007-10-21 16:00:00,169.15059,169.50365,164.40662,166.3704,0.0,0.0,-10.799988,-0.014121323
2007-10-22 16:00:00,166.41454,167.8929,166.01736,167.53986,0.0,0.0,5.299988,0.0070291613
2007-10-23 16:00:00,167.49571,168.5769,166.32628,168.44452,0.0,0.0,4.1000366,0.0053997585
2007-10-24 16:00:00,168.42245,169.76843,168.04735,169.6581,0.0,0.0,5.5,0.007204611
2007-10-25 16:00:00,169.63603,173.36502,169.48157,173.14438,0.0,0.0,15.799988,0.020548819
2007-10-28 16:00:00,173.74013,175.32881,173.23262,174.53447,0.0,0.0,6.299988,0.0080285305
2007-10-29 16:00:00,174.49034,174.79926,171.90872,172.3721,0.0,0.0,-9.799988,-0.012389365
2007-10-30 16:00:00,172.4383,175.90251,171.37917,175.52739,0.0,0.0,14.299988,0.018305156
2007-10-31 16:00:00,175.48326,176.36586,172.94579,173.76219,0.0,0.0,-8.0,-0.010056568
2007-11-01 16:00:00,173.78426,178.21933,173.65187,177.97661,0.0,0.0,19.099976,0.024253936
2007-11-04 16:00:00,178.1752,179.0578,176.63065,177.88835,0.0,0.0,-0.39996338,-0.0004958634
2007-11-05 16:00:00,177.88835,181.99245,177.82217,181.52908,0.0,0.0,16.5,0.020466385
2007-11-06 16:00:00,181.88213,186.55992,181.3967,182.96332,0.0,0.0,6.5,0.0079008145
2007-11-07 16:00:00,183.05157,186.55992,181.68355,183.82385,0.0,0.0,3.8999634,0.0047032842
2007-11-08 16:00:00,183.91211,185.10362,182.4117,183.2943,0.0,0.0,-2.3999634,-0.0028807628
2007-11-11 16:00:00,183.25017,183.40462,174.64479,175.13023,0.0,0.0,-37.0,-0.044540748
2007-11-12 16:00:00,175.13023,178.46205,174.40208,176.76303,0.0,0.0,7.3999634,0.009323375
2007-11-13 16:00:00,176.96162,180.02867,176.25554,179.21227,0.0,0.0,11.100037,0.013855994
2007-11-14 16:00:00,179.16812,180.51408,172.62584,173.80632,0.0,0.0,-24.5,-0.030164983
2007-11-15 16:00:00,173.89458,175.9687,172.90166,173.43121,0.0,0.0,-1.7000122,-0.0021581976
2007-11-18 16:00:00,173.65187,175.17436,170.98201,172.35002,0.0,0.0,-4.9000244,-0.0062341276
2007-11-19 16:00:00,172.3721,177.8001,170.4745,176.98369,0.0,0.0,21.0,0.026885163
2007-11-20 16:00:00,177.00575,178.10901,175.28468,176.45413,0.0,0.0,-2.3999634,-0.0029921
2007-11-21 16:00:00,176.4762,177.71184,176.05696,177.33673,0.0,0.0,4.0,0.0050018756
2007-11-22 16:00:00,177.40292,182.19104,177.09401,181.59528,0.0,0.0,19.299988,0.02401392
2007-11-25 16:00:00,181.59528,184.64026,181.15398,181.61734,0.0,0.0,0.099975586,0.00012147702
2007-11-26 16:00:00,181.50702,182.96332,178.15314,179.32259,0.0,0.0,-10.399963,-0.0126351155
2007-11-27 16:00:00,179.21227,179.96246,174.55653,177.51324,0.0,0.0,-8.200012,-0.010089839
2007-11-28 16:00:00,177.42499,178.28552,174.77718,174.97577,0.0,0.0,-11.5,-0.014294593
2007-11-29 16:00:00,174.64479,176.34381,171.82048,172.50449,0.0,0.0,-11.200012,-0.014123597
2007-12-02 16:00:00,172.76927,175.28468,171.37917,175.17436,0.0,0.0,12.100037,0.015477152
2007-12-03 16:00:00,175.15228,177.7339,173.5636,176.65271,0.0,0.0,6.699951,0.0084392885
2007-12-04 16:00:00,176.76303,177.99869,174.55653,175.37294,0.0,0.0,-5.799988,-0.0072445516
2007-12-05 16:00:00,175.30675,177.7339,173.21057,176.69684,0.0,0.0,6.0,0.007549069
2007-12-06 16:00:00,176.69684,177.66771,174.53447,175.54945,0.0,0.0,-5.200012,-0.006493522
2007-12-09 16:00:00,175.57153,179.19019,175.17436,178.21933,0.0,0.0,12.100037,0.015208694
2007-12-10 16:00:00,178.26347,179.4329,175.65977,175.68185,0.0,0.0,-11.5,-0.01423796
2007-12-11 16:00:00,175.81424,180.27138,175.79218,179.4329,0.0,0.0,17.0,0.02135142
2007-12-12 16:00:00,179.41084,179.45497,174.66685,175.88043,0.0,0.0,-16.100037,-0.019798372
2007-12-13 16:00:00,175.85837,177.2926,173.78426,175.19643,0.0,0.0,-3.0999756,-0.0038890676
2007-12-16 16:00:00,175.06404,176.23347,173.21057,175.08609,0.0,0.0,-0.5,-0.0006297229
2007-12-17 16:00:00,175.15228,177.91042,174.31381,176.9175,0.0,0.0,8.299988,0.010459972
2007-12-18 16:00:00,177.00575,177.51324,175.9687,176.96162,0.0,0.0,0.2000122,0.000249454
2007-12-19 16:00:00,177.09401,177.22641,174.99783,175.70392,0.0,0.0,-5.700012,-0.007107247
2007-12-20 16:00:00,175.50534,179.21227,175.50534,178.70477,0.0,0.0,13.600037,0.017079037
2007-12-23 16:00:00,178.99161,179.9404,178.28552,179.124,0.0,0.0,1.8999634,0.0023459233
2007-12-24 16:00:00,178.72682,178.72682,177.34776,177.97661,0.0,0.0,-5.200012,-0.0064055338
2007-12-25 16:00:00,178.6165,182.2793,178.21933,181.9042,0.0,0.0,17.800049,0.022068001
2007-12-26 16:00:00,181.838,183.40462,181.22017,182.03659,0.0,0.0,0.5999756,0.0007277724
2007-12-27 16:00:00,182.12485,185.34634,181.9042,185.16982,0.0,0.0,14.200012,0.017212136
2007-12-30 16:00:00,185.8759,186.00829,183.0957,183.86798,0.0,0.0,-5.9000244,-0.007030534
2008-01-01 16:00:00,184.08862,190.00206,183.89005,189.16359,0.0,0.0,24.0,0.028801152
2008-01-02 16:00:00,189.20772,191.76726,188.2148,190.59782,0.0,0.0,6.5,0.0075819436
2008-01-03 16:00:00,190.55368,191.67902,188.47958,190.00206,0.0,0.0,-2.7000122,-0.0031257377
2008-01-06 16:00:00,189.7814,190.8626,188.67816,189.29599,0.0,0.0,-3.1999512,-0.0037161205
2008-01-07 16:00:00,189.25186,194.41507,188.98708,193.73105,0.0,0.0,20.099976,0.023429275
2008-01-08 16:00:00,193.64279,196.70984,192.3189,193.79724,0.0,0.0,0.2999878,0.00034167175
2008-01-09 16:00:00,193.77519,197.46005,191.08325,197.1732,0.0,0.0,15.299988,0.017420003
2008-01-10 16:00:00,197.26146,198.14406,195.75002,197.65863,0.0,0.0,2.2000122,0.0024619654
2008-01-13 16:00:00,198.0558,201.67447,196.66571,199.3135,0.0,0.0,7.5,0.008372405
2008-01-14 16:00:00,199.3797,201.69653,195.7831,196.00375,0.0,0.0,-15.0,-0.01660578
2008-01-15 16:00:00,196.11407,198.4971,192.80432,193.3339,0.0,0.0,-12.099976,-0.013621497
2008-01-16 16:00:00,193.5766,196.40092,192.98083,193.709,0.0,0.0,1.7000122,0.0019402102
2008-01-17 16:00:00,193.73105,196.02582,191.96585,195.07701,0.0,0.0,6.199951,0.007062252
2008-01-20 16:00:00,195.07701,195.07701,189.71521,191.08325,0.0,0.0,-18.099976,-0.02047277
2008-01-21 16:00:00,191.08325,197.37178,187.39839,196.77603,0.0,0.0,25.799988,0.029792134
2008-01-22 16:00:00,196.73189,197.65863,193.3339,196.51125,0.0,0.0,-1.2000122,-0.0013456069
2008-01-23 16:00:00,196.46713,201.54208,196.10304,201.2773,0.0,0.0,21.600037,0.024253353
2008-01-24 16:00:00,201.32144,203.77065,199.8872,200.81393,0.0,0.0,-2.1000366,-0.0023021668
2008-01-27 16:00:00,201.98338,205.0725,201.54208,204.54292,0.0,0.0,16.900024,0.018569415
2008-01-28 16:00:00,204.54292,205.93301,202.86598,203.72652,0.0,0.0,-3.7000122,-0.003991383
2008-01-29 16:00:00,203.81479,206.6391,202.04958,204.91803,0.0,0.0,5.4000244,0.005848613
2008-01-30 16:00:00,204.69739,204.91803,202.64534,204.07956,0.0,0.0,-3.7999878,-0.004091728
2008-01-31 16:00:00,203.88098,206.68324,199.53416,200.43883,0.0,0.0,-16.5,-0.017839765
2008-02-03 16:00:00,199.5783,201.36555,196.74294,199.3135,0.0,0.0,-5.1000366,-0.005614307
2008-02-04 16:00:00,199.26938,200.08578,195.09909,195.95963,0.0,0.0,-15.200012,-0.016827203
2008-02-05 16:00:00,196.13615,200.24025,195.4742,198.80602,0.0,0.0,12.900024,0.014525419
2008-02-06 16:00:00,198.58536,201.05666,197.76895,200.96838,0.0,0.0,9.799988,0.01087679
2008-02-07 16:00:00,200.94632,203.02043,200.1961,202.55707,0.0,0.0,7.200012,0.007905152
2008-02-10 16:00:00,203.21902,204.56499,202.03854,203.6162,0.0,0.0,4.799988,0.005228745
2008-02-11 16:00:00,203.41762,204.0575,199.137,199.97546,0.0,0.0,-16.5,-0.017880365
2008-02-12 16:00:00,200.01959,200.96838,197.7469,199.7548,0.0,0.0,-1.0,-0.0011033874
2008-02-13 16:00:00,199.71068,201.6524,198.91634,200.21819,0.0,0.0,2.1000366,0.0023197136
2008-02-14 16:00:00,200.35057,201.98338,198.09993,199.0708,0.0,0.0,-5.200012,-0.0057306723
2008-02-17 16:00:00,199.20319,200.28438,198.60742,199.7548,0.0,0.0,3.0999756,0.003436018
2008-02-18 16:00:00,199.79893,205.40347,199.63345,204.60912,0.0,0.0,22.0,0.024301337
2008-02-19 16:00:00,204.6312,208.69115,201.45383,208.29398,0.0,0.0,16.700012,0.018009288
2008-02-20 16:00:00,207.91887,210.4343,207.34518,208.69115,0.0,0.0,1.7999878,0.0019067667
2008-02-21 16:00:00,208.6691,209.57375,206.37431,208.5367,0.0,0.0,-0.7000122,-0.0007401271
2008-02-24 16:00:00,208.64702,210.03712,205.77856,206.94801,0.0,0.0,-7.199951,-0.00761819
2008-02-25 16:00:00,206.99214,209.66202,204.41054,209.24278,0.0,0.0,10.399963,0.011088563
2008-02-26 16:00:00,209.26485,212.86145,209.26485,211.51547,0.0,0.0,10.299988,0.010861529
2008-02-27 16:00:00,211.40515,214.53839,210.27983,213.94263,0.0,0.0,11.0,0.0114750685
2008-02-28 16:00:00,214.0309,215.3548,212.77318,214.75903,0.0,0.0,3.7000122,0.0038160193
2008-03-02 16:00:00,214.75903,218.31151,214.69284,216.98761,0.0,0.0,10.100037,0.010377105
2008-03-03 16:00:00,217.09795,218.02466,210.98592,212.77318,0.0,0.0,-19.100037,-0.01942245
2008-03-04 16:00:00,212.79526,219.03966,211.64787,218.22325,0.0,0.0,24.700012,0.025614448
2008-03-05 16:00:00,218.17912,218.90726,212.86145,215.31067,0.0,0.0,-13.200012,-0.013346828
2008-03-06 16:00:00,215.3548,218.13498,213.89851,214.53839,0.0,0.0,-3.5,-0.0035868005
2008-03-09 16:00:00,214.56046,216.36978,211.93471,214.69284,0.0,0.0,0.7000122,0.00071995496
2008-03-10 16:00:00,214.7149,217.47304,212.81732,214.78111,0.0,0.0,0.4000244,0.00041112478
2008-03-12 16:00:00,217.0538,220.60628,216.52425,219.19412,0.0,0.0,20.0,0.020546537
2008-03-13 16:00:00,219.19412,222.28322,218.53217,220.87105,0.0,0.0,7.5999756,0.0076504685
2008-03-16 16:00:00,221.99637,227.73106,219.17204,221.533,0.0,0.0,3.0,0.002997003
2008-03-17 16:00:00,221.5992,223.38647,215.44305,216.98761,0.0,0.0,-20.599976,-0.020517904
2008-03-18 16:00:00,217.00967,220.0326,206.85976,208.07333,0.0,0.0,-40.400024,-0.041081984
2008-03-19 16:00:00,208.16159,208.9118,199.61139,200.7036,0.0,0.0,-33.400024,-0.0354189
2008-03-20 16:00:00,201.01251,202.86598,201.01251,202.79977,0.0,0.0,9.5,0.010444151
2008-03-23 16:00:00,202.79977,204.58705,199.90927,201.23317,0.0,0.0,-7.0999756,-0.007724922
2008-03-24 16:00:00,201.40968,207.56584,201.05666,207.14659,0.0,0.0,26.799988,0.029385952
2008-03-25 16:00:00,207.0804,210.65494,206.15367,210.58875,0.0,0.0,15.600037,0.016616996
2008-03-26 16:00:00,210.52255,210.65494,207.43344,209.57375,0.0,0.0,-4.6000366,-0.00481982
2008-03-27 16:00:00,209.52962,209.81648,203.6162,205.42552,0.0,0.0,-18.799988,-0.019793628
2008-03-30 16:00:00,204.74152,207.58789,201.2773,201.96132,0.0,0.0,-15.700012,-0.016863601
2008-03-31 16:00:00,202.04958,203.1087,192.49542,194.8343,0.0,0.0,-32.299988,-0.035288963
2008-04-01 16:00:00,195.0329,199.8872,194.393,199.40178,0.0,0.0,20.700012,0.023442822
2008-04-02 16:00:00,199.00461,200.54916,195.89343,199.29144,0.0,0.0,-0.5,-0.00055328093
2008-04-03 16:00:00,199.3135,201.76274,198.40884,201.54208,0.0,0.0,10.200012,0.011293193
2008-04-06 16:00:00,201.96132,205.0725,200.90219,203.02043,0.0,0.0,6.699951,0.007335177
2008-04-07 16:00:00,203.04251,204.25609,200.28438,201.85098,0.0,0.0,-5.299988,-0.00576023
2008-04-09 16:00:00,204.89597,207.34518,203.39554,204.8739,0.0,0.0,13.700012,0.014975965
2008-04-10 16:00:00,204.98422,205.66824,202.42468,204.07956,0.0,0.0,-3.5999756,-0.003877195
2008-04-13 16:00:00,204.07956,205.53586,201.69653,203.88098,0.0,0.0,-0.9000244,-0.00097310456
2008-04-14 16:00:00,203.92511,206.6391,203.63826,204.69739,0.0,0.0,3.7000122,0.004004342
2008-04-15 16:00:00,204.76358,209.48528,205.84454,208.55876,0.0,0.0,17.5,0.018863857
2008-04-16 16:00:00,208.49257,210.23549,206.8154,207.14638,0.0,0.0,-6.401001,-0.0067721126
2008-04-17 16:00:00,207.65387,208.88974,199.5783,201.34349,0.0,0.0,-26.299011,-0.028013462
2008-04-20 16:00:00,203.46152,204.93988,201.05666,202.29207,0.0,0.0,4.299011,0.004711245
2008-04-21 16:00:00,203.37347,204.21194,201.63013,202.0937,0.0,0.0,-0.8989868,-0.0009805713
2008-04-22 16:00:00,203.37347,204.21194,201.63013,202.38055,0.0,0.0,1.2999878,0.0014193555
2008-04-23 16:00:00,198.91634,200.04144,194.92258,195.93756,0.0,0.0,-29.200012,-0.031836037
2008-04-24 16:00:00,195.4742,197.79103,193.6867,195.80518,0.0,0.0,-0.5999756,-0.00067564816
2008-04-27 16:00:00,196.55516,197.68071,195.78288,197.12907,0.0,0.0,6.0,0.006761325
2008-04-28 16:00:00,196.68777,196.86429,191.67902,192.14215,0.0,0.0,-22.601013,-0.025297754
2008-04-29 16:00:00,192.07617,193.86322,190.33282,193.5104,0.0,0.0,6.200989,0.0071210335
2008-04-30 16:00:00,194.08388,194.54747,186.97916,188.10448,0.0,0.0,-24.5,-0.027936146
2008-05-01 16:00:00,187.59697,189.58282,186.64818,188.96501,0.0,0.0,3.9000244,0.0045748088
2008-05-04 16:00:00,190.31097,192.95879,190.00185,192.8264,0.0,0.0,17.5,0.020434376
2008-05-05 16:00:00,192.56161,194.8343,192.23064,193.2677,0.0,0.0,2.0,0.0022885913
2008-05-06 16:00:00,193.64258,193.86322,190.5976,191.59053,0.0,0.0,-7.601013,-0.008677946
2008-05-07 16:00:00,191.56868,195.38594,190.92857,194.81224,0.0,0.0,14.601013,0.016815651
2008-05-08 16:00:00,195.49626,195.82724,192.05412,195.29745,0.0,0.0,2.1989746,0.0024906269
2008-05-11 16:00:00,196.09201,196.13615,193.66486,194.74582,0.0,0.0,-2.5,-0.0028245428
2008-05-12 16:00:00,192.23064,192.64964,191.2377,191.81117,0.0,0.0,-13.299988,-0.015069117
2008-05-13 16:00:00,191.0389,192.18651,189.715,190.84055,0.0,0.0,-4.398987,-0.005060384
2008-05-14 16:00:00,190.75227,195.8932,190.20065,194.50333,0.0,0.0,16.599976,0.019192941
2008-05-15 16:00:00,194.34866,199.68861,194.26062,198.47504,0.0,0.0,18.0,0.02041974
2008-05-18 16:00:00,199.60013,201.60828,198.71753,199.84308,0.0,0.0,6.200012,0.006892732
2008-05-19 16:00:00,199.73274,200.7698,199.4898,200.19589,0.0,0.0,1.598999,0.0017654841
2008-05-20 16:00:00,202.9099,205.77835,202.20404,205.6903,0.0,0.0,24.901001,0.027445197
2008-05-21 16:00:00,206.17575,206.35226,202.4024,203.26315,0.0,0.0,-11.0,-0.011800042
2008-05-22 16:00:00,202.60121,205.02837,201.87306,204.32228,0.0,0.0,4.799988,0.0052105817
2008-05-25 16:00:00,204.52086,204.69739,203.7263,203.88098,0.0,0.0,-2.0,-0.0021598272
2008-05-26 16:00:00,205.13869,205.24901,199.4898,199.77689,0.0,0.0,-18.599976,-0.020129845
2008-05-27 16:00:00,200.19589,200.72568,196.20235,198.73982,0.0,0.0,-4.700012,-0.005191089
2008-05-28 16:00:00,198.6295,198.89429,192.69379,193.55453,0.0,0.0,-23.5,-0.026090818
2008-05-29 16:00:00,194.128,196.1582,192.03183,195.93756,0.0,0.0,10.799988,0.012311887
2008-06-01 16:00:00,195.80518,198.03374,194.43713,196.48918,0.0,0.0,2.5,0.0028153153
2008-06-02 16:00:00,196.70984,197.92342,193.11324,194.32681,0.0,0.0,-9.799988,-0.011005039
2008-06-03 16:00:00,194.1503,195.62843,193.28975,193.9517,0.0,0.0,-1.7000122,-0.0019302965
2008-06-04 16:00:00,193.6867,194.17236,190.7964,193.7529,0.0,0.0,-0.901001,-0.0010250296
2008-06-05 16:00:00,193.79703,198.4307,193.6867,197.72461,0.0,0.0,18.0,0.020498827
2008-06-08 16:00:00,198.60721,200.57121,196.51103,196.95233,0.0,0.0,-3.5,-0.0039058183
2008-06-09 16:00:00,196.73167,196.75397,190.68608,191.32574,0.0,0.0,-25.5,-0.02856826
2008-06-11 16:00:00,194.1503,194.1942,189.22957,191.74521,0.0,0.0,1.901001,0.002192369
2008-06-12 16:00:00,192.29683,192.8926,189.62697,192.12032,0.0,0.0,1.7000122,0.0019562857
2008-06-15 16:00:00,192.38509,197.43776,191.21542,194.6355,0.0,0.0,11.398987,0.0130917495
2008-06-16 16:00:00,194.48128,196.06973,192.8926,194.72398,0.0,0.0,0.40100098,0.0004545986
2008-06-17 16:00:00,195.09909,197.63657,194.76811,197.2394,0.0,0.0,11.400024,0.012917874
2008-06-18 16:00:00,196.93048,200.3947,195.67256,198.23233,0.0,0.0,4.5,0.00503412
2008-06-19 16:00:00,197.90135,200.30621,197.76874,198.96048,0.0,0.0,3.2999878,0.003673183
2008-06-22 16:00:00,199.4898,200.21819,193.2677,194.96648,0.0,0.0,-18.101013,-0.02007432
2008-06-23 16:00:00,195.54039,197.28331,194.8343,196.29037,0.0,0.0,6.0,0.0067904107
2008-06-24 16:00:00,195.65071,196.55516,192.75998,195.49626,0.0,0.0,-3.598999,-0.004045642
2008-06-25 16:00:00,195.56224,202.55707,195.40778,202.27023,0.0,0.0,30.700012,0.03465013
2008-06-26 16:00:00,201.36534,205.09456,200.88013,204.91803,0.0,0.0,12.0,0.013090433
2008-07-06 16:00:00,204.85184,205.09456,201.87306,204.30022,0.0,0.0,-2.7999878,-0.003014954
2008-07-07 16:00:00,204.34412,205.9551,201.36534,203.02022,0.0,0.0,-5.8010254,-0.0062652826
2008-07-08 16:00:00,203.04251,204.98422,202.0937,204.78542,0.0,0.0,8.0,0.008694717
2008-07-09 16:00:00,204.91803,209.13223,204.1899,208.80125,0.0,0.0,18.200012,0.01960999
2008-07-10 16:00:00,208.73528,213.56754,207.7642,212.28754,0.0,0.0,15.799988,0.016696613
2008-07-13 16:00:00,212.97177,215.15599,210.4343,214.51633,0.0,0.0,10.101013,0.0104989335
2008-07-14 16:00:00,214.53818,218.04674,213.58958,215.59729,0.0,0.0,4.898987,0.005039073
2008-07-15 16:00:00,215.66371,216.45805,211.36102,211.82439,0.0,0.0,-17.098999,-0.017499762
2008-07-16 16:00:00,211.80232,215.95055,210.32397,211.3169,0.0,0.0,-2.2999878,-0.0023958206
2008-07-17 16:00:00,211.27277,212.79526,209.57353,211.11809,0.0,0.0,-0.901001,-0.0009407967
2008-07-20 16:00:00,211.60374,213.67786,211.37206,213.1591,0.0,0.0,9.25,0.009667652
2008-07-21 16:00:00,213.12624,215.40996,208.19447,208.54773,0.0,0.0,-20.898987,-0.021633465
2008-07-22 16:00:00,208.72426,209.39723,202.49088,203.1087,0.0,0.0,-24.650024,-0.026080541
2008-07-23 16:00:00,203.1857,205.46967,202.1599,204.59808,0.0,0.0,6.75,0.0073329713
2008-07-24 16:00:00,205.27086,207.34518,202.6782,205.04381,11036.0,0.0,2.0200195,0.0021785058
2008-07-27 16:00:00,205.27548,205.81609,203.6206,205.29314,15239.0,0.0,1.1300049,0.0012160135
2008-07-28 16:00:00,205.35933,205.91096,201.70757,202.43571,16323.0,0.0,-12.950012,-0.013918757
2008-07-29 16:00:00,202.65637,202.9099,197.21712,199.9534,14218.0,0.0,-11.25,-0.012262248
2008-07-30 16:00:00,200.24025,204.20091,199.98627,201.58598,9880.0,0.0,7.398987,0.00816485
2008-07-31 16:00:00,201.72963,202.38055,199.02667,200.85785,6217.0,0.0,-3.2999878,-0.0036120748
2008-08-03 16:00:00,201.04562,201.97897,197.42696,197.62553,7125.0,0.0,-14.648987,-0.0160925
2008-08-04 16:00:00,197.49292,197.6476,192.57265,192.84845,12348.0,0.0,-21.650024,-0.024172416
2008-08-05 16:00:00,192.8264,195.6174,192.58345,194.02872,13459.0,0.0,5.348999,0.006120136
2008-08-06 16:00:00,194.03998,195.2756,191.48021,192.67194,10307.0,0.0,-6.148987,-0.006992658
2008-08-07 16:00:00,192.45128,192.84845,187.7073,188.95375,14221.0,0.0,-16.851013,-0.019297998
2008-08-10 16:00:00,189.84761,191.01706,180.55801,181.6061,15165.0,0.0,-33.299988,-0.038886
2008-08-11 16:00:00,181.57323,182.46686,176.93956,179.03575,11182.0,0.0,-11.648987,-0.014153454
2008-08-12 16:00:00,179.17894,183.04033,177.65668,182.16875,11961.0,0.0,14.198975,0.017499352
2008-08-13 16:00:00,182.12485,184.552,177.4689,177.75575,18210.0,0.0,-20.0,-0.024224836
2008-08-14 16:00:00,177.71184,177.79988,170.55173,173.74013,14375.0,0.0,-18.198975,-0.022590613
2008-08-17 16:00:00,175.31757,177.42477,174.26947,176.32152,15134.0,0.0,11.698975,0.014857727
2008-08-18 16:00:00,176.4431,180.22704,172.6146,179.60944,18326.0,0.0,14.901001,0.018647254
2008-08-19 16:00:00,179.54324,180.61317,176.53114,179.47705,17084.0,0.0,-0.5999756,-0.00073707075
2008-08-20 16:00:00,179.4329,185.08597,179.02449,184.46815,22863.0,0.0,22.619995,0.02780919
2008-08-21 16:00:00,184.30907,184.87614,181.26431,181.58426,20039.0,0.0,-13.070007,-0.015633605
2008-08-24 16:00:00,181.3967,182.2131,180.16106,181.37463,0.0,0.0,-0.9500122,-0.0011543984
2008-08-25 16:00:00,181.20915,183.272,178.05803,181.89294,22072.0,0.0,2.348999,0.002857663
2008-08-26 16:00:00,181.83778,184.19875,181.28615,182.37837,14759.0,0.0,2.2000122,0.0026687875
2008-08-27 16:00:00,182.27908,186.20688,182.10255,184.02243,15134.0,0.0,7.450989,0.009014576
2008-08-28 16:00:00,183.92293,185.04846,182.97435,183.33842,12875.0,0.0,-3.0999756,-0.003716997
2008-08-31 16:00:00,183.93396,184.36423,180.0397,180.45871,5998.0,0.0,-13.051025,-0.015707094
2008-09-01 16:00:00,180.22704,180.9223,174.50114,177.67874,15476.0,0.0,-12.598999,-0.015405043
2008-09-02 16:00:00,177.67874,178.39586,174.1042,176.78511,0.0,0.0,-4.049988,-0.0050294786
2008-09-03 16:00:00,176.8513,179.79677,175.14127,175.48305,15239.0,0.0,-5.901001,-0.0073652035
2008-09-04 16:00:00,175.6044,180.85611,174.40208,177.22641,16769.0,0.0,7.901001,0.009934629
2008-09-07 16:00:00,179.82324,180.50284,175.82506,177.3257,23209.0,0.0,0.4500122,0.0005602742
2008-09-08 16:00:00,176.8886,177.58386,171.20265,171.67043,24037.0,0.0,-25.630005,-0.031891998
2008-09-09 16:00:00,171.40123,172.90166,165.5871,165.92911,0.0,0.0,-26.02002,-0.033443894
2008-09-10 16:00:00,165.79672,167.29713,162.45386,164.94699,17922.0,0.0,-4.450989,-0.005918868
2008-09-11 16:00:00,165.1789,168.96304,164.61623,168.68724,0.0,0.0,16.950989,0.022675421
2008-09-14 16:00:00,172.71411,173.81735,168.62105,173.78404,17258.0,0.0,23.098999,0.030214518
2008-09-15 16:00:00,173.75116,174.29176,170.29776,171.732,17762.0,0.0,-9.299988,-0.011808024
2008-09-16 16:00:00,171.34607,191.59074,170.79445,190.57576,0.0,0.0,85.401,0.109727755
2008-09-17 16:00:00,190.84055,202.11577,183.58113,188.2148,0.0,0.0,-10.700012,-0.012388575
2008-09-18 16:00:00,186.83572,193.24562,181.78284,192.2858,0.0,0.0,18.450012,0.021629557
2008-09-21 16:00:00,193.4773,200.46089,190.06827,198.23233,0.0,0.0,26.950012,0.030925483
2008-09-22 16:00:00,198.2544,200.74774,194.21649,196.84222,0.0,0.0,-6.300049,-0.007012521
2008-09-23 16:00:00,196.77603,198.9384,193.40009,194.393,0.0,0.0,-11.099976,-0.012442525
2008-09-24 16:00:00,194.52539,198.01167,190.59782,193.46628,0.0,0.0,-4.200012,-0.004767324
2008-09-25 16:00:00,193.5104,201.10078,191.08325,193.81932,0.0,0.0,1.6000366,0.0018248593
2008-09-28 16:00:00,193.84138,204.21194,191.16048,199.46797,0.0,0.0,25.599976,0.02914387
2008-09-29 16:00:00,199.5783,201.67447,188.85469,192.36302,0.0,0.0,-32.200012,-0.035619482
2008-09-30 16:00:00,191.99896,197.1732,190.64195,192.03204,0.0,0.0,-1.5,-0.0017205782
2008-10-01 16:00:00,192.09824,193.42213,182.96332,184.552,0.0,0.0,-33.899963,-0.038952045
2008-10-02 16:00:00,184.29825,187.00122,180.82301,183.94522,0.0,0.0,-2.75,-0.0032879005
2008-10-05 16:00:00,182.58821,193.20149,182.12485,189.36218,0.0,0.0,24.549988,0.029448794
2008-10-06 16:00:00,188.87674,196.51125,188.64507,195.7169,0.0,0.0,28.799988,0.033558596
2008-10-07 16:00:00,195.7831,203.26315,193.55453,200.28438,0.0,0.0,20.700012,0.023337105
2008-10-08 16:00:00,199.68861,204.03543,193.96274,201.34349,0.0,0.0,4.799988,0.005288077
2008-10-09 16:00:00,200.94632,205.5579,181.71664,186.63715,0.0,0.0,-66.650024,-0.073041126
2008-10-12 16:00:00,188.07137,192.38509,181.15398,183.69147,0.0,0.0,-13.349976,-0.015782911
2008-10-13 16:00:00,183.58113,188.4575,183.2943,184.57407,0.0,0.0,4.0,0.004804805
2008-10-14 16:00:00,184.28722,188.92088,183.1619,187.24393,0.0,0.0,12.099976,0.014465003
2008-10-15 16:00:00,186.96811,187.5749,172.94579,177.62358,0.0,0.0,-43.599976,-0.051378716
2008-10-16 16:00:00,177.71184,179.85193,170.45244,172.66975,9521.0,0.0,-22.450989,-0.027889427
2008-10-19 16:00:00,174.93143,178.72682,173.2547,175.72598,8363.0,0.0,13.851013,0.017699867
2008-10-20 16:00:00,175.74805,177.2926,168.88582,170.23178,7222.0,0.0,-24.900024,-0.031265724
2008-10-21 16:00:00,170.38625,171.37917,158.89014,160.85414,11335.0,0.0,-42.5,-0.055087492
2008-10-22 16:00:00,160.95345,162.17805,154.2898,159.76634,18118.0,0.0,-4.9299927,-0.0067626787
2008-10-23 16:00:00,159.51921,165.37747,150.2188,161.63745,0.0,0.0,8.47998,0.011711548
2008-10-26 16:00:00,162.24402,164.82585,156.01529,161.21823,31772.0,0.0,-1.8999634,-0.0025936298
2008-10-27 16:00:00,161.46094,166.58421,159.83916,164.45053,29693.0,0.0,14.648987,0.020049252
2008-10-28 16:00:00,164.6822,170.90456,162.56418,166.92645,18972.0,0.0,11.221008,0.015055713
2008-10-29 16:00:00,167.01448,171.41646,161.71469,162.7118,30620.0,0.0,-19.101013,-0.025248524
2008-10-30 16:00:00,162.83316,163.64537,158.27695,159.7509,27989.0,0.0,-13.419006,-0.01819726
2008-11-02 16:00:00,160.19661,163.04962,159.35791,159.68889,26340.0,0.0,-0.28100586,-0.00038812964
2008-11-03 16:00:00,159.70015,169.47496,159.29172,168.20622,30763.0,0.0,38.601013,0.05333702
2008-11-04 16:00:00,168.26778,169.61397,162.56418,163.31859,34464.0,0.0,-22.151001,-0.029057352
2008-11-05 16:00:00,163.30756,167.7316,160.9466,161.63084,34123.0,0.0,-7.648987,-0.010334109
2008-11-06 16:00:00,161.63084,164.35565,160.1922,162.3987,29137.0,0.0,3.4799805,0.004750697
2008-11-09 16:00:00,165.6864,169.64684,163.56793,164.59418,18760.0,0.0,9.950012,0.013519038
2008-11-10 16:00:00,164.61623,165.5209,160.35768,161.3506,13131.0,0.0,-14.700012,-0.01970643
2008-11-11 16:00:00,161.38371,163.03859,156.57352,157.0038,23953.0,0.0,-19.700012,-0.026940187
2008-11-12 16:00:00,156.99718,163.2151,154.50381,162.49136,30824.0,0.0,24.869995,0.03495186
2008-11-13 16:00:00,161.9574,166.21594,159.88327,164.05357,0.0,0.0,7.080017,0.009614103
2008-11-16 16:00:00,163.52843,165.33334,161.25131,162.78484,15324.0,0.0,-5.75,-0.007733692
2008-11-17 16:00:00,162.79587,164.55003,161.33958,162.81793,15915.0,0.0,0.15002441,0.00020335401
2008-11-18 16:00:00,162.82896,168.35626,161.49403,162.00153,15828.0,0.0,-3.7000122,-0.005014246
2008-11-19 16:00:00,162.02359,166.11665,161.71469,164.48384,17944.0,0.0,11.25,0.0153228
2008-11-20 16:00:00,164.53902,176.96162,163.84837,176.74097,30972.0,0.0,55.549988,0.07451873
2008-11-23 16:00:00,177.06091,183.05598,173.4577,181.13632,35489.0,0.0,19.919983,0.024868893
2008-11-24 16:00:00,181.12088,183.26118,177.18228,180.9885,34748.0,0.0,-0.6699829,-0.00081613666
2008-11-25 16:00:00,180.97084,181.58865,178.40027,179.33362,29063.0,0.0,-7.5,-0.009143554
2008-11-26 16:00:00,179.2564,180.40376,178.63857,179.53221,6001.0,0.0,0.9000244,0.0011073817
2008-11-27 16:00:00,179.91835,181.04366,178.66063,181.04366,9418.0,0.0,6.8499756,0.008418823
2008-11-30 16:00:00,179.13945,179.45497,169.49261,169.5257,24633.0,0.0,-52.200012,-0.06361976
2008-12-01 16:00:00,169.53012,173.65628,168.22827,172.55965,30862.0,0.0,13.75,0.017896656
2008-12-02 16:00:00,172.53758,172.8134,168.63206,170.81651,26297.0,0.0,-7.8999634,-0.010101609
2008-12-03 16:00:00,170.83858,173.71144,168.31654,169.24327,27499.0,0.0,-7.130005,-0.009210108
2008-12-04 16:00:00,169.19473,170.55173,163.55049,166.89998,26819.0,0.0,-10.619995,-0.013845786
2008-12-07 16:00:00,167.80905,172.65894,167.65459,170.4414,19619.0,0.0,16.049988,0.021218915
2008-12-08 16:00:00,170.48553,172.2066,168.26799,171.36815,15939.0,0.0,4.200012,0.005437261
2008-12-09 16:00:00,171.36815,179.52116,170.87167,178.80405,16889.0,0.0,33.69995,0.043391425
2008-12-10 16:00:00,178.79301,184.1769,177.02782,181.22017,12236.0,0.0,10.950012,0.013512695
2008-12-11 16:00:00,181.28636,183.00745,178.19727,180.99953,10025.0,0.0,-1.0,-0.0012175819
2008-12-14 16:00:00,182.94124,186.03035,181.26431,184.90504,9104.0,0.0,17.700012,0.021577487
2008-12-15 16:00:00,184.88298,189.63136,183.19499,189.2011,24263.0,0.0,19.46997,0.023233855
2008-12-16 16:00:00,189.19669,194.60263,186.70775,191.48483,27030.0,0.0,10.350037,0.012070436
2008-12-17 16:00:00,191.38112,193.83475,187.1667,188.17067,22837.0,0.0,-15.02002,-0.017307758
2008-12-18 16:00:00,188.18169,188.38028,183.1288,184.65129,23914.0,0.0,-15.950012,-0.01870311
2008-12-21 16:00:00,186.23335,187.83969,185.28455,186.97253,23646.0,0.0,10.52002,0.012570974
2008-12-22 16:00:00,186.96811,187.25937,183.01848,185.34634,17865.0,0.0,-7.369995,-0.008697494
2008-12-23 16:00:00,185.35075,187.266,184.1438,187.04535,10966.0,0.0,7.700012,0.009166681
2008-12-25 16:00:00,186.78056,192.51747,185.93547,191.78934,6752.0,0.0,21.5,0.025362747
2008-12-28 16:00:00,196.22882,196.4605,192.7271,194.13925,26840.0,0.0,10.649963,0.012252604
2008-12-29 16:00:00,194.13925,195.01524,190.60223,192.67635,22172.0,0.0,-6.630005,-0.0075353812
2008-12-30 16:00:00,192.66531,195.16528,188.99149,194.98877,14113.0,0.0,10.4800415,0.012001606
2009-01-01 16:00:00,194.76811,195.98169,191.42967,193.12868,18912.0,0.0,-8.429993,-0.009539428
2009-01-04 16:00:00,194.40845,194.43713,186.51578,189.62697,15005.0,0.0,-15.869995,-0.018131541
2009-01-05 16:00:00,189.58282,192.03204,185.14775,190.55368,9794.0,0.0,4.199951,0.0048870738
2009-01-06 16:00:00,190.53163,191.27522,184.51227,186.01932,28251.0,0.0,-20.549988,-0.023795726
2009-01-07 16:00:00,185.96858,190.67946,184.5851,188.99811,30425.0,0.0,13.5,0.016013285
2009-01-08 16:00:00,189.00912,191.58414,186.36574,188.34718,26366.0,0.0,-2.9500122,-0.003444063
2009-01-11 16:00:00,187.85072,188.40234,179.88966,181.0922,27995.0,0.0,-32.880005,-0.03851922
2009-01-12 16:00:00,181.04366,183.30533,179.58075,181.27534,29164.0,0.0,0.8300171,0.001011328
2009-01-13 16:00:00,181.26431,182.94566,178.08693,179.01367,18192.0,0.0,-10.25,-0.012476416
2009-01-14 16:00:00,178.99161,181.2312,176.89984,180.50307,28194.0,0.0,6.75,0.00831998
2009-01-15 16:00:00,180.50307,185.58905,180.01762,185.58905,14303.0,0.0,23.049988,0.028176747
2009-01-18 16:00:00,185.39047,185.98624,183.62527,184.02243,3729.0,0.0,-7.0999756,-0.008441298
2009-01-19 16:00:00,184.26515,191.10973,181.68355,189.04224,30420.0,0.0,22.75,0.027278177
2009-01-20 16:00:00,189.05327,190.68608,186.08551,188.38028,30767.0,0.0,-3.0,-0.003501605
2009-01-21 16:00:00,188.40675,190.39261,186.17378,189.05327,27718.0,0.0,3.0499878,0.00357246
2009-01-22 16:00:00,189.0312,199.3797,188.12653,198.48607,20461.0,0.0,42.75,0.04989496
2009-01-25 16:00:00,196.44505,202.07164,196.20235,199.29144,10256.0,0.0,3.6500244,0.0040576113
2009-01-26 16:00:00,199.26938,200.21819,196.90843,198.29852,8889.0,0.0,-4.5,-0.004982285
2009-01-27 16:00:00,198.29852,199.3135,194.74605,195.76105,10550.0,0.0,-11.5,-0.012796261
2009-01-28 16:00:00,195.7831,200.72568,192.95879,200.37262,10172.0,0.0,20.899963,0.023557218
2009-01-29 16:00:00,200.41676,205.05042,198.91634,204.32228,10422.0,0.0,17.900024,0.019711513
2009-02-01 16:00:00,203.94716,204.16782,198.8656,199.65552,20802.0,0.0,-21.150024,-0.0228402
2009-02-02 16:00:00,199.66655,201.381,196.19571,198.6339,30618.0,0.0,-4.630005,-0.0051168757
2009-02-03 16:00:00,198.64494,200.60872,197.59244,199.91368,27255.0,0.0,5.800049,0.006442924
2009-02-04 16:00:00,199.8872,203.91849,199.04872,201.79582,27921.0,0.0,8.529968,0.009414768
2009-02-05 16:00:00,201.80685,202.99174,199.51651,201.01251,25409.0,0.0,-3.5499878,-0.003881677
2009-02-08 16:00:00,200.09682,200.34395,196.53333,197.32765,23931.0,0.0,-16.700012,-0.018331517
2009-02-09 16:00:00,197.33868,202.50633,196.59288,201.8841,27481.0,0.0,20.650024,0.023090713
2009-02-10 16:00:00,201.89513,209.0486,200.94632,207.12894,17440.0,0.0,23.769958,0.025979515
2009-02-11 16:00:00,207.15102,210.18054,206.2971,208.73528,14690.0,0.0,7.2800293,0.0077552726
2009-02-12 16:00:00,208.75073,208.9449,205.78297,207.75339,23158.0,0.0,-4.450012,-0.0047040298
2009-02-15 16:00:00,207.12454,208.2984,206.50671,207.41138,10013.0,0.0,-1.5499878,-0.0016462087
2009-02-16 16:00:00,207.74236,214.9135,207.41138,213.98676,19040.0,0.0,29.799988,0.031702116
2009-02-17 16:00:00,214.0309,217.83711,212.0009,217.04277,28603.0,0.0,13.850037,0.014281333
2009-02-18 16:00:00,217.13545,217.62088,213.6271,214.9466,30439.0,0.0,-9.5,-0.009657906
2009-02-19 16:00:00,214.9466,222.02946,214.0684,219.02863,33338.0,0.0,18.5,0.018990915
2009-02-22 16:00:00,219.23824,220.25323,215.23344,218.75282,16673.0,0.0,-1.25,-0.0012592555
2009-02-23 16:00:00,218.79694,219.69058,211.70303,212.28775,18972.0,0.0,-29.300049,-0.029554214
2009-02-24 16:00:00,212.35396,215.84023,208.36017,210.45636,17716.0,0.0,-8.299988,-0.008626949
2009-02-25 16:00:00,210.48283,211.08522,205.66824,208.64702,31682.0,0.0,-8.200012,-0.0085972035
2009-02-26 16:00:00,208.61392,212.4422,204.62456,207.88579,31011.0,0.0,-3.4499512,-0.0036484257
2009-03-01 16:00:00,209.66202,211.37646,203.43304,204.27814,30015.0,0.0,-16.350037,-0.017353963
2009-03-02 16:00:00,204.28256,205.81166,199.7548,201.98338,32203.0,0.0,-10.399963,-0.011233488
2009-03-03 16:00:00,201.99442,203.60957,198.58978,199.97987,27734.0,0.0,-9.080017,-0.00991918
2009-03-04 16:00:00,199.96884,206.69426,199.821,205.67928,18512.0,0.0,25.830017,0.028499886
2009-03-05 16:00:00,205.6903,208.4705,205.24901,207.43344,12012.0,0.0,7.949951,0.008528617
2009-03-08 16:00:00,207.47757,207.63203,200.97942,203.37347,18313.0,0.0,-18.399963,-0.019572347
2009-03-09 16:00:00,203.42865,203.59413,196.70984,197.87929,10530.0,0.0,-24.900024,-0.027015325
2009-03-10 16:00:00,197.79103,201.50899,196.88635,200.21819,19680.0,0.0,10.600037,0.011819845
2009-03-11 16:00:00,200.1961,205.37036,199.90485,204.47673,26495.0,0.0,19.299988,0.021269547
2009-03-12 16:00:00,204.3333,207.07599,202.91452,205.00629,22427.0,0.0,2.3999634,0.0025897953
2009-03-15 16:00:00,203.93172,205.11221,202.0231,203.68239,18815.0,0.0,-6.0,-0.0064578624
2009-03-16 16:00:00,203.6162,203.9913,201.28833,201.78479,19166.0,0.0,-8.599976,-0.009316407
2009-03-17 16:00:00,201.82893,209.36414,195.01082,207.46654,29153.0,0.0,25.75,0.028157463
2009-03-18 16:00:00,207.49501,212.34291,204.10162,211.64787,33472.0,0.0,18.950012,0.020154227
2009-03-19 16:00:00,211.48238,213.34688,208.86327,210.00403,23183.0,0.0,-7.450012,-0.0077669015
2009-03-22 16:00:00,210.05919,211.1801,206.5354,206.99876,26597.0,0.0,-13.619995,-0.014310475
2009-03-23 16:00:00,206.66116,208.30061,202.34746,204.37744,20560.0,0.0,-11.880005,-0.012663496
2009-03-24 16:00:00,204.45467,207.5217,202.22168,206.08748,24500.0,0.0,7.75,0.008367072
2009-03-25 16:00:00,206.1316,208.64702,205.62411,206.1978,20242.0,0.0,0.5,0.0005353319
2009-03-26 16:00:00,206.04335,206.50671,202.75125,203.68239,22767.0,0.0,-11.400024,-0.012199063
2009-03-29 16:00:00,204.03543,205.6903,200.48296,202.04958,18939.0,0.0,-7.3999634,-0.008016427
2009-03-30 16:00:00,202.20404,204.01335,201.19566,202.54604,22757.0,0.0,2.25,0.0024571365
2009-03-31 16:00:00,202.53502,205.85138,202.24376,204.24506,22714.0,0.0,7.700012,0.00838827
2009-04-01 16:00:00,204.38406,205.02837,197.40489,199.5121,26851.0,0.0,-21.450012,-0.023172919
2009-04-02 16:00:00,199.40178,200.65506,196.50684,196.98564,26554.0,0.0,-11.450012,-0.012663141
2009-04-05 16:00:00,196.09863,196.09863,190.91113,191.92172,26546.0,0.0,-22.950012,-0.025707098
2009-04-06 16:00:00,191.66798,195.26457,191.66798,194.393,24812.0,0.0,11.200012,0.012876538
2009-04-07 16:00:00,194.88947,196.41858,193.81932,194.27165,14532.0,0.0,-0.5499878,-0.0006242767
2009-04-08 16:00:00,194.35329,195.55142,193.02057,194.41066,15776.0,0.0,0.6300049,0.0007155487
2009-04-12 16:00:00,194.86742,198.52357,194.8343,196.96799,11880.0,0.0,11.589966,0.013154272
2009-04-13 16:00:00,197.14671,198.2235,195.51833,196.40092,7281.0,0.0,-2.5700073,-0.0028790117
2009-04-14 16:00:00,196.3568,198.27205,195.73897,196.67673,8347.0,0.0,1.25,0.0014043367
2009-04-15 16:00:00,196.65468,197.11803,192.37405,193.14633,10178.0,0.0,-16.0,-0.0179503
2009-04-16 16:00:00,193.22356,193.5104,190.90674,191.64151,4701.0,0.0,-6.8199463,-0.007791108
2009-04-19 16:00:00,191.14944,195.99934,190.81406,195.14322,14840.0,0.0,15.869995,0.018272247
2009-04-20 16:00:00,195.28664,197.50417,193.95392,194.94684,18705.0,0.0,-0.89001465,-0.0010063485
2009-04-21 16:00:00,194.9005,197.07611,194.57616,196.46713,19430.0,0.0,6.8900146,0.0077984566
2009-04-22 16:00:00,196.42299,200.52708,196.33032,199.4128,21976.0,0.0,13.349976,0.014993234
2009-04-23 16:00:00,199.46133,201.62593,199.33559,201.3766,19898.0,0.0,8.900024,0.009847883
2009-04-26 16:00:00,202.40262,202.64534,199.73274,199.97546,17471.0,0.0,-6.3500366,-0.0069578
2009-04-27 16:00:00,199.99312,200.05931,195.14322,196.95255,14730.0,0.0,-13.700012,-0.0151164215
2009-04-28 16:00:00,197.0011,199.19878,195.86475,198.23233,17707.0,0.0,5.800049,0.006497926
2009-04-29 16:00:00,198.04036,198.55888,194.34447,196.01479,21357.0,0.0,-10.050049,-0.011186608
2009-04-30 16:00:00,195.41904,196.29723,194.21649,195.48523,17904.0,0.0,-2.3999634,-0.0027015968
2009-05-03 16:00:00,195.59555,200.17406,195.4036,199.22525,15023.0,0.0,16.950012,0.019132018
2009-05-04 16:00:00,199.25394,202.11136,197.47108,197.83514,15870.0,0.0,-6.300049,-0.0069775707
2009-05-05 16:00:00,197.43797,201.26627,197.43797,200.9353,21495.0,0.0,14.050049,0.015670365
2009-05-06 16:00:00,201.10078,204.17444,200.58224,200.79187,17861.0,0.0,-0.6500244,-0.00071380264
2009-05-07 16:00:00,200.90219,202.96086,199.74377,202.14888,18393.0,0.0,6.1500244,0.0067582685
2009-05-10 16:00:00,201.98338,202.44232,200.44986,201.53104,16474.0,0.0,-2.8000488,-0.0030563213
2009-05-11 16:00:00,201.49796,203.86111,201.22874,203.52794,16602.0,0.0,9.050049,0.009908632
2009-05-12 16:00:00,203.56766,205.33286,202.39159,204.36641,22708.0,0.0,3.7999878,0.004119674
2009-05-13 16:00:00,204.36198,204.84743,203.03148,204.1899,19054.0,0.0,-0.7999878,-0.00086373114
2009-05-14 16:00:00,203.96483,206.12057,203.8258,205.5138,12747.0,0.0,6.0,0.0064836824
2009-05-17 16:00:00,205.03938,205.98378,201.95248,202.54825,20242.0,0.0,-13.440002,-0.014429892
2009-05-18 16:00:00,202.57031,204.99084,202.44675,204.07736,17769.0,0.0,6.9299927,0.0075493404
2009-05-19 16:00:00,204.01335,207.51508,203.99792,206.98773,19892.0,0.0,13.190002,0.014261158
2009-05-20 16:00:00,206.99435,210.90869,206.52878,210.53358,20687.0,0.0,16.070007,0.017130742
2009-05-21 16:00:00,210.51814,212.14433,209.60686,211.57726,16773.0,0.0,4.7299805,0.0049572713
2009-05-24 16:00:00,210.99695,211.24629,210.1982,210.24673,4124.0,0.0,-6.0300293,-0.0062886174
2009-05-25 16:00:00,210.91531,211.26834,207.67616,210.05919,16823.0,0.0,-0.8499756,-0.0008920351
2009-05-26 16:00:00,210.07684,211.71407,208.85664,209.2538,11856.0,0.0,-3.6500244,-0.0038340592
2009-05-27 16:00:00,209.09937,212.91661,208.31163,211.41177,21355.0,0.0,9.780029,0.010312679
2009-05-28 16:00:00,211.7251,216.28593,211.57063,215.92848,22646.0,0.0,20.46997,0.021364503
2009-05-31 16:00:00,215.58208,218.13498,214.78111,214.90247,22737.0,0.0,-4.6499634,-0.0047516488
2009-06-01 16:00:00,215.13414,217.67163,213.91615,216.50218,18562.0,0.0,7.25,0.0074439137
2009-06-02 16:00:00,216.65663,218.38873,211.9303,212.49738,22421.0,0.0,-18.150024,-0.018497782
2009-06-03 16:00:00,212.48634,216.62354,211.98546,216.06088,19838.0,0.0,16.150024,0.016769664
2009-06-04 16:00:00,216.19327,217.07146,210.18716,210.78732,15818.0,0.0,-23.900024,-0.024407705
2009-06-07 16:00:00,210.90869,211.7251,208.13512,209.85178,17040.0,0.0,-4.23999,-0.0044383863
2009-06-08 16:00:00,209.84515,212.28334,209.02213,210.65494,23033.0,0.0,3.6400146,0.003827324
2009-06-09 16:00:00,210.55786,212.9828,208.95152,210.63509,22119.0,0.0,-0.090026855,-9.429858e-05
2009-06-10 16:00:00,210.62405,212.1995,207.98506,210.66597,24201.0,0.0,0.14001465,0.0001466721
2009-06-11 16:00:00,210.65053,211.47797,206.52878,207.19073,21788.0,0.0,-15.75,-0.016496465
2009-06-14 16:00:00,206.72075,207.1841,204.27814,204.28917,21223.0,0.0,-13.150024,-0.014004285
2009-06-15 16:00:00,204.68193,207.30106,204.5363,206.10954,24234.0,0.0,8.25,0.0089107305
2009-06-16 16:00:00,206.28607,207.4511,204.71504,207.10468,22129.0,0.0,4.51001,0.0048281876
2009-06-17 16:00:00,207.25252,208.04022,205.19164,205.95729,20257.0,0.0,-5.200012,-0.0055401204
2009-06-18 16:00:00,205.99481,207.15762,205.38582,206.01025,16884.0,0.0,0.24005127,0.00025717667
2009-06-21 16:00:00,206.00584,206.1316,202.53502,203.57205,18805.0,0.0,-11.050049,-0.011835322
2009-06-22 16:00:00,203.3845,204.55396,201.4494,204.13472,21302.0,0.0,2.5500488,0.002763981
2009-06-23 16:00:00,204.20091,207.78648,203.48381,205.61307,21610.0,0.0,6.699951,0.007242016
2009-06-24 16:00:00,205.48068,207.43344,205.19826,207.29002,22556.0,0.0,7.6000366,0.008155858
2009-06-25 16:00:00,207.16867,209.22072,206.6016,207.26796,19782.0,0.0,-0.10003662,-0.00010648424
2009-06-28 16:00:00,206.8046,207.99611,206.15146,206.76045,18316.0,0.0,-2.2999878,-0.0024484887
2009-06-29 16:00:00,206.87079,208.48154,203.70004,204.36198,20524.0,0.0,-10.869995,-0.01160023
2009-06-30 16:00:00,204.34433,208.82355,204.27814,207.46654,19686.0,0.0,14.070007,0.01519144
2009-07-01 16:00:00,207.4886,207.74236,204.47673,205.02837,17052.0,0.0,-11.049988,-0.011752181
2009-07-02 16:00:00,205.0725,206.13602,204.70842,205.97052,6962.0,0.0,4.2699585,0.0045953062
2009-07-05 16:00:00,205.15634,205.46524,203.06456,203.88098,15746.0,0.0,-9.469971,-0.010144912
2009-07-06 16:00:00,203.85449,205.59102,203.24771,203.88098,16653.0,0.0,0.0,0.0
2009-07-07 16:00:00,203.81479,204.25166,199.67317,200.61536,21345.0,0.0,-14.799988,-0.016017303
2009-07-08 16:00:00,200.59328,202.68945,199.99753,200.96399,17728.0,0.0,1.5800171,0.0017378102
2009-07-09 16:00:00,201.26186,201.99442,200.1255,201.40968,17265.0,0.0,2.0199585,0.0022178337
2009-07-12 16:00:00,201.76274,203.71548,200.31746,203.16386,17191.0,0.0,7.950012,0.008709479
2009-07-13 16:00:00,203.23006,204.62015,202.49088,204.1899,21553.0,0.0,4.6500244,0.0050502573
2009-07-14 16:00:00,204.1965,207.87033,203.95819,207.15323,15993.0,0.0,13.429993,0.014512635
2009-07-15 16:00:00,207.3474,207.48419,205.78519,206.72737,16165.0,0.0,-1.9299927,-0.0020557423
2009-07-16 16:00:00,206.84872,207.41138,205.63074,206.77148,14317.0,0.0,0.19995117,0.00021341784
2009-07-19 16:00:00,207.1488,210.73878,207.03627,209.36414,18619.0,0.0,11.75,0.012538684
2009-07-20 16:00:00,209.48108,210.42987,208.42636,209.20528,16722.0,0.0,-0.7199707,-0.00075878244
2009-07-21 16:00:00,209.33104,210.65053,208.45947,209.90472,17843.0,0.0,3.169983,0.0033434054
2009-07-22 16:00:00,209.89369,211.23965,209.0442,209.3862,19496.0,0.0,-2.3499756,-0.0024702782
2009-07-23 16:00:00,209.24278,210.51152,208.85223,209.88268,16456.0,0.0,2.25,0.0023710416
2009-07-26 16:00:00,209.72379,211.5552,209.12141,210.42326,18045.0,0.0,2.4500122,0.0025757067
2009-07-27 16:00:00,210.34163,211.0808,206.07645,206.81563,16798.0,0.0,-16.350037,-0.017144693
2009-07-28 16:00:00,206.83769,207.57024,204.24506,205.10558,18187.0,0.0,-7.75,-0.008268431
2009-07-29 16:00:00,205.14972,206.74944,204.88493,206.18677,14608.0,0.0,4.9000244,0.0052713943
2009-07-30 16:00:00,206.08748,211.08742,205.74106,210.44533,19139.0,0.0,19.299988,0.020653848
2009-08-02 16:00:00,210.24673,212.36057,210.00844,211.14258,20496.0,0.0,3.1599731,0.0033132092
2009-08-03 16:00:00,211.26834,214.05959,209.86281,213.2895,21120.0,0.0,9.7300415,0.010168189
2009-08-04 16:00:00,213.45279,213.56973,211.56181,212.54813,20941.0,0.0,-3.3599854,-0.0034759426
2009-08-05 16:00:00,212.49738,214.38393,210.96385,212.5415,22520.0,0.0,-0.030029297,-3.1174004e-05
2009-08-06 16:00:00,212.52606,212.99384,210.32397,210.68803,21920.0,0.0,-8.400024,-0.008720503
2009-08-09 16:00:00,210.61743,211.09625,207.91887,208.75734,19894.0,0.0,-8.75,-0.009163743
2009-08-10 16:00:00,208.7088,209.54727,207.84164,208.71323,17136.0,0.0,-0.19995117,-0.00021134254
2009-08-11 16:00:00,208.77942,210.0989,207.43785,208.91843,20470.0,0.0,0.9299927,0.0009831828
2009-08-12 16:00:00,208.85664,211.93471,208.85664,210.73216,18178.0,0.0,8.219971,0.008681569
2009-08-13 16:00:00,210.75424,211.64345,207.87474,209.24278,21234.0,0.0,-6.75,-0.007067693
2009-08-16 16:00:00,209.01772,209.23175,205.2777,206.20442,22506.0,0.0,-13.7699585,-0.014520678
2009-08-17 16:00:00,206.09189,207.40034,206.06541,207.03627,17662.0,0.0,3.7699585,0.004034069
2009-08-18 16:00:00,206.8046,208.49257,205.67928,207.76001,20741.0,0.0,3.2800293,0.0034957149
2009-08-19 16:00:00,207.80634,208.65807,206.79356,207.54156,17908.0,0.0,-0.98999023,-0.0010514138
2009-08-20 16:00:00,207.57687,211.34558,206.94801,210.40782,18699.0,0.0,12.98999,0.01381047
2009-08-23 16:00:00,210.47401,211.08522,206.41846,207.75339,18586.0,0.0,-12.030029,-0.012615647
2009-08-24 16:00:00,207.9299,210.57771,207.65408,208.38225,23142.0,0.0,2.8500366,0.0030269625
2009-08-25 16:00:00,208.433,209.58478,207.42241,208.65364,18641.0,0.0,1.2299805,0.0013023935
2009-08-26 16:00:00,208.62054,209.75027,207.74236,209.15453,19401.0,0.0,2.2700195,0.0024005368
2009-08-27 16:00:00,209.2472,212.08475,209.16113,210.64392,20029.0,0.0,6.75,0.007121004
2009-08-30 16:00:00,210.75424,211.92369,208.32709,209.87164,18386.0,0.0,-3.5,-0.003666265
2009-08-31 16:00:00,209.80544,211.12933,208.8125,210.92192,22579.0,0.0,4.7599487,0.0050044144
2009-09-01 16:00:00,210.94179,216.25946,209.83853,215.48718,0.0,0.0,20.690002,0.0216443
2009-09-02 16:00:00,215.76299,220.07672,214.96866,218.80356,25092.0,0.0,15.030029,0.01539016
2009-09-03 16:00:00,218.74178,219.84503,217.41347,219.19412,23306.0,0.0,1.7700195,0.0017849597
2009-09-06 16:00:00,219.37064,219.89578,218.59836,219.26031,8131.0,0.0,0.2999878,0.00030198085
2009-09-07 16:00:00,219.64645,222.33397,218.94699,219.48317,25136.0,0.0,1.0100098,0.0010164132
2009-09-08 16:00:00,219.86931,221.34766,217.87021,218.90286,26546.0,0.0,-2.630005,-0.0026439915
2009-09-09 16:00:00,218.97346,220.30399,216.86624,219.84062,25438.0,0.0,4.25,0.004283929
2009-09-10 16:00:00,219.82959,223.23642,219.44345,221.71616,25307.0,0.0,8.5,0.00853131
2009-09-13 16:00:00,222.08463,222.6142,219.16983,220.59525,23699.0,0.0,-5.080017,-0.0050555984
2009-09-14 16:00:00,220.62834,222.73996,218.93373,222.25674,24538.0,0.0,7.5300293,0.007531912
2009-09-15 16:00:00,222.18832,225.17816,221.99637,224.42352,32317.0,0.0,9.819946,0.009748974
2009-09-16 16:00:00,224.4147,225.94823,222.91428,223.52989,27373.0,0.0,-4.049988,-0.0039818976
2009-09-17 16:00:00,223.51886,224.55592,221.9743,222.28322,25092.0,0.0,-5.6499634,-0.005577181
2009-09-20 16:00:00,221.40062,222.1398,219.7347,221.40723,24436.0,0.0,-3.9700317,-0.003940869
2009-09-21 16:00:00,221.51094,224.98619,221.06964,223.77481,23922.0,0.0,10.72998,0.010693302
2009-09-22 16:00:00,223.8079,224.7545,221.9699,222.4818,27896.0,0.0,-5.8599854,-0.0057781665
2009-09-23 16:00:00,222.21922,224.84276,218.62704,219.31769,26325.0,0.0,-14.339966,-0.014221924
2009-09-24 16:00:00,219.43683,220.49594,217.30754,218.60939,27590.0,0.0,-3.210022,-0.0032295282
2009-09-27 16:00:00,219.33754,219.86931,217.53925,218.57628,23949.0,0.0,-0.15002441,-0.00015142509
2009-09-28 16:00:00,218.56526,219.71484,217.37816,218.9183,26615.0,0.0,1.5500488,0.0015647575
2009-09-29 16:00:00,218.6469,222.65392,218.6469,222.27219,25987.0,0.0,15.199951,0.015320214
2009-09-30 16:00:00,222.00078,222.7797,220.12747,220.42975,25975.0,0.0,-8.349976,-0.008289051
2009-10-01 16:00:00,220.37459,222.23026,217.71797,221.191,26781.0,0.0,3.4500122,0.0034534656
2009-10-04 16:00:00,221.0873,224.51399,220.8556,224.40146,23151.0,0.0,14.549988,0.014514428
2009-10-05 16:00:00,224.37498,230.22221,223.98222,229.84712,28775.0,0.0,24.680054,0.024267506
2009-10-06 16:00:00,229.75223,231.35858,228.66441,230.32591,30854.0,0.0,2.1699219,0.0020830983
2009-10-07 16:00:00,230.017,234.20276,230.017,232.7597,32673.0,0.0,11.030029,0.010566681
2009-10-08 16:00:00,232.75307,232.81927,230.26413,231.45123,27459.0,0.0,-5.9300537,-0.005621543
2009-10-11 16:00:00,232.27428,233.64009,231.03201,233.15025,20951.0,0.0,7.7000732,0.007340744
2009-10-12 16:00:00,232.55449,235.82675,231.85725,234.83603,26979.0,0.0,7.6400146,0.0072304117
2009-10-13 16:00:00,234.85588,236.27246,233.03993,234.37485,30230.0,0.0,-2.090088,-0.0019638329
2009-10-14 16:00:00,234.59991,235.1339,230.87312,231.6763,31789.0,0.0,-12.22998,-0.011513822
2009-10-15 16:00:00,231.66307,233.19658,230.145,232.38899,27287.0,0.0,3.2299805,0.0030762597
2009-10-18 16:00:00,232.79723,234.88235,231.19751,234.74997,23427.0,0.0,10.700073,0.010159584
2009-10-19 16:00:00,234.67714,235.59505,232.07127,232.77513,27422.0,0.0,-8.950073,-0.008412514
2009-10-20 16:00:00,232.88545,234.9309,231.17542,233.62466,31135.0,0.0,3.8500977,0.003649555
2009-10-21 16:00:00,233.52756,234.20497,231.99184,233.82323,29406.0,0.0,0.89990234,0.0008499266
2009-10-22 16:00:00,233.85854,235.52666,231.68513,232.80824,30361.0,0.0,-4.5999756,-0.0043408284
2009-10-25 16:00:00,232.5501,233.81883,228.98659,229.21387,26619.0,0.0,-16.289917,-0.015439217
2009-10-26 16:00:00,229.18956,230.20897,227.8105,229.42126,28533.0,0.0,0.9399414,0.0009048251
2009-10-27 16:00:00,229.17854,229.8802,226.49323,226.79552,27205.0,0.0,-11.900024,-0.011445083
2009-10-28 16:00:00,226.6874,231.17102,226.49763,230.99892,23065.0,0.0,19.050049,0.01853388
2009-10-29 16:00:00,230.68117,231.438,228.382,230.61278,18916.0,0.0,-1.75,-0.0016716018
2009-11-01 16:00:00,229.8074,234.48079,229.80519,233.76807,18623.0,0.0,14.299927,0.013682176
2009-11-02 16:00:00,233.746,240.00143,232.8325,239.49396,21008.0,0.0,25.950073,0.024493912
2009-11-03 16:00:00,239.22916,242.19913,238.28038,240.90833,20613.0,0.0,6.410034,0.0059056883
2009-11-04 16:00:00,240.91714,241.50407,239.19608,240.67442,19425.0,0.0,-1.0600586,-0.0009709185
2009-11-05 16:00:00,240.55305,242.93167,239.72783,241.68942,15789.0,0.0,4.5999756,0.004217259
2009-11-08 16:00:00,242.10866,245.1426,241.71147,243.43698,17315.0,0.0,7.920044,0.007230606
2009-11-09 16:00:00,243.55392,244.71455,242.03143,243.87828,18475.0,0.0,2.0,0.0018127928
2009-11-10 16:00:00,243.97314,246.79747,243.83195,246.55476,17905.0,0.0,12.130005,0.010974698
2009-11-11 16:00:00,246.59889,247.79703,243.28912,243.46567,17806.0,0.0,-14.0,-0.012529085
2009-11-12 16:00:00,243.50316,246.9409,242.967,246.86368,19616.0,0.0,15.400024,0.013956882
2009-11-15 16:00:00,246.9078,252.29167,246.90118,251.16194,19916.0,0.0,19.47998,0.017411495
2009-11-16 16:00:00,251.37598,251.93864,248.8407,251.83934,19378.0,0.0,3.0699463,0.0026970045
2009-11-17 16:00:00,251.7908,254.39888,250.65886,252.61382,19256.0,0.0,3.5100098,0.0030753142
2009-11-18 16:00:00,252.7043,252.89626,249.33717,252.61824,19235.0,0.0,0.020019531,1.7486445e-05
2009-11-19 16:00:00,252.50128,253.95097,249.96602,253.89139,18741.0,0.0,5.7700195,0.0050398465
2009-11-22 16:00:00,254.01715,258.95532,254.01715,257.09082,20111.0,0.0,14.5,0.012601573
2009-11-23 16:00:00,257.20776,258.4368,255.41388,258.05505,22151.0,0.0,4.369995,0.0037505857
2009-11-24 16:00:00,257.94696,262.93143,257.44385,262.36438,20478.0,0.0,19.53003,0.016699184
2009-11-25 16:00:00,262.97116,263.69928,260.56827,261.06253,12722.0,0.0,-5.9000244,-0.0049619647
2009-11-26 16:00:00,263.00867,263.00867,250.93468,259.807,28747.0,0.0,-5.6900635,-0.004809249
2009-11-29 16:00:00,260.5109,260.93015,256.8525,260.17993,29676.0,0.0,1.6900635,0.0014353469
2009-11-30 16:00:00,260.22845,265.08942,259.31277,264.1737,21746.0,0.0,18.099976,0.01535002
2009-12-01 16:00:00,263.98615,268.53156,263.74344,268.06155,27084.0,0.0,17.619995,0.0147170555
2009-12-02 16:00:00,268.1895,270.57257,265.71826,267.28485,29382.0,0.0,-3.5200195,-0.0028974453
2009-12-03 16:00:00,266.40448,267.5386,253.19633,255.82208,34645.0,0.0,-51.94995,-0.042885996
2009-12-06 16:00:00,255.9324,257.12833,250.45805,254.70116,36116.0,0.0,-5.080078,-0.004381644
2009-12-07 16:00:00,255.45801,257.90723,248.12138,249.58871,34546.0,0.0,-23.169922,-0.020072358
2009-12-08 16:00:00,248.90028,253.07497,246.31206,249.43866,33011.0,0.0,-0.6800537,-0.00060120557
2009-12-09 16:00:00,248.98192,250.79124,247.32925,249.4166,31144.0,0.0,-0.099975586,-8.843719e-05
2009-12-10 16:00:00,249.41219,252.01587,244.76529,246.02962,30881.0,0.0,-15.349976,-0.013579603
2009-12-13 16:00:00,245.87076,248.81644,245.04991,248.03311,25337.0,0.0,9.079956,0.008143312
2009-12-14 16:00:00,248.5649,249.09666,245.18672,247.97795,22745.0,0.0,-0.25,-0.00022240015
2009-12-15 16:00:00,248.21628,251.81065,247.41531,251.0781,26097.0,0.0,14.050049,0.012501712
2009-12-16 16:00:00,251.045,251.88348,241.55704,241.73357,31964.0,0.0,-42.349976,-0.037217658
2009-12-17 16:00:00,242.40652,246.44885,241.93213,245.29704,29165.0,0.0,16.149902,0.014741364
2009-12-20 16:00:00,245.34119,247.02475,240.4979,240.80681,26659.0,0.0,-20.349976,-0.018305277
2009-12-21 16:00:00,241.19295,242.1197,237.09106,238.93129,27196.0,0.0,-8.5,-0.007788519
2009-12-22 16:00:00,239.11223,241.78873,238.148,240.18239,24058.0,0.0,5.670044,0.005236223
2009-12-23 16:00:00,239.922,244.00845,239.80946,243.8893,17957.0,0.0,16.799927,0.015433732
2009-12-27 16:00:00,244.17174,245.73834,243.02657,244.24236,21849.0,0.0,1.6000977,0.001447633
2009-12-28 16:00:00,244.23131,244.52255,241.94537,241.96965,23678.0,0.0,-10.300049,-0.009305143
2009-12-29 16:00:00,242.02481,242.2962,239.57118,241.1003,24548.0,0.0,-3.9399414,-0.0035928045
2009-12-30 16:00:00,241.13779,244.20483,241.04953,241.62323,18276.0,0.0,2.369995,0.0021689744
2010-01-03 16:00:00,242.2962,247.95148,241.21501,247.38663,24734.0,0.0,26.119995,0.023852786
2010-01-04 16:00:00,247.32042,249.02605,246.0583,246.6761,22138.0,0.0,-3.2200928,-0.0028720824
2010-01-05 16:00:00,246.65405,251.65178,246.34514,251.08911,26910.0,0.0,20.0,0.017889889
2010-01-06 16:00:00,251.08252,251.30316,248.97089,249.59973,25100.0,0.0,-6.75,-0.0059317197
2010-01-07 16:00:00,249.66594,251.42009,247.02696,251.02515,28025.0,0.0,6.460083,0.0057108235
2010-01-10 16:00:00,254.08998,256.35385,253.40594,254.13852,23642.0,0.0,14.109985,0.012402638
2010-01-11 16:00:00,254.12747,255.5308,248.20964,248.98192,25169.0,0.0,-23.369995,-0.020290505
2010-01-12 16:00:00,248.93118,251.25461,246.79747,251.1818,25541.0,0.0,9.969971,0.008835494
2010-01-13 16:00:00,251.1156,252.93156,249.54457,252.10413,27060.0,0.0,4.1800537,0.0036719642
2010-01-14 16:00:00,252.03792,252.8102,248.58253,249.56665,26143.0,0.0,-11.5,-0.010065204
2010-01-17 16:00:00,249.63725,250.92363,248.78996,250.58163,10454.0,0.0,4.5999756,0.004066996
2010-01-18 16:00:00,250.20872,251.66504,249.07019,251.12222,23050.0,0.0,2.4499512,0.002157312
2010-01-19 16:00:00,251.12222,251.86139,244.27104,245.13156,28913.0,0.0,-27.150024,-0.02385557
2010-01-20 16:00:00,245.1757,246.58788,240.16692,241.39154,30070.0,0.0,-16.949951,-0.015257169
2010-01-21 16:00:00,241.31432,242.41757,238.7658,241.204,32312.0,0.0,-0.8499756,-0.00077694294
2010-01-24 16:00:00,241.16426,243.57378,241.08263,242.31827,26134.0,0.0,5.0499268,0.00461961
2010-01-25 16:00:00,242.34035,243.45462,239.49617,242.17487,26137.0,0.0,-0.64990234,-0.00059178873
2010-01-26 16:00:00,242.1197,243.23396,239.0306,240.03896,29159.0,0.0,-9.680054,-0.008819692
2010-01-27 16:00:00,239.99484,241.85048,236.97853,239.77419,27575.0,0.0,-1.1999512,-0.0011030281
2010-01-28 16:00:00,239.79182,240.60384,237.0999,238.49661,29755.0,0.0,-5.790039,-0.0053282403
2010-01-31 16:00:00,238.54515,244.40343,237.55222,243.83414,23075.0,0.0,24.189941,0.022379858
2010-02-01 16:00:00,243.92902,246.71584,242.46169,245.83765,26016.0,0.0,9.080078,0.008216745
2010-02-02 16:00:00,245.87076,248.2317,244.26442,244.82266,23181.0,0.0,-4.5999756,-0.004128686
2010-02-03 16:00:00,244.85574,245.16466,233.746,234.66612,25321.0,0.0,-46.03003,-0.04148531
2010-02-04 16:00:00,234.64406,235.80247,230.40314,235.20229,34104.0,0.0,2.4299316,0.002284801
2010-02-07 16:00:00,235.53326,236.91232,234.24025,234.46312,25667.0,0.0,-3.3499756,-0.0031427138
2010-02-08 16:00:00,234.51166,238.98645,234.24908,237.82803,27509.0,0.0,15.25,0.014351591
2010-02-09 16:00:00,237.84349,238.79007,234.57565,236.47545,28556.0,0.0,-6.130005,-0.0056872526
2010-02-10 16:00:00,236.51517,242.24104,236.28348,241.64972,27828.0,0.0,23.450073,0.021880783
2010-02-11 16:00:00,241.60115,242.04245,237.78392,241.23709,29476.0,0.0,-1.8699951,-0.001707493
2010-02-14 16:00:00,241.20842,243.22295,240.86197,242.5676,12979.0,0.0,6.029907,0.0055153267
2010-02-15 16:00:00,242.71544,247.3822,242.28958,246.92986,23702.0,0.0,19.77002,0.0179837
2010-02-16 16:00:00,246.94753,248.68405,243.82312,244.19379,27201.0,0.0,-12.400024,-0.011080354
2010-02-17 16:00:00,244.12761,248.0287,242.19913,244.65718,39456.0,0.0,2.1000977,0.0018976216
2010-02-18 16:00:00,244.51375,248.61122,242.54996,246.95192,36972.0,0.0,10.399902,0.00937942
2010-02-21 16:00:00,246.91885,249.52692,244.91312,245.83765,30437.0,0.0,-5.0499268,-0.0045120865
2010-02-22 16:00:00,245.81999,247.35794,242.53891,243.39946,32836.0,0.0,-11.050049,-0.009917919
2010-02-23 16:00:00,243.42151,244.50713,240.47804,242.14175,29568.0,0.0,-5.699951,-0.005167212
2010-02-24 16:00:00,242.15277,244.72336,240.13823,244.04376,34356.0,0.0,8.619995,0.0078549255
2010-02-25 16:00:00,244.10556,246.89676,243.65321,246.56578,33040.0,0.0,11.429932,0.01033429
2010-02-28 16:00:00,246.99606,247.87646,245.31914,246.83058,32450.0,0.0,1.2000732,0.0010739391
2010-03-01 16:00:00,246.83499,250.98322,245.98547,250.28816,31039.0,0.0,15.669922,0.014007886
2010-03-02 16:00:00,250.31683,252.6072,249.80936,251.47525,27910.0,0.0,5.380005,0.0047429344
2010-03-03 16:00:00,251.47968,251.86803,248.39719,249.73213,30074.0,0.0,-7.8999023,-0.0069315634
2010-03-04 16:00:00,249.80936,251.65842,248.7348,250.38304,26394.0,0.0,2.9499512,0.0026064243
2010-03-07 16:00:00,250.65224,251.00308,246.80852,247.8632,24483.0,0.0,-11.420044,-0.0100639295
2010-03-08 16:00:00,247.87425,248.19418,244.61304,247.46164,25845.0,0.0,-1.8199463,-0.0016201352
2010-03-09 16:00:00,247.39102,248.87822,243.46124,244.52037,26236.0,0.0,-13.329956,-0.011885722
2010-03-10 16:00:00,244.40784,245.24188,242.81473,244.76309,22745.0,0.0,1.0999756,0.0009925965
2010-03-11 16:00:00,244.78957,246.94753,242.3293,243.06848,23774.0,0.0,-7.6800537,-0.006923458
2010-03-14 16:00:00,243.51862,244.9109,242.95816,244.6682,22065.0,0.0,7.25,0.0065813363
2010-03-15 16:00:00,244.62407,249.03046,244.52919,248.41925,25169.0,0.0,17.0,0.015331199
2010-03-16 16:00:00,248.4303,250.03882,246.75336,248.1655,25375.0,0.0,-1.1500244,-0.0010214722
2010-03-17 16:00:00,248.07726,249.16284,246.71584,248.36409,23669.0,0.0,0.9000244,0.00080023514
2010-03-18 16:00:00,248.40823,248.68405,243.0023,244.20483,23165.0,0.0,-18.849976,-0.016746603
2010-03-21 16:00:00,243.54288,244.60202,241.01645,243.50978,22995.0,0.0,-3.1500244,-0.0028461933
2010-03-22 16:00:00,243.31119,244.4696,241.45996,243.57599,23909.0,0.0,0.30004883,0.00027188187
2010-03-23 16:00:00,243.15012,243.97314,239.39465,239.86905,28351.0,0.0,-16.800049,-0.015218814
2010-03-24 16:00:00,239.73666,241.75783,239.53807,240.65237,26466.0,0.0,3.5500488,0.003265614
2010-03-25 16:00:00,240.64133,244.85574,240.20003,244.3218,22985.0,0.0,16.630005,0.015247792
2010-03-28 16:00:00,244.92857,245.94356,243.4436,244.7013,18844.0,0.0,1.7199707,0.0015533295
2010-03-29 16:00:00,244.87782,245.64569,243.05525,243.65321,18641.0,0.0,-4.75,-0.004283138
2010-03-30 16:00:00,243.65321,246.68936,243.23396,245.60596,21213.0,0.0,8.849976,0.008014468
2010-03-31 16:00:00,245.617,248.86717,245.25072,248.34203,20788.0,0.0,12.400024,0.011140081
2010-04-01 16:00:00,247.96693,247.96693,247.12845,247.12845,0.0,0.0,-5.5,-0.004886717
2010-04-04 16:00:00,248.25377,250.05649,247.71318,249.45633,18367.0,0.0,10.550049,0.009419686
2010-04-05 16:00:00,249.45633,251.23254,247.7242,250.20651,23189.0,0.0,3.3999023,0.0030072993
2010-04-06 16:00:00,250.1955,254.44302,249.86452,253.26254,22912.0,0.0,13.850098,0.012214029
2010-04-07 16:00:00,253.56483,254.5423,252.327,253.94656,22784.0,0.0,3.0999756,0.0027007975
2010-04-08 16:00:00,253.83623,256.99152,253.63763,256.32956,22328.0,0.0,10.799927,0.009383896
2010-04-11 16:00:00,257.39975,258.11243,254.65263,254.99464,21227.0,0.0,-6.0499268,-0.005207822
2010-04-12 16:00:00,254.9505,255.32562,252.59839,253.94656,19903.0,0.0,-4.75,-0.004110241
2010-04-13 16:00:00,254.00172,256.39136,253.79208,254.93948,20687.0,0.0,4.5,0.003909983
2010-04-14 16:00:00,254.8071,256.25235,253.75017,255.80002,18421.0,0.0,3.9000244,0.0033754755
2010-04-15 16:00:00,255.54626,256.03168,249.30627,250.92363,23769.0,0.0,-22.100098,-0.01906331
2010-04-18 16:00:00,250.32347,251.03838,247.95148,250.51543,21362.0,0.0,-1.8499756,-0.0016267813
2010-04-19 16:00:00,250.6699,252.86095,250.08517,251.64075,19357.0,0.0,5.0999756,0.0044919853
2010-04-20 16:00:00,251.54146,253.8627,251.0141,252.86536,20152.0,0.0,5.550049,0.004866543
2010-04-21 16:00:00,252.85432,253.58469,249.67918,251.82169,22308.0,0.0,-4.7299805,-0.0041273828
2010-04-22 16:00:00,251.90553,255.45801,250.3963,255.41388,21427.0,0.0,16.28003,0.014264836
2010-04-25 16:00:00,255.44037,255.91916,253.89139,254.75194,16984.0,0.0,-3.0,-0.0025916805
2010-04-26 16:00:00,254.55775,258.73465,252.91832,257.81897,22901.0,0.0,13.899902,0.012039238
2010-04-27 16:00:00,257.77484,259.1164,256.04495,257.07977,22705.0,0.0,-3.3499756,-0.0028670253
2010-04-28 16:00:00,257.09082,258.4125,256.39355,257.51007,19573.0,0.0,1.9500732,0.0016737389
2010-04-29 16:00:00,257.56522,260.7139,257.56522,260.12476,20546.0,0.0,11.849976,0.010153785
2010-05-02 16:00:00,259.6989,262.0775,259.58417,260.886,15563.0,0.0,3.4499512,0.0029264153
2010-05-03 16:00:00,260.89264,263.0506,257.4615,258.6685,23475.0,0.0,-10.049927,-0.0084999595
2010-05-04 16:00:00,258.39926,259.58417,255.26163,259.33044,26789.0,0.0,3.0,0.0025590719
2010-05-05 16:00:00,259.29733,267.34003,258.70157,266.60086,30622.0,0.0,32.94995,0.028035352
2010-05-06 16:00:00,266.517,267.7747,263.16092,266.52362,32311.0,0.0,-0.3499756,-0.00028965494
2010-05-09 16:00:00,264.84668,266.0316,261.2523,265.2659,28796.0,0.0,-5.7000732,-0.0047189943
2010-05-10 16:00:00,265.21075,272.35983,264.97025,271.4618,29048.0,0.0,28.080078,0.023357244
2010-05-11 16:00:00,271.68686,275.47098,270.6564,273.0328,32105.0,0.0,7.119995,0.005787296
2010-05-12 16:00:00,273.099,274.25302,270.7601,272.01782,24800.0,0.0,-4.5999756,-0.0037174523
2010-05-13 16:00:00,271.9737,275.64972,268.6882,271.81924,30417.0,0.0,-0.9000244,-0.0007300652
2010-05-16 16:00:00,272.0399,274.1074,268.9839,270.02094,22235.0,0.0,-8.150024,-0.0066158166
2010-05-17 16:00:00,270.0165,271.1904,266.25003,269.54654,28334.0,0.0,-2.1500244,-0.0017569148
2010-05-18 16:00:00,270.02094,270.88147,261.80392,262.93805,32430.0,0.0,-29.949951,-0.024516987
2010-05-19 16:00:00,262.8829,264.32816,259.25317,261.00735,30698.0,0.0,-8.75,-0.00734276
2010-05-20 16:00:00,261.0846,262.0003,257.28278,259.60623,30209.0,0.0,-6.3499756,-0.0053681424
2010-05-23 16:00:00,260.6102,264.04572,260.26376,262.8829,24265.0,0.0,14.849976,0.012621627
2010-05-24 16:00:00,263.0594,265.68958,261.4928,264.93494,27055.0,0.0,9.299927,0.007805881
2010-05-25 16:00:00,265.3255,268.4102,264.93936,267.14145,22093.0,0.0,10.0,0.008328475
2010-05-26 16:00:00,267.36652,268.80072,266.04922,267.3952,21065.0,0.0,1.1500244,0.0009498839
2010-05-27 16:00:00,267.24075,268.15643,265.22177,267.69305,17805.0,0.0,1.3499756,0.0011139791
2010-05-30 16:00:00,267.85855,268.0461,266.92078,267.65335,5229.0,0.0,-0.17993164,-0.0001483116
2010-05-31 16:00:00,268.1785,271.1308,268.03506,270.31882,19071.0,0.0,12.079956,0.009958579
2010-06-01 16:00:00,270.33426,270.727,267.72174,270.08273,19356.0,0.0,-1.0699463,-0.00087335426
2010-06-02 16:00:00,269.94373,270.20847,264.97906,266.50156,20847.0,0.0,-16.22998,-0.013259463
2010-06-03 16:00:00,266.314,269.17145,263.9994,269.11627,26685.0,0.0,11.849976,0.009811207
2010-06-06 16:00:00,269.20013,274.60162,267.08847,273.55133,25296.0,0.0,20.099976,0.016480118
2010-06-07 16:00:00,273.76535,276.2168,272.12814,272.5871,26359.0,0.0,-4.369995,-0.0035249002
2010-06-08 16:00:00,272.56946,273.7389,269.54654,271.89645,24270.0,0.0,-3.130005,-0.0025336372
2010-06-09 16:00:00,272.01782,272.27597,268.08582,268.67496,23697.0,0.0,-14.599976,-0.011848225
2010-06-10 16:00:00,268.54257,271.51474,268.4102,270.62772,20782.0,0.0,8.849976,0.007268078
2010-06-13 16:00:00,271.4949,272.26715,268.36386,269.60168,21735.0,0.0,-4.6500244,-0.003791296
2010-06-14 16:00:00,269.5024,272.86734,269.1251,272.34882,21281.0,0.0,12.450073,0.010189527
2010-06-15 16:00:00,272.38187,273.11887,270.69394,271.71332,17290.0,0.0,-2.880005,-0.0023333102
2010-06-16 16:00:00,271.5655,276.03366,271.3713,274.71417,19390.0,0.0,13.599976,0.01104414
2010-06-17 16:00:00,274.787,278.49393,273.94852,277.28033,18878.0,0.0,11.630005,0.009341219
2010-06-20 16:00:00,277.98642,279.13382,271.53238,271.79718,23377.0,0.0,-24.849976,-0.019774778
2010-06-21 16:00:00,271.94058,274.1471,271.8104,273.39688,22917.0,0.0,7.25,0.0058856956
2010-06-22 16:00:00,273.47412,274.98337,270.22174,273.01074,23870.0,0.0,-1.75,-0.0014123723
2010-06-23 16:00:00,272.88498,275.42023,270.8925,274.58618,23391.0,0.0,7.1398926,0.0057705427
2010-06-24 16:00:00,274.46704,277.6113,273.8161,277.04865,19128.0,0.0,11.160034,0.008967917
2010-06-27 16:00:00,276.9604,278.58438,272.54077,273.14313,21944.0,0.0,-17.699951,-0.014096808
2010-06-28 16:00:00,273.3042,274.6987,270.78217,273.8382,23414.0,0.0,3.1500244,0.0025446517
2010-06-29 16:00:00,273.71683,275.23932,272.40176,274.02576,21429.0,0.0,0.8499756,0.0006848842
2010-06-30 16:00:00,274.09192,274.4251,263.97952,264.72974,28206.0,0.0,-42.130005,-0.03392383
2010-07-01 16:00:00,264.5709,267.69528,264.5422,267.2297,24217.0,0.0,11.329956,0.00944344
2010-07-04 16:00:00,267.30692,267.9402,266.05807,266.59863,8665.0,0.0,-2.8599854,-0.0023614776
2010-07-05 16:00:00,266.40448,267.76367,262.38422,263.44995,22257.0,0.0,-14.27002,-0.011810584
2010-07-06 16:00:00,263.3838,265.62335,261.41998,265.31006,20774.0,0.0,8.430054,0.007060524
2010-07-07 16:00:00,265.32108,266.50156,261.98483,264.3436,20875.0,0.0,-4.380005,-0.0036427185
2010-07-08 16:00:00,264.35022,267.7791,263.5228,266.99805,20477.0,0.0,12.030029,0.010041593
2010-07-11 16:00:00,267.20764,267.4945,263.931,264.03027,19778.0,0.0,-13.450073,-0.011115303
2010-07-12 16:00:00,264.2399,268.70364,263.9751,267.2959,17810.0,0.0,14.800049,0.012368418
2010-07-13 16:00:00,267.37314,268.74115,265.3652,266.55673,17195.0,0.0,-3.3499756,-0.0027653752
2010-07-14 16:00:00,266.5457,268.57565,265.5969,266.62292,16322.0,0.0,0.29992676,0.00024827346
2010-07-15 16:00:00,266.71118,267.14145,261.69138,263.20282,15636.0,0.0,-15.5,-0.012827409
2010-07-18 16:00:00,263.30212,263.6662,259.78275,261.2611,14109.0,0.0,-8.799927,-0.0073772282
2010-07-19 16:00:00,261.19492,263.34625,259.37015,263.0153,18913.0,0.0,7.949951,0.006714202
2010-07-20 16:00:00,262.927,264.30167,261.43762,261.62518,15737.0,0.0,-6.300049,-0.0052852756
2010-07-21 16:00:00,261.84583,265.01218,260.59033,263.58896,18358.0,0.0,8.900024,0.0075061354
2010-07-22 16:00:00,263.70593,265.6631,261.2876,262.3423,19925.0,0.0,-5.6500244,-0.004729637
2010-07-25 16:00:00,262.69534,263.57355,260.26157,260.6764,18234.0,0.0,-7.5499268,-0.0063500796
2010-07-26 16:00:00,260.7801,261.901,255.50655,256.4333,18604.0,0.0,-19.22998,-0.016277282
2010-07-27 16:00:00,256.9143,257.26294,255.27046,256.64954,15414.0,0.0,0.97998047,0.0008432333
2010-07-28 16:00:00,256.6098,258.01974,255.78456,257.8631,18584.0,0.0,5.5,0.004728539
2010-07-29 16:00:00,257.80795,261.13974,257.20557,260.5109,19162.0,0.0,12.0,0.010268258
2010-08-01 16:00:00,260.64328,262.6402,259.12302,260.62122,17653.0,0.0,0.5,0.0004234955
2010-08-02 16:00:00,260.7139,262.68652,260.20862,261.68033,17282.0,0.0,4.7999268,0.004063774
2010-08-03 16:00:00,261.63623,265.40933,261.4266,263.75446,18768.0,0.0,9.400024,0.007926156
2010-08-04 16:00:00,263.74344,264.76285,262.05545,263.75446,15941.0,0.0,0.0,0.0
2010-08-05 16:00:00,263.73682,267.17233,263.08148,265.89478,16931.0,0.0,9.700073,0.00811484
2010-08-08 16:00:00,266.0161,266.91638,264.52673,265.04526,13916.0,0.0,-3.8500977,-0.0031949691
2010-08-09 16:00:00,265.06735,266.37357,262.68872,265.5572,18219.0,0.0,2.3200684,0.001931459
2010-08-10 16:00:00,265.78445,266.51923,263.08588,264.22885,20251.0,0.0,-6.0200195,-0.00500201
2010-08-11 16:00:00,264.3833,268.13657,264.1781,267.60922,17395.0,0.0,15.319946,0.012793275
2010-08-12 16:00:00,267.75485,268.622,267.10394,268.1785,16132.0,0.0,2.5800781,0.0021273382
2010-08-15 16:00:00,268.05713,270.79984,267.96887,270.23495,13156.0,0.0,9.319946,0.007668213
2010-08-16 16:00:00,270.31216,271.1683,269.72305,270.23495,13071.0,0.0,0.0,0.0
2010-08-17 16:00:00,270.19745,271.91852,268.63083,271.28305,15916.0,0.0,4.75,0.0038784377
2010-08-18 16:00:00,271.22787,273.01074,270.87485,271.85236,15611.0,0.0,2.5800781,0.002098529
2010-08-19 16:00:00,271.8854,272.2164,269.62155,270.91458,15528.0,0.0,-4.25,-0.0034495352
2010-08-22 16:00:00,271.0911,271.79056,269.57523,270.36295,14162.0,0.0,-2.5,-0.0020361622
2010-08-23 16:00:00,270.385,272.58047,267.01788,271.2676,17470.0,0.0,4.0999756,0.0033460993
2010-08-24 16:00:00,271.3338,273.89774,271.1683,273.55133,17098.0,0.0,10.349976,0.008418721
2010-08-25 16:00:00,273.644,274.50894,272.26495,272.73932,16817.0,0.0,-3.6800537,-0.0029683837
2010-08-26 16:00:00,272.8188,274.0809,271.7751,273.15414,16698.0,0.0,1.8800049,0.0015209535
2010-08-29 16:00:00,273.0328,273.2314,272.11932,272.80112,11441.0,0.0,-1.5999756,-0.0012924396
2010-08-30 16:00:00,272.7901,275.75122,271.7707,275.28345,16989.0,0.0,11.25,0.009099365
2010-08-31 16:00:00,275.3717,276.81918,274.16034,274.5818,17474.0,0.0,-3.1799316,-0.0025488392
2010-09-01 16:00:00,274.50455,276.50363,274.36774,276.0447,16265.0,0.0,6.630005,0.005327787
2010-09-02 16:00:00,276.09985,276.6294,273.10782,275.07382,15226.0,0.0,-4.4000244,-0.003517065
2010-09-05 16:00:00,275.47098,276.02924,275.08484,275.58572,5404.0,0.0,2.3199463,0.0018609443
2010-09-06 16:00:00,275.9344,277.93344,274.6215,276.85007,15488.0,0.0,5.7299805,0.004587765
2010-09-07 16:00:00,276.87213,278.50714,276.53012,276.8942,11755.0,0.0,0.20007324,0.00015945903
2010-09-08 16:00:00,276.9604,277.7393,274.114,274.47806,18673.0,0.0,-10.950073,-0.008725853
2010-09-09 16:00:00,274.52222,276.04028,272.84305,274.8973,17833.0,0.0,1.9000244,0.0015274122
2010-09-12 16:00:00,274.6987,275.62103,273.79184,274.7958,15263.0,0.0,-0.45996094,-0.0003691945
2010-09-13 16:00:00,274.787,281.25424,274.63254,279.91708,20255.0,0.0,23.20996,0.0186367
2010-09-14 16:00:00,279.873,280.6232,278.68588,279.75162,19103.0,0.0,-0.75,-0.00059120293
2010-09-15 16:00:00,279.61923,281.9162,279.0367,281.39548,18308.0,0.0,7.4500732,0.005876147
2010-09-16 16:00:00,281.31824,283.0371,280.6298,281.15274,18118.0,0.0,-1.1000977,-0.0008626187
2010-09-19 16:00:00,281.83676,283.21585,281.19687,281.80368,16451.0,0.0,2.9500732,0.0023152358
2010-09-20 16:00:00,282.03534,284.74493,280.41357,283.7564,21699.0,0.0,8.849976,0.006929472
2010-09-21 16:00:00,284.04327,285.96954,283.79395,284.74936,21271.0,0.0,4.5,0.0034992225
2010-09-22 16:00:00,284.85968,285.9232,283.93295,285.1796,16053.0,0.0,1.9499512,0.0015110044
2010-09-23 16:00:00,285.1509,286.77933,284.9369,286.05118,15024.0,0.0,3.9500732,0.0030562677
2010-09-26 16:00:00,285.90778,286.8124,285.5106,285.65402,16910.0,0.0,-1.8000488,-0.001388498
2010-09-27 16:00:00,285.69815,289.041,283.07242,288.80933,16303.0,0.0,14.300049,0.011045921
2010-09-28 16:00:00,288.8314,289.76913,288.04807,288.97482,14755.0,0.0,0.75,0.00057300023
2010-09-29 16:00:00,288.9086,290.34283,285.95187,288.86447,10561.0,0.0,-0.5,-0.00038178137
2010-09-30 16:00:00,288.62616,291.39093,288.20255,291.02686,14282.0,0.0,9.799927,0.007485717
2010-10-03 16:00:00,291.17688,291.2475,289.53745,290.15527,12028.0,0.0,-3.9499512,-0.0029947695
2010-10-04 16:00:00,290.13986,296.00253,289.5485,295.7598,15900.0,0.0,25.400024,0.019315608
2010-10-05 16:00:00,295.6936,297.83392,295.40677,297.67282,16227.0,0.0,8.669922,0.00646816
2010-10-06 16:00:00,297.6905,301.13263,292.50742,294.22626,28884.0,0.0,-15.619995,-0.011578344
2010-10-07 16:00:00,294.20422,297.77878,292.34415,296.78583,24460.0,0.0,11.600098,0.008699313
2010-10-10 16:00:00,298.56204,299.02542,295.70685,298.68784,21217.0,0.0,8.619995,0.0064086798
2010-10-11 16:00:00,298.69443,299.01883,295.7995,297.92218,24756.0,0.0,-3.4700928,-0.0025634703
2010-10-12 16:00:00,297.9332,303.17365,297.66843,302.73236,23647.0,0.0,21.800049,0.016145794
2010-10-13 16:00:00,302.76547,306.06418,302.37933,304.70715,27951.0,0.0,8.949951,0.006523288
2010-10-14 16:00:00,304.66306,305.66922,300.5766,301.84976,28612.0,0.0,-12.949951,-0.009377567
2010-10-17 16:00:00,301.9932,303.35458,298.465,302.141,22532.0,0.0,1.3199463,0.000964873
2010-10-18 16:00:00,302.19177,302.50067,293.05685,294.59036,22029.0,0.0,-34.21997,-0.024990486
2010-10-19 16:00:00,294.4359,297.23816,293.56433,297.0837,26772.0,0.0,11.300049,0.008463822
2010-10-20 16:00:00,296.85202,297.67282,290.78635,292.42798,30185.0,0.0,-21.099976,-0.015671402
2010-10-21 16:00:00,292.48315,293.1385,290.1729,293.0127,26496.0,0.0,2.6499023,0.0019994734
2010-10-24 16:00:00,293.91516,297.66843,293.7519,295.67596,23982.0,0.0,12.070068,0.009089249
2010-10-25 16:00:00,295.6164,296.44382,293.0215,295.6826,25440.0,0.0,0.030029297,2.2409587e-05
2010-10-26 16:00:00,295.74878,296.43277,291.02246,292.3618,28780.0,0.0,-15.050049,-0.0112309605
2010-10-27 16:00:00,292.4059,296.92923,291.8962,296.58063,25756.0,0.0,19.119995,0.014430185
2010-10-28 16:00:00,296.63138,299.91907,294.6036,299.87494,26945.0,0.0,14.930054,0.011107679
2010-10-31 16:00:00,300.93405,301.27164,297.64856,298.24213,24323.0,0.0,-7.4000244,-0.005444998
2010-11-01 16:00:00,298.2642,300.0272,297.91995,299.4667,21516.0,0.0,5.5499268,0.0041060383
2010-11-02 16:00:00,299.30786,301.06644,292.46106,297.51398,20598.0,0.0,-8.849976,-0.0065207602
2010-11-03 16:00:00,297.54706,307.4256,297.1499,307.2314,29349.0,0.0,44.04004,0.032662172
2010-11-04 16:00:00,307.26672,308.48032,303.0854,307.4874,32768.0,0.0,1.1600342,0.00083312445
2010-11-07 16:00:00,308.1714,311.1943,305.97153,310.956,29991.0,0.0,15.719971,0.011280521
2010-11-08 16:00:00,310.967,314.29443,305.0845,307.2932,38574.0,0.0,-16.599976,-0.01177913
2010-11-09 16:00:00,307.33292,311.11707,305.36032,309.72696,37837.0,0.0,11.029907,0.007919972
2010-11-10 16:00:00,309.74905,312.79843,308.26187,310.7243,33134.0,0.0,4.5200195,0.0032200753
2010-11-11 16:00:00,310.7133,311.16562,300.05588,301.92255,42225.0,0.0,-39.890015,-0.02832655
2010-11-14 16:00:00,302.3683,303.7584,299.1468,300.17282,34795.0,0.0,-7.9299316,-0.005795336
2010-11-15 16:00:00,300.18384,301.09293,293.36795,295.54358,37534.0,0.0,-20.97998,-0.01542192
2010-11-16 16:00:00,295.53473,296.73068,293.62833,294.7492,32771.0,0.0,-3.6000977,-0.0026878032
2010-11-17 16:00:00,294.75583,299.88596,294.66098,298.56204,32771.0,0.0,17.28003,0.012935897
2010-11-18 16:00:00,298.55106,300.77298,296.00253,298.55765,33930.0,0.0,-0.020019531,-1.4795308e-05
2010-11-21 16:00:00,298.90408,301.78354,297.50296,301.53864,29954.0,0.0,13.51001,0.009984635
2010-11-22 16:00:00,301.54083,305.01608,299.21738,303.6657,34133.0,0.0,9.640015,0.0070540654
2010-11-23 16:00:00,303.64145,304.78662,302.1057,302.9861,27093.0,0.0,-3.079956,-0.002237966
2010-11-24 16:00:00,302.97507,303.48257,301.83212,302.97726,11819.0,0.0,-0.040039062,-2.915855e-05
2010-11-25 16:00:00,303.3502,303.39432,298.08765,300.7134,22255.0,0.0,-10.26001,-0.007472096
2010-11-28 16:00:00,300.80167,302.1079,298.56647,301.45258,30035.0,0.0,3.3499756,0.0024580662
2010-11-29 16:00:00,301.3974,306.64008,300.68472,305.7685,29420.0,0.0,19.560059,0.014317127
2010-11-30 16:00:00,305.8303,308.2067,304.87485,306.18997,31126.0,0.0,1.9100342,0.0013783297
2010-12-01 16:00:00,306.17892,308.5531,305.1529,305.6008,31487.0,0.0,-2.670044,-0.0019241202
2010-12-02 16:00:00,305.64935,312.29535,305.4949,311.8739,28596.0,0.0,28.430054,0.020527115
2010-12-05 16:00:00,311.9401,314.91226,310.87436,314.06274,27392.0,0.0,9.919922,0.0070183324
2010-12-06 16:00:00,314.1223,315.74188,308.14932,309.29892,33453.0,0.0,-21.589966,-0.015168417
2010-12-07 16:00:00,309.27686,309.8704,302.59555,304.89914,23441.0,0.0,-19.940063,-0.014225019
2010-12-08 16:00:00,304.89914,307.68814,304.51962,305.998,29734.0,0.0,4.9801025,0.003604017
2010-12-09 16:00:00,306.05756,307.15863,302.75662,305.71777,29463.0,0.0,-1.2700195,-0.0009157914
2010-12-12 16:00:00,305.2544,308.72302,304.53067,307.58887,28443.0,0.0,8.47998,0.0061203875
2010-12-13 16:00:00,307.5668,310.6846,307.10345,308.00592,29169.0,0.0,1.8900146,0.0013558114
2010-12-14 16:00:00,307.99045,308.2817,304.1776,304.63876,30787.0,0.0,-15.26001,-0.010932022
2010-12-15 16:00:00,304.62332,305.87442,300.32504,302.26898,30654.0,0.0,-10.73999,-0.007778994
2010-12-16 16:00:00,302.28442,304.22617,301.12158,303.34576,27126.0,0.0,4.880005,0.0035623072
2010-12-19 16:00:00,303.58847,306.2716,303.58847,305.5721,23862.0,0.0,10.089966,0.0073393313
2010-12-20 16:00:00,305.63834,307.14316,304.68732,305.68246,20300.0,0.0,0.5,0.00036104472
2010-12-21 16:00:00,305.67804,306.90488,305.14188,305.64493,18728.0,0.0,-0.17004395,-0.00012274263
2010-12-22 16:00:00,305.63834,306.32898,302.74118,304.79544,16260.0,0.0,-3.8499756,-0.0027793646
2010-12-23 16:00:00,304.38724,305.76187,304.1666,305.46402,648.0,0.0,3.0300293,0.0021935275
2010-12-26 16:00:00,305.30957,305.88766,302.7765,305.2588,17059.0,0.0,-0.9300537,-0.00067181967
2010-12-27 16:00:00,305.28088,310.36685,305.0492,310.16388,19643.0,0.0,22.230103,0.016068598
2010-12-28 16:00:00,310.20798,311.98862,309.14447,311.44806,17393.0,0.0,5.8199463,0.0041403067
2010-12-29 16:00:00,311.45908,312.1453,309.5659,309.91013,18295.0,0.0,-6.9699707,-0.0049379882
2010-12-30 16:00:00,309.91675,313.57733,309.79095,313.467,13874.0,0.0,16.119995,0.011477145
2011-01-02 16:00:00,313.2243,314.16428,311.7459,312.12103,19083.0,0.0,-6.0999756,-0.004293792
2011-01-03 16:00:00,312.1144,312.69916,303.33252,304.58582,26864.0,0.0,-34.150024,-0.02414197
2011-01-04 16:00:00,304.60788,305.54565,300.93625,304.0673,28411.0,0.0,-2.3499756,-0.0017023874
2011-01-05 16:00:00,304.0717,304.44238,301.07526,302.59998,27022.0,0.0,-6.6500244,-0.004825677
2011-01-06 16:00:00,302.5779,304.2063,298.465,302.0991,26579.0,0.0,-2.2700195,-0.0016552571
2011-01-09 16:00:00,302.15866,303.6194,301.28708,303.487,22636.0,0.0,6.290039,0.004594187
2011-01-10 16:00:00,303.4649,305.96487,302.86252,304.7778,24052.0,0.0,5.8499756,0.004253228
2011-01-11 16:00:00,304.76675,306.42163,303.74515,306.15686,23415.0,0.0,6.25,0.0045248214
2011-01-12 16:00:00,306.17892,307.37485,302.18515,302.97507,27006.0,0.0,-14.420044,-0.010392674
2011-01-13 16:00:00,302.953,304.05624,298.96146,300.4376,26441.0,0.0,-11.5,-0.00837521
2011-01-16 16:00:00,300.3714,301.34225,299.4248,300.5391,12197.0,0.0,0.460083,0.00033789882
2011-01-17 16:00:00,300.30963,303.64807,300.18826,301.8608,21063.0,0.0,5.98999,0.004397743
2011-01-18 16:00:00,301.84976,304.26364,301.30917,302.22705,20622.0,0.0,1.6599121,0.0012133416
2011-01-19 16:00:00,302.25574,302.52713,296.3975,296.96677,27592.0,0.0,-23.839966,-0.017405119
2011-01-20 16:00:00,296.9734,297.91336,295.15744,296.16357,23207.0,0.0,-3.6400146,-0.0027045812
2011-01-23 16:00:00,296.4725,298.5444,294.01004,294.39618,21774.0,0.0,-8.01001,-0.005967688
2011-01-24 16:00:00,294.3697,295.32953,291.80133,293.93945,25461.0,0.0,-2.0699463,-0.001551428
2011-01-25 16:00:00,293.94385,297.13223,292.33972,296.9182,21095.0,0.0,13.5,0.010133994
2011-01-26 16:00:00,296.9447,297.397,289.1116,289.92358,23511.0,0.0,-31.700073,-0.023557443
2011-01-27 16:00:00,289.80225,297.22052,288.62616,294.85953,28210.0,0.0,22.369995,0.017024998
2011-01-30 16:00:00,295.3141,297.02853,291.90283,294.0277,23615.0,0.0,-3.7698975,-0.002821104
2011-01-31 16:00:00,294.08286,296.29376,292.41916,295.9363,25554.0,0.0,8.649902,0.00649124
2011-02-01 16:00:00,295.9253,296.55414,292.73688,294.5683,21903.0,0.0,-6.199951,-0.0046226894
2011-02-02 16:00:00,294.5683,299.15784,292.32648,298.79376,24671.0,0.0,19.150024,0.014344588
2011-02-03 16:00:00,298.76508,299.6962,296.82553,297.56912,22036.0,0.0,-5.550049,-0.004098548
2011-02-06 16:00:00,297.19626,298.58633,296.446,298.10532,17012.0,0.0,2.4300537,0.0018019085
2011-02-07 16:00:00,298.0987,301.80783,297.51617,300.8701,19993.0,0.0,12.530029,0.009274427
2011-02-08 16:00:00,300.89215,301.63794,299.6256,300.83698,17210.0,0.0,-0.15002441,-0.00011002406
2011-02-09 16:00:00,300.848,301.39963,298.08987,300.8811,17514.0,0.0,0.19995117,0.0001466552
2011-02-10 16:00:00,300.8701,301.89166,298.76285,299.29022,17889.0,0.0,-7.209961,-0.005287407
2011-02-13 16:00:00,299.4888,301.53204,298.7518,300.41553,15444.0,0.0,5.0999756,0.0037599348
2011-02-14 16:00:00,300.43317,303.71646,300.24564,303.092,16461.0,0.0,12.130005,0.008909294
2011-02-15 16:00:00,303.0876,304.90576,302.19617,303.21338,17093.0,0.0,0.5500488,0.00040043448
2011-02-16 16:00:00,303.2244,305.5589,303.21338,305.37573,15636.0,0.0,9.799927,0.007131472
2011-02-17 16:00:00,305.34927,307.10345,304.8815,306.60037,17525.0,0.0,5.550049,0.004010209
2011-02-20 16:00:00,306.70627,309.68726,306.69965,309.5858,10523.0,0.0,13.530029,0.0097371265
2011-02-21 16:00:00,310.48822,311.30463,307.302,308.69214,22879.0,0.0,-4.050049,-0.0028865826
2011-02-22 16:00:00,308.66345,312.58,307.93088,311.45026,20483.0,0.0,12.5,0.00893489
2011-02-23 16:00:00,311.43262,312.90656,307.7345,309.47324,22662.0,0.0,-8.959961,-0.0063477843
2011-02-24 16:00:00,309.4688,311.47232,308.84216,311.13913,19593.0,0.0,7.5499268,0.005383
2011-02-27 16:00:00,311.05087,312.5094,309.94324,311.26712,17448.0,0.0,0.5800781,0.00041137377
2011-02-28 16:00:00,311.34436,316.57376,310.95822,316.20306,18182.0,0.0,22.369995,0.015857596
2011-03-01 16:00:00,316.2207,317.76086,314.9895,316.4127,18014.0,0.0,0.9499512,0.00066288764
2011-03-02 16:00:00,316.47446,316.8915,311.14133,312.37476,21807.0,0.0,-18.300049,-0.012761541
2011-03-03 16:00:00,312.38803,315.978,311.85846,315.61392,18324.0,0.0,14.680054,0.010369467
2011-03-06 16:00:00,316.50095,318.7891,315.0932,315.90738,21458.0,0.0,1.329956,0.0009297921
2011-03-07 16:00:00,315.9405,317.01062,314.02304,315.26752,19979.0,0.0,-2.8999023,-0.0020254818
2011-03-08 16:00:00,315.24985,316.8849,313.95905,315.68674,18528.0,0.0,1.8999023,0.0013297095
2011-03-09 16:00:00,315.68674,315.92947,309.54163,311.48337,20850.0,0.0,-19.049927,-0.013315016
2011-03-10 16:00:00,311.45468,314.17307,309.94983,312.67706,21432.0,0.0,5.409912,0.0038323053
2011-03-13 16:00:00,315.7353,315.79486,312.9286,315.22336,18211.0,0.0,11.540039,0.008143592
2011-03-14 16:00:00,315.1572,315.1682,304.6895,307.91986,24361.0,0.0,-33.099976,-0.023169357
2011-03-15 16:00:00,307.6992,310.2477,307.19168,308.97897,23045.0,0.0,4.800049,0.0034396376
2011-03-16 16:00:00,308.9878,310.02045,305.91635,309.78876,20785.0,0.0,3.6699219,0.0026207922
2011-03-17 16:00:00,309.81522,314.16428,309.30774,312.9485,16786.0,0.0,14.320068,0.010199624
2011-03-20 16:00:00,314.57687,316.5649,314.14218,314.80853,14796.0,0.0,8.429932,0.005943687
2011-03-21 16:00:00,314.87256,315.96918,313.1934,315.21234,16464.0,0.0,1.8300781,0.0012827081
2011-03-22 16:00:00,315.1572,317.93518,314.56583,317.20703,14016.0,0.0,9.039917,0.0063279923
2011-03-23 16:00:00,317.2401,319.4025,314.12897,315.66248,17993.0,0.0,-7.0,-0.0048692264
2011-03-24 16:00:00,315.82574,317.2401,313.7759,315.4308,14212.0,0.0,-1.0499268,-0.0007339066
2011-03-27 16:00:00,314.43787,315.1064,311.10162,313.4339,16778.0,0.0,-9.050049,-0.0063306973
2011-03-28 16:00:00,313.45377,314.02963,311.31567,312.97055,12941.0,0.0,-2.0999756,-0.0014783355
2011-03-29 16:00:00,312.95288,315.5301,311.53632,313.98553,16072.0,0.0,4.5999756,0.0032430736
2011-03-30 16:00:00,314.06274,317.6152,313.4008,315.89417,17162.0,0.0,8.650024,0.0060787243
2011-03-31 16:00:00,316.13687,316.90915,311.67975,315.19467,19224.0,0.0,-3.170044,-0.002214259
2011-04-03 16:00:00,315.19467,317.42767,315.04465,316.50314,10684.0,0.0,5.9300537,0.0041513033
2011-04-04 16:00:00,316.39062,321.48764,315.4749,321.22946,18280.0,0.0,21.419922,0.014932914
2011-04-05 16:00:00,321.3332,322.624,320.2189,321.9091,17717.0,0.0,3.0800781,0.0021156853
2011-04-06 16:00:00,322.06796,323.25946,320.51678,321.7546,17849.0,0.0,-0.70007324,-0.00047986046
2011-04-07 16:00:00,321.8076,325.4483,321.35526,325.33798,17541.0,0.0,16.23999,0.011136935
2011-04-10 16:00:00,325.4505,325.74622,321.96426,322.77402,30169.0,0.0,-11.619995,-0.007880902
2011-04-11 16:00:00,322.8932,323.7184,318.61035,320.722,37302.0,0.0,-9.299927,-0.00635749
2011-04-12 16:00:00,320.53882,322.64386,320.1858,321.60458,31260.0,0.0,4.0,0.002751921
2011-04-13 16:00:00,321.6068,325.55862,320.4506,325.39978,24837.0,0.0,17.199951,0.011800753
2011-04-14 16:00:00,325.49246,328.34985,324.6319,328.0189,21996.0,0.0,11.869995,0.008048927
2011-04-17 16:00:00,327.74307,330.49017,325.97787,330.03342,25336.0,0.0,9.130005,0.0061415345
2011-04-18 16:00:00,330.01578,330.83218,328.1844,330.1261,16703.0,0.0,0.42004395,0.00028082874
2011-04-19 16:00:00,329.92752,332.2554,329.47516,331.40808,22407.0,0.0,5.8099365,0.003883258
2011-04-20 16:00:00,331.28674,332.9504,331.05283,332.31055,19475.0,0.0,4.090088,0.002723167
2011-04-24 16:00:00,333.60797,335.02454,331.4015,332.51132,23803.0,0.0,0.9099121,0.00060417125
2011-04-25 16:00:00,332.45395,332.82907,329.36484,332.52237,21277.0,0.0,0.050048828,3.3211785e-05
2011-04-26 16:00:00,332.3326,337.6172,331.62653,336.90668,24016.0,0.0,19.869995,0.013185045
2011-04-27 16:00:00,336.88464,339.4265,336.28226,338.79327,24904.0,0.0,8.550049,0.005599686
2011-04-28 16:00:00,338.69394,346.22253,337.98126,344.97586,23094.0,0.0,28.019897,0.018248891
2011-05-01 16:00:00,343.36072,347.56412,339.86783,340.89603,36076.0,0.0,-18.48999,-0.011826403
2011-05-02 16:00:00,340.8828,342.24203,336.7456,339.05804,34565.0,0.0,-8.329956,-0.005391697
2011-05-03 16:00:00,339.23895,340.5077,332.28845,334.51263,34151.0,0.0,-20.599976,-0.013405944
2011-05-04 16:00:00,334.6715,335.7858,322.7012,325.09747,38445.0,0.0,-42.670044,-0.02814591
2011-05-05 16:00:00,325.58072,330.61154,324.5657,329.96725,38851.0,0.0,22.070068,0.014979414
2011-05-08 16:00:00,329.13318,334.05368,328.95667,333.80215,26254.0,0.0,17.380005,0.011622078
2011-05-09 16:00:00,333.6896,335.23416,332.26642,334.41995,24706.0,0.0,2.7999268,0.0018508119
2011-05-10 16:00:00,334.37363,336.80078,330.00473,331.033,26824.0,0.0,-15.349976,-0.01012792
2011-05-11 16:00:00,330.92706,332.68564,326.13235,332.3613,33653.0,0.0,6.0200195,0.004012651
2011-05-12 16:00:00,332.26642,334.59427,327.16937,329.86795,29831.0,0.0,-11.300049,-0.0075019575
2011-05-15 16:00:00,328.51093,331.94647,328.41608,328.74924,24285.0,0.0,-5.0699463,-0.0033913138
2011-05-16 16:00:00,328.75806,330.42398,324.74222,328.0542,25046.0,0.0,-3.1500244,-0.002114238
2011-05-17 16:00:00,327.9924,330.92044,327.62173,330.28278,23309.0,0.0,10.099976,0.006793279
2011-05-18 16:00:00,330.00253,330.8763,327.91962,329.53253,27516.0,0.0,-3.4000244,-0.0022714378
2011-05-19 16:00:00,329.5745,334.40674,328.07404,333.61237,23481.0,0.0,18.48999,0.01238064
2011-05-22 16:00:00,334.10223,334.86566,331.8141,334.7002,39012.0,0.0,4.9300537,0.0032607254
2011-05-23 16:00:00,334.7046,337.04572,333.87274,336.74783,30759.0,0.0,9.280029,0.0061178403
2011-05-24 16:00:00,336.7412,338.06732,335.64017,336.66397,31795.0,0.0,-0.38000488,-0.00024899413
2011-05-25 16:00:00,336.62424,337.7562,334.17944,335.1437,36002.0,0.0,-6.8900146,-0.0045157326
2011-05-26 16:00:00,335.0687,339.41107,335.05765,338.89255,25302.0,0.0,16.98999,0.011185793
2011-05-29 16:00:00,338.919,339.23895,338.49536,338.89255,4585.0,0.0,0.0,0.0
2011-05-30 16:00:00,339.3162,339.95386,338.04745,338.7646,24254.0,0.0,-0.57995605,-0.00037760506
2011-07-03 16:00:00,328.26602,330.20554,328.17557,329.57007,6196.0,0.0,-41.670044,-0.027141303
2011-07-04 16:00:00,329.98932,334.6053,329.46194,334.49057,15045.0,0.0,22.300049,0.014930102
2011-07-05 16:00:00,334.38025,338.3674,333.17108,337.38773,16383.0,0.0,13.130005,0.008661353
2011-07-06 16:00:00,337.35242,338.5439,335.9954,338.07175,16969.0,0.0,3.0999756,0.0020273733
2011-07-07 16:00:00,337.98126,340.9733,336.43228,340.6732,16285.0,0.0,11.789917,0.0076949643
2011-07-10 16:00:00,340.3356,343.48425,340.1657,342.89737,16753.0,0.0,10.080078,0.00652876
2011-07-11 16:00:00,342.8797,347.15588,339.9031,346.3792,20687.0,0.0,15.780029,0.010154263
2011-07-12 16:00:00,346.3792,347.5597,345.13034,346.76974,7805.0,0.0,1.7698975,0.0011274596
2011-07-13 16:00:00,346.3792,351.76306,345.13034,350.18546,20678.0,0.0,15.480103,0.009850025
2011-07-14 16:00:00,350.16116,351.67264,347.71414,351.5733,16821.0,0.0,6.289917,0.0039632507
2011-07-17 16:00:00,352.22647,354.64258,351.14526,354.1792,18823.0,0.0,11.810059,0.007412093
2011-07-18 16:00:00,354.15494,355.24274,349.15942,350.52744,21488.0,0.0,-16.550049,-0.010310529
2011-07-19 16:00:00,350.2803,353.4952,348.85934,353.45105,20732.0,0.0,13.25,0.008340625
2011-07-20 16:00:00,353.34515,354.02695,349.6691,350.80325,24096.0,0.0,-12.0,-0.0074912915
2011-07-21 16:00:00,350.60245,354.60284,349.3955,353.2613,17475.0,0.0,11.140015,0.0070069158
2011-07-24 16:00:00,357.69858,357.92365,354.7816,356.25113,19597.0,0.0,13.550049,0.008463491
2011-07-25 16:00:00,356.16064,357.48895,354.77054,357.33228,17922.0,0.0,4.8999023,0.0030348408
2011-07-26 16:00:00,357.22858,359.34024,355.00223,356.04813,20073.0,0.0,-5.8199463,-0.0035937796
2011-07-27 16:00:00,356.05252,357.47128,353.69818,356.6836,15862.0,0.0,2.880005,0.0017847988
2011-07-28 16:00:00,356.70343,360.19635,355.37073,358.97614,19904.0,0.0,10.390015,0.006427436
2011-07-31 16:00:00,356.4276,360.0463,355.00446,357.42276,20750.0,0.0,-7.040039,-0.004327272
2011-08-01 16:00:00,357.37863,366.4893,356.60416,366.2201,22805.0,0.0,39.869995,0.024613235
2011-08-02 16:00:00,366.1142,369.1106,364.45047,366.5246,25897.0,0.0,1.3800049,0.0008314635
2011-08-03 16:00:00,366.40765,371.12958,361.83575,363.7775,29944.0,0.0,-12.449951,-0.007494959
2011-08-04 16:00:00,363.48843,368.48618,362.24838,367.02106,27599.0,0.0,14.699951,0.008916303
2011-08-07 16:00:00,372.11588,379.5981,371.2068,378.87,40271.0,0.0,53.700073,0.032284096
2011-08-08 16:00:00,378.7155,392.63855,378.44412,384.7724,35913.0,0.0,26.75,0.0155789545
2011-08-09 16:00:00,385.03055,396.5441,383.37787,396.02557,34031.0,0.0,51.0,0.029246304
2011-08-10 16:00:00,395.95496,400.454,382.1687,390.0349,45012.0,0.0,-27.150024,-0.015126962
2011-08-11 16:00:00,389.27365,390.1342,380.25125,385.41006,33902.0,0.0,-20.960083,-0.011857531
2011-08-14 16:00:00,383.90744,389.74805,381.32803,389.5605,24664.0,0.0,18.810059,0.010768913
2011-08-15 16:00:00,389.6973,394.29343,388.5455,394.23828,26289.0,0.0,21.199951,0.012007834
2011-08-16 16:00:00,394.0662,395.9704,392.50616,394.65753,22829.0,0.0,1.9000244,0.0010634208
2011-08-17 16:00:00,394.80536,403.4725,393.60944,402.51266,27854.0,0.0,35.599976,0.01990371
2011-08-18 16:00:00,402.47296,414.27554,401.88162,408.60043,35142.0,0.0,27.590088,0.015124404
2011-08-21 16:00:00,413.0752,419.40347,409.92435,418.75256,32716.0,0.0,46.01001,0.024846101
2011-08-22 16:00:00,418.67972,421.91888,402.28543,403.85864,36262.0,0.0,-67.5,-0.03556731
2011-08-23 16:00:00,403.59387,409.0748,386.1073,386.38312,43218.0,0.0,-79.20007,-0.043271396
2011-08-24 16:00:00,386.3478,391.57947,375.7566,391.00577,44351.0,0.0,20.950073,0.011963882
2011-08-25 16:00:00,391.24628,403.34894,387.71808,403.31583,35730.0,0.0,55.789917,0.031483084
2011-08-28 16:00:00,402.95837,403.85202,391.86407,394.73032,37797.0,0.0,-38.910034,-0.021287324
2011-08-29 16:00:00,394.70605,406.00778,393.54105,404.9553,34733.0,0.0,46.340088,0.025903657
2011-08-30 16:00:00,405.01926,405.93054,399.69278,402.7201,31589.0,0.0,-10.130005,-0.0055195964
2011-08-31 16:00:00,402.60977,403.93365,400.15613,402.6936,28418.0,0.0,-0.11999512,-6.574534e-05
2011-09-01 16:00:00,402.7598,415.80466,402.53253,415.4516,29278.0,0.0,57.819946,0.031681642
2011-09-04 16:00:00,416.30112,419.84256,413.53857,418.09943,16593.0,0.0,12.0,0.006373317
2011-09-05 16:00:00,419.56232,423.82532,410.96802,413.43265,44781.0,0.0,-21.150024,-0.011161846
2011-09-06 16:00:00,413.0973,414.8735,395.58206,400.8291,45993.0,0.0,-57.119995,-0.030485135
2011-09-07 16:00:00,399.69278,412.74423,399.69278,412.52356,42672.0,0.0,53.0,0.029175704
2011-09-08 16:00:00,412.45078,416.1533,402.23465,409.42786,48129.0,0.0,-14.029907,-0.00750431
2011-09-11 16:00:00,409.31754,410.49802,397.44653,400.35913,47208.0,0.0,-41.100098,-0.02214982
2011-09-12 16:00:00,400.31058,406.84183,395.95715,404.71695,45248.0,0.0,19.75,0.010884841
2011-09-13 16:00:00,404.60663,407.00952,399.07495,401.45135,39881.0,0.0,-14.799927,-0.008068874
2011-09-14 16:00:00,401.74924,403.01355,391.13596,394.83185,40146.0,0.0,-30.0,-0.016488953
2011-09-15 16:00:00,394.42145,401.90366,388.89633,399.7369,36988.0,0.0,22.22998,0.012423147
2011-09-18 16:00:00,402.36707,403.09518,390.65714,392.48853,34443.0,0.0,-32.849976,-0.018132828
2011-09-19 16:00:00,392.38922,399.6751,390.48502,397.94965,39616.0,0.0,24.75,0.013914031
2011-09-20 16:00:00,398.02686,400.79602,392.48853,393.2983,41642.0,0.0,-21.080078,-0.011688232
2011-09-21 16:00:00,392.83493,394.1699,379.66876,383.4242,51084.0,0.0,-44.75,-0.025105894
2011-09-22 16:00:00,383.30948,387.27457,359.34024,365.52945,58205.0,0.0,-81.099976,-0.046670873
2011-09-25 16:00:00,362.20868,367.10712,338.17984,359.29608,62969.0,0.0,-28.25,-0.017053
2011-09-26 16:00:00,358.89893,370.01968,356.32834,363.9849,50421.0,0.0,21.25,0.01305002
2011-09-27 16:00:00,364.16806,368.26553,352.7097,354.94266,51618.0,0.0,-40.97998,-0.024842374
2011-09-28 16:00:00,354.57858,360.78546,349.31165,356.60416,48812.0,0.0,7.5300293,0.0046810494
2011-09-29 16:00:00,355.24274,361.97256,354.45282,358.2811,41167.0,0.0,7.5999756,0.0047025187
2011-10-02 16:00:00,358.88788,367.2285,358.4466,366.1583,39402.0,0.0,35.69995,0.021986114
2011-10-03 16:00:00,366.4231,370.43893,352.1095,358.75107,45443.0,0.0,-33.569946,-0.020229563
2011-10-04 16:00:00,358.4466,363.38474,352.40738,362.0101,44388.0,0.0,14.77002,0.009084323
2011-10-05 16:00:00,362.18658,365.16098,359.9801,364.37103,42058.0,0.0,10.699951,0.0065217754
2011-10-06 16:00:00,364.19232,367.70947,358.86142,361.4033,42590.0,0.0,-13.449951,-0.008144822
2011-10-09 16:00:00,361.93286,370.16974,361.7409,369.7064,33340.0,0.0,37.630005,0.022974543
2011-10-10 16:00:00,369.84097,371.67017,364.94473,366.94824,18548.0,0.0,-12.5,-0.007460326
2011-10-11 16:00:00,367.01004,372.60132,366.4959,369.54532,2126.0,0.0,11.77002,0.0070774546
2011-10-12 16:00:00,369.9491,371.52673,366.17596,367.83527,882.0,0.0,-7.75,-0.0046274182
2011-10-13 16:00:00,367.58813,371.5201,367.04752,370.8317,25171.0,0.0,13.579956,0.0081461
2011-10-16 16:00:00,370.90228,373.94727,367.3057,368.57004,32040.0,0.0,-10.25,-0.0060989032
2011-10-17 16:00:00,368.57443,369.93805,358.9541,365.38602,37583.0,0.0,-14.430054,-0.008638785
2011-10-18 16:00:00,365.25806,367.42264,361.78943,362.34106,34570.0,0.0,-13.799927,-0.0083335405
2011-10-19 16:00:00,362.68304,362.8949,353.82397,357.575,42599.0,0.0,-21.599976,-0.013153473
2011-10-20 16:00:00,357.17786,363.7422,355.57812,362.319,35595.0,0.0,21.5,0.0132671
2011-10-23 16:00:00,361.78943,366.6989,360.84064,364.79028,32734.0,0.0,11.199951,0.0068207122
2011-10-24 16:00:00,364.67996,377.05844,362.63895,376.04346,37116.0,0.0,51.0,0.03084833
2011-10-25 16:00:00,376.231,380.98602,373.99582,380.50058,33810.0,0.0,20.199951,0.011852693
2011-10-26 16:00:00,380.69696,386.0941,376.40753,385.03494,35846.0,0.0,20.550049,0.011916872
2011-10-27 16:00:00,384.92462,386.63467,382.2437,384.67087,33768.0,0.0,-1.6500244,-0.00094557274
2011-10-30 16:00:00,384.5363,385.046,376.17584,378.3603,39025.0,0.0,-28.599976,-0.016405184
2011-10-31 16:00:00,378.18597,380.4344,370.92438,379.39734,38886.0,0.0,4.699951,0.0027408958
2011-11-01 16:00:00,379.4481,384.82535,378.24997,383.14838,33857.0,0.0,17.0,0.009886882
2011-11-02 16:00:00,383.2521,390.0437,380.09238,389.0839,37450.0,0.0,26.900024,0.015491391
2011-11-03 16:00:00,389.32,389.37515,385.80722,387.10907,30946.0,0.0,-8.949951,-0.005075539
2011-11-06 16:00:00,386.959,396.79562,386.78912,395.98584,34424.0,0.0,40.22998,0.022930905
2011-11-07 16:00:00,396.1337,397.76648,392.0737,394.10367,32516.0,0.0,-8.530029,-0.0047530853
2011-11-08 16:00:00,394.11472,397.10452,389.1942,390.46957,33839.0,0.0,-16.46997,-0.0092211915
2011-11-09 16:00:00,390.41882,391.70963,382.95642,387.92548,35159.0,0.0,-11.530029,-0.006515503
2011-11-10 16:00:00,387.84824,394.7546,384.85843,394.51187,29887.0,0.0,29.849976,0.016978543
2011-11-13 16:00:00,394.4876,396.3433,391.29037,392.76877,31886.0,0.0,-7.8999023,-0.0044184136
2011-11-14 16:00:00,392.76877,394.22064,388.3778,392.86804,31757.0,0.0,0.44995117,0.00025277445
2011-11-15 16:00:00,392.90115,393.54105,386.84427,389.02872,34567.0,0.0,-17.400024,-0.009772549
2011-11-16 16:00:00,389.10596,389.84955,377.43356,379.78348,38739.0,0.0,-41.900024,-0.023764974
2011-11-17 16:00:00,379.73935,383.32492,377.4887,380.26892,36453.0,0.0,2.2000732,0.0012782206
2011-11-20 16:00:00,380.2667,380.91983,367.70285,370.06384,38958.0,0.0,-46.25,-0.026836487
2011-11-21 16:00:00,370.07486,376.28616,368.03384,374.92917,34549.0,0.0,22.049927,0.01314726
2011-11-22 16:00:00,374.9402,377.33426,370.09692,373.314,32320.0,0.0,-7.3199463,-0.004307878
2011-11-23 16:00:00,373.34048,375.50287,372.36963,373.9914,16707.0,0.0,3.0699463,0.0018145178
2011-11-24 16:00:00,373.90317,374.58716,368.88336,370.74783,22693.0,0.0,-14.699951,-0.008672793
2011-11-27 16:00:00,371.6106,379.62903,371.2443,377.71158,19849.0,0.0,31.560059,0.018782955
2011-11-28 16:00:00,377.7866,379.50766,375.8669,378.49268,25225.0,0.0,3.539917,0.002067938
2011-11-29 16:00:00,378.49268,386.16028,375.3043,385.31076,29356.0,0.0,30.900024,0.018013831
2011-11-30 16:00:00,385.33282,387.04288,382.49747,384.91357,26427.0,0.0,-1.8000488,-0.0010308082
2011-12-01 16:00:00,384.92462,388.9934,383.46835,385.23355,19307.0,0.0,1.4500732,0.0008312496
2011-12-04 16:00:00,385.43875,387.215,379.01782,380.11005,39456.0,0.0,-23.21997,-0.013299714
2011-12-05 16:00:00,380.1674,382.3474,375.55582,381.3148,45130.0,0.0,5.459961,0.0031694574
2011-12-06 16:00:00,381.40085,384.52084,379.5606,384.31342,39109.0,0.0,13.589966,0.007863927
2011-12-07 16:00:00,384.57822,387.40915,375.9949,376.88416,34403.0,0.0,-33.66992,-0.01933131
2011-12-08 16:00:00,376.88193,380.37482,375.84045,377.51077,29659.0,0.0,2.8399658,0.001662685
2011-12-11 16:00:00,377.86603,378.35587,365.6795,367.60358,26551.0,0.0,-44.900024,-0.026243512
2011-12-12 16:00:00,367.3454,370.24695,357.99423,359.92493,34820.0,0.0,-34.80005,-0.020888384
2011-12-13 16:00:00,359.9691,362.17117,344.93173,347.24417,42291.0,0.0,-57.46997,-0.035231713
2011-12-14 16:00:00,348.05396,351.68365,344.5125,346.4101,41304.0,0.0,-3.7800293,-0.0024019554
2011-12-15 16:00:00,346.64178,353.2679,346.5866,352.69864,30004.0,0.0,28.5,0.018153446
2011-12-18 16:00:00,352.82663,354.8897,349.35138,351.71234,23993.0,0.0,-4.4699707,-0.0027964409
2011-12-19 16:00:00,351.3306,357.0631,351.28207,356.3504,31578.0,0.0,21.02002,0.013187129
2011-12-20 16:00:00,356.3085,362.18222,354.34912,356.33936,29783.0,0.0,-0.050048828,-3.0989988e-05
2011-12-21 16:00:00,356.29523,356.74316,352.61697,354.35352,30936.0,0.0,-9.0,-0.005572928
2011-12-22 16:00:00,354.35352,356.07016,353.0296,354.45282,19030.0,0.0,0.45007324,0.0002802536
2011-12-26 16:00:00,354.40427,354.84558,350.5429,351.27103,35260.0,0.0,-14.420044,-0.008976621
2011-12-27 16:00:00,351.2622,351.42328,341.7169,343.29013,50950.0,0.0,-36.16992,-0.022720085
2011-12-28 16:00:00,343.27466,344.3426,335.78137,340.7791,51557.0,0.0,-11.380005,-0.007314521
2011-12-29 16:00:00,340.8078,348.78207,340.58054,345.2583,47400.0,0.0,20.299927,0.01314396
2012-01-01 16:00:00,344.90085,344.90085,344.90085,344.90085,1.0,0.0,-1.6199951,-0.0010353193
2012-01-02 16:00:00,346.20047,354.50357,345.71063,353.72025,45278.0,0.0,39.96997,0.025570799
2012-01-03 16:00:00,353.68716,356.9528,351.27988,355.46338,57618.0,0.0,7.9000244,0.004928029
2012-01-04 16:00:00,355.47443,358.5856,352.1757,357.99866,62179.0,0.0,11.48999,0.007132299
2012-01-05 16:00:00,357.7714,359.89844,354.9184,356.84244,44116.0,0.0,-5.23999,-0.0032296376
2012-01-08 16:00:00,356.36804,358.23697,354.08875,355.47223,48219.0,0.0,-6.209961,-0.0038398749
2012-01-09 16:00:00,355.22067,361.86887,354.84558,360.1831,47712.0,0.0,21.349976,0.013252459
2012-01-10 16:00:00,359.96686,363.42664,359.66458,362.23737,47458.0,0.0,9.310059,0.0057034
2012-01-11 16:00:00,362.24396,366.69672,361.86887,364.06213,47544.0,0.0,8.269897,0.00503746
2012-01-12 16:00:00,363.79294,363.97827,358.59882,361.64822,51762.0,0.0,-10.939941,-0.0066304686
2012-01-15 16:00:00,360.73474,363.39136,359.96246,362.41388,28512.0,0.0,3.4699707,0.002117114
2012-01-16 16:00:00,362.36975,367.9456,362.0829,364.47916,48063.0,0.0,9.359985,0.0056986907
2012-01-17 16:00:00,364.53653,366.7673,362.41608,366.17596,53768.0,0.0,7.6900635,0.004655453
2012-01-18 16:00:00,365.9222,368.48618,363.89005,365.84277,43232.0,0.0,-1.5100098,-0.00090990204
2012-01-19 16:00:00,365.54712,367.77127,362.95667,367.62564,44956.0,0.0,8.079956,0.004873256
2012-01-22 16:00:00,367.35202,370.98392,366.8048,370.0131,40258.0,0.0,10.820068,0.006494249
2012-01-23 16:00:00,369.8498,370.6044,366.5908,367.49545,46785.0,0.0,-11.410034,-0.0068041612
2012-01-24 16:00:00,367.22406,377.9521,363.8525,377.36957,52075.0,0.0,44.75,0.026868647
2012-01-25 16:00:00,377.4887,381.77594,375.7478,379.60696,49281.0,0.0,10.140015,0.0059289318
2012-01-26 16:00:00,379.54074,383.79712,378.28967,383.625,43896.0,0.0,18.20996,0.010584725
2012-01-29 16:00:00,383.1197,383.8964,378.6692,381.67667,50813.0,0.0,-8.829956,-0.0050787446
2012-01-30 16:00:00,381.98557,385.58215,380.8757,383.53452,53916.0,0.0,8.419922,0.004867626
2012-01-31 16:00:00,383.15942,386.36548,382.2967,384.7437,58032.0,0.0,5.4801025,0.0031527458
2012-02-01 16:00:00,384.71503,388.55875,384.1325,388.15936,53182.0,0.0,15.47998,0.008877764
2012-02-02 16:00:00,388.05786,389.03314,380.302,380.7764,47559.0,0.0,-33.460083,-0.019020488
2012-02-05 16:00:00,381.30374,383.486,377.68948,379.50766,47288.0,0.0,-5.75,-0.0033319814
2012-02-06 16:00:00,379.49664,386.06763,377.31882,385.057,49257.0,0.0,25.150024,0.014622533
2012-02-07 16:00:00,385.02393,386.55966,380.47632,382.3739,48269.0,0.0,-12.160034,-0.006968102
2012-02-08 16:00:00,382.1334,386.6678,380.78964,381.50897,51601.0,0.0,-3.9199219,-0.0022620067
2012-02-09 16:00:00,381.7318,382.73138,376.1273,379.68417,49994.0,0.0,-8.27002,-0.0047830674
2012-02-12 16:00:00,380.8757,382.4114,378.6405,379.96442,36264.0,0.0,1.2700195,0.0007380616
2012-02-13 16:00:00,379.8938,381.19342,377.76013,379.51648,50193.0,0.0,-2.0300293,-0.0011788651
2012-02-14 16:00:00,379.67978,383.31168,379.16788,381.26846,47084.0,0.0,7.9400635,0.004616343
2012-02-15 16:00:00,381.32364,381.6965,376.27072,381.26846,49962.0,0.0,0.0,0.0
2012-02-16 16:00:00,381.25742,382.96304,378.88544,380.2005,39921.0,0.0,-4.840088,-0.0028010902
2012-02-19 16:00:00,380.97498,383.2808,380.86908,382.74017,17726.0,0.0,11.51001,0.006679866
2012-02-20 16:00:00,382.69608,388.28955,381.87964,388.12405,38504.0,0.0,24.400024,0.014066658
2012-02-21 16:00:00,388.2057,393.09753,385.95947,391.85306,35941.0,0.0,16.900024,0.009607745
2012-02-22 16:00:00,392.02957,394.3464,391.0234,392.85922,45318.0,0.0,4.5599365,0.0025676764
2012-02-23 16:00:00,392.7224,393.35788,390.6417,390.9594,43509.0,0.0,-8.609985,-0.0048358208
2012-02-26 16:00:00,391.63904,392.59885,388.67126,389.97974,44620.0,0.0,-4.4399414,-0.0025058223
2012-02-27 16:00:00,390.25336,394.9245,389.61566,393.64032,44565.0,0.0,16.589966,0.009386597
2012-02-28 16:00:00,393.7396,395.07675,372.20413,374.37314,56249.0,0.0,-87.31995,-0.048946157
2012-02-29 16:00:00,374.01788,380.78302,373.92743,379.08182,61297.0,0.0,21.339966,0.012577483
2012-03-01 16:00:00,379.0487,380.41672,376.18466,377.74246,47747.0,0.0,-6.0700684,-0.0035331768
2012-03-04 16:00:00,377.53946,378.78174,373.69794,376.46933,49372.0,0.0,-5.7698975,-0.0033703658
2012-03-05 16:00:00,376.4627,377.05844,366.96588,369.3864,53697.0,0.0,-32.100098,-0.018814016
2012-03-06 16:00:00,369.59604,372.4645,368.74435,371.70105,44282.0,0.0,10.48999,0.0062661227
2012-03-07 16:00:00,371.6834,375.94196,371.36346,374.9843,44190.0,0.0,14.880005,0.008833118
2012-03-08 16:00:00,375.01523,378.3051,369.9491,378.04694,47457.0,0.0,13.880005,0.008167352
2012-03-11 16:00:00,378.10654,378.21906,373.44638,375.3484,43027.0,0.0,-12.22998,-0.007138135
2012-03-12 16:00:00,375.14322,376.32147,366.68344,369.31363,49640.0,0.0,-27.349976,-0.016077818
2012-03-13 16:00:00,369.54532,371.18253,360.6288,362.8574,53707.0,0.0,-29.26001,-0.017481709
2012-03-14 16:00:00,362.61246,367.6852,360.98407,365.9222,48568.0,0.0,13.890015,0.008446396
2012-03-15 16:00:00,365.7082,367.29245,361.7674,366.22452,45167.0,0.0,1.3699951,0.0008261045
2012-03-18 16:00:00,366.7408,368.42218,364.58505,367.21744,37227.0,0.0,4.5,0.0027112516
2012-03-19 16:00:00,367.2285,367.29245,362.19986,364.1989,42080.0,0.0,-13.680054,-0.008219951
2012-03-20 16:00:00,364.23645,366.64597,363.3053,364.13495,40719.0,0.0,-0.289917,-0.0001756466
2012-03-21 16:00:00,364.03345,365.4434,359.2255,363.1354,44118.0,0.0,-4.5300293,-0.0027450065
2012-03-22 16:00:00,362.73383,367.6874,362.30576,366.61066,51511.0,0.0,15.75,0.009570105
2012-03-25 16:00:00,368.16403,373.6185,365.29337,372.8727,52252.0,0.0,28.380005,0.017080953
2012-03-26 16:00:00,372.98746,374.40622,370.589,370.78537,41033.0,0.0,-9.459961,-0.0055980077
2012-03-27 16:00:00,370.6353,371.63928,365.1036,367.0343,49783.0,0.0,-17.0,-0.0101165185
2012-03-28 16:00:00,366.84674,367.35864,362.98978,366.57312,51387.0,0.0,-2.090088,-0.0012565004
2012-03-29 16:00:00,366.58417,368.5965,366.22452,368.06473,33256.0,0.0,6.76001,0.004069035
2012-04-01 16:00:00,369.29156,371.4164,366.88647,370.1521,50545.0,0.0,9.460083,0.005671207
2012-04-02 16:00:00,370.01968,370.87582,361.61734,363.15305,58082.0,0.0,-31.720093,-0.018908583
2012-04-03 16:00:00,363.09787,363.62082,355.737,357.564,62315.0,0.0,-25.329956,-0.015390385
2012-04-04 16:00:00,357.53088,360.38168,357.4272,359.85876,37323.0,0.0,10.400024,0.006417787
2012-04-08 16:00:00,362.8331,363.72012,360.8671,361.86887,31303.0,0.0,9.109985,0.0055858637
2012-04-09 16:00:00,361.98804,366.91956,360.05954,366.2201,46157.0,0.0,19.71997,0.012024299
2012-04-10 16:00:00,366.1186,366.80923,364.71307,365.984,52513.0,0.0,-1.0699463,-0.00064465083
2012-04-11 16:00:00,366.07007,370.68384,364.16806,369.69092,51625.0,0.0,16.799927,0.010128614
2012-04-12 16:00:00,369.65564,370.2205,363.89883,365.87146,51588.0,0.0,-17.309937,-0.010331454
2012-04-15 16:00:00,364.6976,365.73026,362.1425,364.44388,40281.0,0.0,-6.4699707,-0.0039019212
2012-04-16 16:00:00,364.64023,365.68393,360.6994,363.93414,45931.0,0.0,-2.3100586,-0.0013986115
2012-04-17 16:00:00,364.0467,365.0021,361.38126,362.27927,45201.0,0.0,-7.5,-0.004547191
2012-04-18 16:00:00,362.2815,364.88516,359.87418,362.4227,52969.0,0.0,0.6500244,0.00039590494
2012-04-19 16:00:00,362.4183,363.41562,361.52686,362.51758,45018.0,0.0,0.42993164,0.00026175124
2012-04-22 16:00:00,362.27487,362.56613,358.15314,361.52686,48640.0,0.0,-4.48999,-0.0027328832
2012-04-23 16:00:00,361.4739,363.879,360.52512,362.28592,45319.0,0.0,3.4400635,0.0020995713
2012-04-24 16:00:00,362.14468,363.27884,358.47968,362.661,50302.0,0.0,1.6999512,0.0010353561
2012-04-25 16:00:00,362.7934,366.43854,362.26385,365.61108,46061.0,0.0,13.369995,0.00813458
2012-04-26 16:00:00,365.45224,367.9169,364.18127,366.8313,42952.0,0.0,5.5300293,0.0033374347
2012-04-29 16:00:00,367.074,367.55283,362.8927,367.21744,35974.0,0.0,1.75,0.0010526315
2012-04-30 16:00:00,367.33218,368.74875,365.66183,366.6923,32880.0,0.0,-2.380005,-0.0014300765
2012-05-01 16:00:00,366.73862,366.9968,363.12436,364.71307,42958.0,0.0,-8.969971,-0.0053975163
2012-05-02 16:00:00,364.6998,364.83218,359.86096,360.84064,41135.0,0.0,-17.550049,-0.010617731
2012-05-03 16:00:00,360.92007,363.42227,358.91656,361.9836,26198.0,0.0,5.1800537,0.0031675505
2012-05-06 16:00:00,361.2069,362.41388,360.18753,361.48273,39307.0,0.0,-2.2700195,-0.001383711
2012-05-07 16:00:00,361.4761,361.65485,351.99698,354.18362,44857.0,0.0,-33.079956,-0.020192128
2012-05-08 16:00:00,354.16595,354.43076,348.66074,350.6753,53057.0,0.0,-15.900024,-0.009905446
2012-05-09 16:00:00,350.71277,353.39368,349.85666,351.6616,47187.0,0.0,4.4699707,0.0028125758
2012-05-10 16:00:00,351.51816,351.91974,347.0985,348.41803,51484.0,0.0,-14.699951,-0.009223498
2012-05-13 16:00:00,348.6806,349.85666,343.3541,343.4203,51812.0,0.0,-22.650024,-0.014344082
2012-05-14 16:00:00,343.49753,345.06192,340.0973,340.65775,53134.0,0.0,-12.52002,-0.008044217
2012-05-15 16:00:00,340.86075,342.35452,336.91772,339.6582,65052.0,0.0,-4.5300293,-0.0029341849
2012-05-16 16:00:00,339.5214,348.59232,339.46622,347.29932,53688.0,0.0,34.630005,0.022496512
2012-05-17 16:00:00,347.4538,352.48682,345.9401,351.3924,58771.0,0.0,18.550049,0.011785441
2012-05-20 16:00:00,351.1916,352.90384,349.64926,351.4696,51343.0,0.0,0.3499756,0.00021976074
2012-05-21 16:00:00,351.51373,351.79617,344.5125,346.035,53864.0,0.0,-24.630005,-0.0154625615
2012-05-22 16:00:00,345.82538,346.12106,338.36298,344.47058,64858.0,0.0,-7.089966,-0.004520941
2012-05-23 16:00:00,344.4529,347.80682,342.34793,343.95425,30820.0,0.0,-2.340088,-0.0014989417
2012-05-24 16:00:00,343.7358,347.0985,342.2376,347.07867,6645.0,0.0,14.160034,0.009083817
2012-05-28 16:00:00,347.85315,349.18588,341.5646,343.10034,29183.0,0.0,-18.03003,-0.011462338
2012-05-29 16:00:00,342.96796,346.29095,338.2041,344.73315,49096.0,0.0,7.4000244,0.0047590113
2012-05-30 16:00:00,344.79715,347.01688,342.59506,344.19257,45199.0,0.0,-2.4499512,-0.0015681193
2012-05-31 16:00:00,344.15506,359.6447,340.92694,358.2061,53441.0,0.0,63.51001,0.040714152
2012-06-03 16:00:00,358.34067,359.2277,354.98898,357.17343,43336.0,0.0,-4.6800537,-0.0028828538
2012-06-04 16:00:00,357.1999,358.21268,355.71494,356.73654,36067.0,0.0,-1.9799805,-0.001223169
2012-06-05 16:00:00,356.80273,362.04758,355.9819,357.53088,45951.0,0.0,3.5999756,0.0022266742
2012-06-06 16:00:00,357.4603,359.3292,348.3143,350.58038,45571.0,0.0,-31.5,-0.019440245
2012-06-07 16:00:00,350.63113,351.95065,343.13345,351.54684,43948.0,0.0,4.380005,0.002756714
2012-06-10 16:00:00,354.45502,354.59183,349.01157,352.23087,58999.0,0.0,3.0999756,0.0019457176
2012-06-11 16:00:00,352.1757,356.8491,349.96698,355.21405,57490.0,0.0,13.52002,0.008469439
2012-06-12 16:00:00,355.16992,358.462,354.3447,356.74316,50572.0,0.0,6.9300537,0.0043047825
2012-06-13 16:00:00,357.0234,359.18134,355.10373,358.5503,55068.0,0.0,8.189941,0.005065588
2012-06-14 16:00:00,357.82874,360.32874,357.4007,359.01584,47185.0,0.0,2.1099854,0.0012984765
2012-06-17 16:00:00,356.46957,359.6381,356.02826,359.2696,60871.0,0.0,1.1500244,0.00070680265
2012-06-18 16:00:00,359.05338,360.36185,356.87775,356.9903,58007.0,0.0,-10.329956,-0.006344286
2012-06-19 16:00:00,357.03442,358.02734,350.87607,354.32043,58687.0,0.0,-12.099976,-0.0074788155
2012-06-20 16:00:00,354.45282,354.5852,345.16782,345.24728,65031.0,0.0,-41.119995,-0.02560717
2012-06-21 16:00:00,345.32892,347.12943,343.802,346.96173,54956.0,0.0,7.7698975,0.004965806
2012-06-24 16:00:00,346.03278,350.44138,345.58044,349.57645,57404.0,0.0,11.850098,0.007536073
2012-06-25 16:00:00,349.96918,350.25385,345.88055,346.8911,55097.0,0.0,-12.170044,-0.0076816534
2012-06-26 16:00:00,346.8139,349.40213,344.79272,347.3545,52495.0,0.0,2.0999756,0.0013357518
2012-06-27 16:00:00,347.2927,348.36948,341.55798,342.42737,58502.0,0.0,-22.329956,-0.0141846845
2012-06-28 16:00:00,342.32806,354.5499,342.22214,352.38974,65517.0,0.0,45.150024,0.029093385
2012-07-01 16:00:00,352.89722,353.54596,350.18762,352.1757,53696.0,0.0,-0.9700928,-0.0006074279
2012-07-02 16:00:00,352.3853,358.4973,351.90207,356.83582,54600.0,0.0,21.119995,0.0132324165
2012-07-03 16:00:00,356.80273,357.5022,355.58698,356.20697,24309.0,0.0,-2.8499756,-0.0017622901
2012-07-04 16:00:00,356.46072,358.3539,352.4515,354.02252,32744.0,0.0,-9.900024,-0.006132514
2012-07-05 16:00:00,354.12183,355.0927,347.88626,349.3889,35941.0,0.0,-21.0,-0.013088598
2012-07-08 16:00:00,348.5129,351.54022,347.92157,350.2384,27860.0,0.0,3.8500977,0.0024314616
2012-07-09 16:00:00,350.59143,353.25467,345.1855,345.6599,34631.0,0.0,-20.75,-0.013072513
2012-07-10 16:00:00,345.61575,349.2852,345.5606,347.8333,32801.0,0.0,9.849976,0.0062876865
2012-07-11 16:00:00,347.88846,348.1731,342.99664,346.92865,37183.0,0.0,-4.0999756,-0.0026008473
2012-07-12 16:00:00,346.6859,352.31912,345.53854,350.6797,30922.0,0.0,17.0,0.010812186
2012-07-15 16:00:00,351.30853,351.84473,348.18854,350.42154,30918.0,0.0,-1.170044,-0.0007362008
2012-07-16 16:00:00,350.55832,352.7472,346.79404,349.14615,45524.0,0.0,-5.7800293,-0.003639519
2012-07-17 16:00:00,349.35138,349.88095,345.95337,347.13824,32874.0,0.0,-9.099976,-0.005750925
2012-07-18 16:00:00,347.10513,351.1629,346.9948,348.88803,31901.0,0.0,7.9300537,0.0050405553
2012-07-19 16:00:00,348.9145,350.20087,347.2243,349.55658,34990.0,0.0,3.0299072,0.0019162316
2012-07-22 16:00:00,349.08438,349.19913,344.99353,347.862,32576.0,0.0,-7.6799316,-0.004847799
2012-07-23 16:00:00,347.88406,349.50803,346.19608,348.79312,39632.0,0.0,4.2199707,0.002676746
2012-07-24 16:00:00,348.69385,355.25378,348.343,354.06226,47739.0,0.0,23.880005,0.015106756
2012-07-25 16:00:00,354.2432,357.7758,353.3363,356.54898,41990.0,0.0,11.27002,0.007023438
2012-07-26 16:00:00,356.30627,359.54984,355.62225,358.0715,74372.0,0.0,6.9000244,0.0042700814
2012-07-29 16:00:00,358.08914,358.50174,356.15182,357.95233,64234.0,0.0,-0.54003906,-0.00033278225
2012-07-30 16:00:00,357.8839,359.1968,355.41486,356.17386,82843.0,0.0,-8.060059,-0.0049684136
2012-07-31 16:00:00,356.09665,357.09842,351.22028,352.83105,85042.0,0.0,-15.149902,-0.009385394
2012-08-01 16:00:00,352.93033,356.39453,349.48157,350.65762,83034.0,0.0,-9.850098,-0.006159968
2012-08-02 16:00:00,350.448,354.49695,349.903,353.77103,80428.0,0.0,14.110107,0.008878749
2012-08-05 16:00:00,353.95856,356.43204,353.69156,355.46338,68851.0,0.0,7.669922,0.0047838045
2012-08-06 16:00:00,355.45676,357.08957,354.93823,355.45676,80259.0,0.0,-0.030029297,-1.864039e-05
2012-08-07 16:00:00,355.64435,356.7255,353.75336,355.8054,75575.0,0.0,1.5800781,0.0009808362
2012-08-08 16:00:00,355.82306,357.07855,355.14346,356.84467,69293.0,0.0,4.709961,0.0029208516
2012-08-09 16:00:00,356.8204,358.85477,354.27628,357.40955,66612.0,0.0,2.5600586,0.00158298
2012-08-12 16:00:00,357.72504,358.6275,354.6514,355.26923,60281.0,0.0,-9.700073,-0.0059884386
2012-08-13 16:00:00,355.24716,356.63727,351.01727,352.84207,67731.0,0.0,-11.0,-0.0068318737
2012-08-14 16:00:00,352.82,354.4484,350.81207,353.7732,67369.0,0.0,4.2199707,0.002638966
2012-08-15 16:00:00,353.7467,357.13373,353.1951,356.21802,64387.0,0.0,11.080078,0.006910709
2012-08-16 16:00:00,356.20697,357.54855,355.6002,356.46072,65131.0,0.0,1.0999756,0.00068135257
2012-08-19 16:00:00,356.86893,357.98322,355.16992,357.54193,61231.0,0.0,4.9000244,0.0030331318
2012-08-20 16:00:00,357.54855,362.13806,357.11163,361.42535,69644.0,0.0,17.599976,0.0108615
2012-08-21 16:00:00,361.4033,365.36618,360.64203,363.59875,55311.0,0.0,9.849976,0.006013416
2012-08-22 16:00:00,363.61642,369.52985,363.61642,368.4553,67013.0,0.0,22.01001,0.013356804
2012-08-23 16:00:00,368.55237,369.30258,366.8004,368.57666,61159.0,0.0,0.5500488,0.00032939817
2012-08-26 16:00:00,369.19888,369.98883,366.8931,367.02106,59431.0,0.0,-7.050049,-0.00422055
2012-08-27 16:00:00,367.00784,368.9694,365.63315,367.65652,67436.0,0.0,2.880005,0.0017314381
2012-08-28 16:00:00,367.60138,368.44205,364.56302,366.3194,59070.0,0.0,-6.0599365,-0.003636893
2012-08-29 16:00:00,365.52945,367.15564,364.33133,365.18747,59560.0,0.0,-5.130005,-0.0030900291
2012-08-30 16:00:00,365.26025,373.53687,363.21042,373.2743,70488.0,0.0,36.649902,0.022144286
2012-09-02 16:00:00,373.08673,374.04218,371.86215,373.18604,58590.0,0.0,-0.39990234,-0.00023639083
2012-09-03 16:00:00,373.40228,374.89166,372.44025,373.94727,74366.0,0.0,3.4499512,0.002039822
2012-09-04 16:00:00,374.0245,374.20764,372.28134,373.57877,71791.0,0.0,-1.670044,-0.000985422
2012-09-05 16:00:00,373.62735,378.2279,373.2081,375.29102,72253.0,0.0,7.76001,0.0045833685
2012-09-06 16:00:00,375.43668,384.39285,372.6344,382.96085,73744.0,0.0,34.76001,0.020436967
2012-09-09 16:00:00,382.61884,383.92065,380.5359,380.54913,81149.0,0.0,-10.929932,-0.0062974948
2012-09-10 16:00:00,380.79407,383.49704,380.7764,382.08487,71151.0,0.0,6.959961,0.004035532
2012-09-11 16:00:00,382.08707,385.4895,380.66608,381.90613,77854.0,0.0,-0.8100586,-0.0004678012
2012-09-12 16:00:00,381.88626,391.1249,379.05533,389.85837,79895.0,0.0,36.04004,0.020822523
2012-09-13 16:00:00,389.98416,392.2502,389.5605,390.59534,82597.0,0.0,3.3399658,0.0018903399
2012-09-16 16:00:00,391.48898,391.88837,387.05392,388.76175,80606.0,0.0,-8.309937,-0.004694349
2012-09-17 16:00:00,388.7816,391.28598,386.60156,390.76303,96670.0,0.0,9.069946,0.0051478506
2012-09-18 16:00:00,390.77188,392.60327,389.41486,390.36368,77466.0,0.0,-1.8099365,-0.0010220087
2012-09-19 16:00:00,390.5468,391.0146,387.3893,389.98856,92720.0,0.0,-1.7000732,-0.0009609548
2012-09-20 16:00:00,389.98416,394.36407,389.70172,391.16904,86630.0,0.0,5.3500977,0.0030270151
2012-09-23 16:00:00,390.72552,390.73434,387.34958,389.21405,69951.0,0.0,-8.860107,-0.0049978043
2012-09-24 16:00:00,389.20084,391.61255,388.0711,388.43518,72817.0,0.0,-3.5299072,-0.0020011493
2012-09-25 16:00:00,388.4153,389.52518,383.17047,386.72955,67331.0,0.0,-7.7299805,-0.0043910113
2012-09-26 16:00:00,386.76263,392.77316,386.3346,392.05164,72634.0,0.0,24.119995,0.013761778
2012-09-27 16:00:00,392.098,393.43512,389.94662,390.98148,72631.0,0.0,-4.8500977,-0.002729681
2012-09-30 16:00:00,390.24008,395.28857,389.03314,392.47308,65898.0,0.0,6.76001,0.0038150116
2012-10-01 16:00:00,390.32172,393.6712,390.32172,391.4956,64322.0,0.0,-4.4299316,-0.0024905307
2012-10-02 16:00:00,391.47574,393.12622,390.70126,392.24582,70386.0,0.0,3.4000244,0.001916284
2012-10-03 16:00:00,392.19067,396.0741,392.19067,394.89362,73782.0,0.0,12.0,0.006750371
2012-10-04 16:00:00,394.9223,396.23074,391.23523,392.80847,69250.0,0.0,-9.450073,-0.0052803145
2012-10-07 16:00:00,392.21713,392.62976,389.801,391.59048,67169.0,0.0,-5.5200195,-0.003100734
2012-10-08 16:00:00,391.65005,392.6761,388.4374,389.07947,71336.0,0.0,-11.380005,-0.006412318
2012-10-09 16:00:00,389.51196,390.15182,387.61655,388.786,0.0,0.0,-1.329956,-0.00075422984
2012-10-10 16:00:00,388.7375,391.5993,387.92548,389.9268,0.0,0.0,5.170044,0.0029341907
2012-10-11 16:00:00,389.97754,391.2794,386.5795,386.8222,0.0,0.0,-14.070068,-0.007961921
2012-10-14 16:00:00,386.52435,386.809,381.3545,383.15942,0.0,0.0,-16.599976,-0.009468927
2012-10-15 16:00:00,383.12192,385.74765,382.69608,385.67484,0.0,0.0,11.400024,0.0065649436
2012-10-16 16:00:00,385.3549,386.9105,384.5054,386.00583,0.0,0.0,1.5,0.00085817266
2012-10-17 16:00:00,385.87344,386.6148,383.33817,384.11926,0.0,0.0,-8.550049,-0.004887418
2012-10-18 16:00:00,384.2009,384.66867,378.55225,379.87173,0.0,0.0,-19.25,-0.011057816
2012-10-21 16:00:00,379.12595,381.5928,378.02267,381.3898,0.0,0.0,6.880005,0.0039962856
2012-10-22 16:00:00,381.40527,381.74725,375.87796,376.69437,0.0,0.0,-21.28003,-0.012311412
2012-10-23 16:00:00,376.7054,378.261,374.74823,375.5117,0.0,0.0,-5.3599854,-0.0031396353
2012-10-24 16:00:00,375.55362,379.0774,375.3484,377.42252,0.0,0.0,8.660034,0.00508863
2012-10-25 16:00:00,377.60126,379.2517,375.23364,377.3784,0.0,0.0,-0.19995117,-0.00011689633
2012-10-28 16:00:00,377.44238,378.92075,376.36337,377.13565,0.0,0.0,-1.1000977,-0.0006432191
2012-10-29 16:00:00,377.1092,378.45737,376.1229,377.15775,0.0,0.0,0.100097656,5.856404e-05
2012-10-30 16:00:00,377.2217,380.8426,377.0695,379.40836,0.0,0.0,10.199951,0.0059673265
2012-10-31 16:00:00,379.17667,381.06546,377.99622,378.20804,0.0,0.0,-5.4399414,-0.0031636762
2012-11-01 16:00:00,378.3051,378.82806,368.91864,370.119,0.0,0.0,-36.660034,-0.021387836
2012-11-04 16:00:00,369.8542,372.0828,369.01575,371.77386,0.0,0.0,7.5,0.004471205
2012-11-05 16:00:00,371.77386,379.71948,371.39874,378.50372,0.0,0.0,30.5,0.018101964
2012-11-06 16:00:00,378.45074,382.1312,375.74557,378.96707,0.0,0.0,2.0999756,0.00122419
2012-11-07 16:00:00,378.61404,382.85934,377.84177,382.01205,0.0,0.0,13.800049,0.008034963
2012-11-08 16:00:00,382.05618,383.66693,381.0412,381.85757,0.0,0.0,-0.70007324,-0.00040436274
2012-11-11 16:00:00,382.21063,383.48157,380.7102,381.0412,0.0,0.0,-3.6999512,-0.0021379585
2012-11-12 16:00:00,381.16254,382.36508,378.97812,380.48956,0.0,0.0,-2.5,-0.0014476808
2012-11-13 16:00:00,380.4013,382.6078,379.62903,380.8426,0.0,0.0,1.5999756,0.0009278448
2012-11-14 16:00:00,381.01028,381.27286,376.11188,378.54562,0.0,0.0,-10.410034,-0.006031306
2012-11-15 16:00:00,378.41544,378.94943,376.34134,378.0624,0.0,0.0,-2.1899414,-0.0012764947
2012-11-18 16:00:00,378.35367,382.95203,378.1948,381.58398,0.0,0.0,15.959961,0.009314789
2012-11-19 16:00:00,381.03677,381.95248,380.86246,381.1118,471.0,0.0,-2.1400146,-0.0012374605
2012-11-20 16:00:00,381.23096,382.1643,379.1789,381.37216,0.0,0.0,1.1800537,0.00068320986
2012-11-21 16:00:00,381.12946,382.29227,381.1184,381.70316,0.0,0.0,1.5,0.00086785463
2012-11-22 16:00:00,381.47144,387.10907,381.19122,385.96167,0.0,0.0,19.299927,0.011156672
2012-11-25 16:00:00,386.40518,386.6391,385.0129,385.76312,0.0,0.0,-0.89990234,-0.0005144651
2012-11-26 16:00:00,385.93082,386.5398,383.9317,384.22516,0.0,0.0,-6.970093,-0.003986783
2012-11-27 16:00:00,384.28915,384.61792,376.34134,379.5187,0.0,0.0,-21.329956,-0.012249233
2012-11-28 16:00:00,379.48117,381.44055,379.03326,380.57782,0.0,0.0,4.800049,0.002790726
2012-11-29 16:00:00,380.73227,382.10028,376.915,378.34924,0.0,0.0,-10.100098,-0.005855808
2012-12-02 16:00:00,378.464,380.11444,377.85498,378.52576,0.0,0.0,0.8000488,0.0004665824
2012-12-03 16:00:00,378.6802,379.1193,373.11984,374.20102,0.0,0.0,-19.599976,-0.011425226
2012-12-04 16:00:00,374.1635,376.6304,371.70544,373.75974,0.0,0.0,-2.0,-0.0011793148
2012-12-05 16:00:00,373.72,375.825,371.95038,374.95123,0.0,0.0,5.4000244,0.003187924
2012-12-06 16:00:00,374.95123,376.31927,371.48703,375.94418,0.0,0.0,4.5,0.0026481492
2012-12-09 16:00:00,376.01035,378.92294,375.4477,377.70938,0.0,0.0,8.0,0.0046953866
2012-12-10 16:00:00,377.7866,378.28305,376.14273,377.13565,24225.0,0.0,-2.6000977,-0.001518926
2012-12-11 16:00:00,377.35852,380.24686,376.65244,377.13565,0.0,0.0,0.0,0.0
2012-12-12 16:00:00,375.32413,375.37045,372.79108,374.34885,30959.0,0.0,-12.630005,-0.007389425
2012-12-13 16:00:00,374.33783,375.6242,373.63174,374.1282,86474.0,0.0,-1.0,-0.00058942457
2012-12-16 16:00:00,374.21204,375.0483,372.64542,374.64896,52286.0,0.0,2.3601074,0.0013919257
2012-12-17 16:00:00,374.6357,375.7787,366.49368,368.51486,61921.0,0.0,-27.800049,-0.016372906
2012-12-18 16:00:00,368.6693,369.96014,366.99457,367.45132,69404.0,0.0,-4.8199463,-0.0028859708
2012-12-19 16:00:00,367.4822,368.8679,360.91345,363.45312,70774.0,0.0,-18.120117,-0.010880927
2012-12-20 16:00:00,363.4443,366.1892,360.8583,365.49634,73263.0,0.0,9.26001,0.0056217015
2012-12-23 16:00:00,365.6089,367.5462,364.47916,365.86707,39892.0,0.0,1.6800537,0.0010142496
2012-12-24 16:00:00,366.4959,373.86343,365.86707,366.4959,5.0,0.0,2.8499756,0.001718789
2012-12-25 16:00:00,365.2029,367.9831,365.19626,365.99283,38222.0,0.0,-2.2800293,-0.0013727013
2012-12-26 16:00:00,366.17157,367.45132,364.63803,367.0012,60024.0,0.0,4.5700684,0.002755211
2012-12-27 16:00:00,367.0387,367.65433,364.8344,365.28894,53702.0,0.0,-7.76001,-0.004665514
2012-12-30 16:00:00,365.25806,370.71252,365.22495,369.7571,42428.0,0.0,20.25,0.01223188
2012-12-31 16:00:00,366.83572,366.83572,366.83572,366.83572,1.0,0.0,-13.23999,-0.007900887
2013-01-01 16:00:00,370.61987,373.94727,370.6022,371.8864,50541.0,0.0,22.890015,0.013768264
2013-01-02 16:00:00,371.90182,372.86386,366.40765,366.91074,65978.0,0.0,-22.550049,-0.013379563
2013-01-03 16:00:00,366.97916,367.18213,358.73123,365.20953,82448.0,0.0,-7.709961,-0.0046365666
2013-01-06 16:00:00,365.58463,366.7894,362.4845,363.44873,70521.0,0.0,-7.9799805,-0.0048213033
2013-01-07 16:00:00,363.51712,366.81805,363.28763,366.19583,63764.0,0.0,12.449951,0.0075583886
2013-01-08 16:00:00,366.23993,367.55063,364.37326,365.69275,63300.0,0.0,-2.2800293,-0.0013738262
2013-01-09 16:00:00,365.7104,370.41025,364.88956,369.29596,63609.0,0.0,16.330078,0.009853185
2013-01-10 16:00:00,369.4504,369.97556,364.81454,366.81586,68017.0,0.0,-11.23999,-0.006715774
2013-01-13 16:00:00,366.77835,369.52322,366.25983,367.99854,63761.0,0.0,5.3599854,0.003224187
2013-01-14 16:00:00,367.99414,371.80698,367.6477,370.50513,75230.0,0.0,11.359985,0.0068114
2013-01-15 16:00:00,370.62427,371.73636,369.26727,370.61325,67621.0,0.0,0.48999023,0.00029180848
2013-01-16 16:00:00,370.7699,374.40402,367.82202,372.22397,70022.0,0.0,7.2999268,0.0043461258
2013-01-17 16:00:00,372.3277,374.03113,371.39874,371.50687,68161.0,0.0,-3.25,-0.0019265653
2013-01-20 16:00:00,371.96805,373.1728,371.73193,372.87048,50788.0,0.0,6.1800537,0.0036705413
2013-01-21 16:00:00,372.87048,374.19882,372.17545,372.8661,65272.0,0.0,-0.020019531,-1.1846788e-05
2013-01-22 16:00:00,373.33606,373.99582,371.48923,371.6084,61230.0,0.0,-5.699951,-0.0033730515
2013-01-23 16:00:00,371.66574,372.02762,367.3807,367.8441,66055.0,0.0,-17.060059,-0.010129774
2013-01-24 16:00:00,367.92792,368.9628,365.36395,365.88913,67160.0,0.0,-8.859985,-0.0053146416
2013-01-27 16:00:00,366.4363,366.77835,364.49463,365.12347,57342.0,0.0,-3.4699707,-0.002092575
2013-01-28 16:00:00,365.15216,367.56168,365.05725,367.02548,63521.0,0.0,8.619995,0.0052092117
2013-01-29 16:00:00,367.02548,371.52673,366.88647,369.77698,69810.0,0.0,12.469971,0.007496766
2013-01-30 16:00:00,369.6181,370.83832,365.79865,367.08505,67976.0,0.0,-12.199951,-0.007279859
2013-01-31 16:00:00,367.15564,371.1362,366.24435,367.99854,69741.0,0.0,4.1400146,0.002488513
2013-02-03 16:00:00,368.16403,370.13885,366.6658,369.4482,66723.0,0.0,6.5699463,0.0039393124
2013-02-04 16:00:00,369.46585,371.74078,367.74478,369.1459,70622.0,0.0,-1.3699951,-0.0008182202
2013-02-05 16:00:00,369.0312,370.5912,368.0824,370.02853,69178.0,0.0,4.0,0.0023909288
2013-02-06 16:00:00,370.05722,371.3679,366.99017,368.60312,76434.0,0.0,-6.459961,-0.0038521166
2013-02-07 16:00:00,368.7201,369.2496,367.38956,368.17725,67985.0,0.0,-1.9300537,-0.0011553541
2013-02-10 16:00:00,367.9853,368.38028,362.6941,363.55905,56521.0,0.0,-20.929932,-0.012543409
2013-02-11 16:00:00,363.63406,364.7881,361.6725,364.36002,69798.0,0.0,3.630005,0.0022031139
2013-02-12 16:00:00,364.49463,364.8234,364.17908,364.73734,6547.0,0.0,1.7099609,0.0010355241
2013-02-17 16:00:00,356.0812,367.99854,354.58078,355.1964,34589.0,0.0,-43.23999,-0.026158335
2013-02-18 16:00:00,355.1302,356.33057,353.17746,354.00488,57830.0,0.0,-5.4000244,-0.0033545317
2013-02-19 16:00:00,353.99826,355.1015,343.90793,345.24286,81064.0,0.0,-39.70996,-0.024751125
2013-02-20 16:00:00,345.31787,349.68234,343.08932,348.0297,89631.0,0.0,12.630005,0.008072044
2013-02-21 16:00:00,347.97452,350.20087,346.39688,348.84167,78910.0,0.0,3.6799316,0.0023330722
2013-02-24 16:00:00,348.67618,352.34338,347.54645,351.47626,44689.0,0.0,11.940063,0.007552366
2013-02-25 16:00:00,351.4586,357.44263,349.56763,355.96426,43624.0,0.0,20.339966,0.012769061
2013-02-26 16:00:00,356.015,356.2842,351.33722,352.39413,51562.0,0.0,-16.180054,-0.010029477
2013-02-27 16:00:00,352.34338,353.6673,347.49127,348.48422,54207.0,0.0,-17.71997,-0.0110953
2013-02-28 16:00:00,348.53275,350.2075,345.2583,347.70093,62168.0,0.0,-3.5499268,-0.0022477137
2013-03-03 16:00:00,348.27902,349.67133,346.2667,347.19342,49196.0,0.0,-2.3000488,-0.001459607
2013-03-04 16:00:00,347.39862,350.01334,346.82053,347.48026,48983.0,0.0,1.3000488,0.0008262147
2013-03-05 16:00:00,347.62366,349.68015,345.8055,349.3624,53190.0,0.0,8.529907,0.005416502
2013-03-06 16:00:00,349.56982,349.80148,347.48465,348.3011,39576.0,0.0,-4.8099365,-0.003037861
2013-03-07 16:00:00,348.12897,349.44403,344.51028,348.28784,39773.0,0.0,-0.060058594,-3.804741e-05
2013-03-10 16:00:00,348.16208,349.30502,347.60382,348.66296,22922.0,0.0,1.7000732,0.0010770456
2013-03-11 16:00:00,348.77988,352.64566,348.60117,351.49167,30189.0,0.0,12.819946,0.0081130685
2013-03-12 16:00:00,351.51373,352.82883,349.82797,350.58923,26400.0,0.0,-4.089966,-0.0025674936
2013-03-13 16:00:00,350.63556,351.55566,347.937,350.94888,37272.0,0.0,1.6300049,0.0010258765
2013-03-14 16:00:00,350.97314,352.7516,350.4833,351.18716,29009.0,0.0,1.079956,0.00067899557
2013-03-17 16:00:00,353.87912,355.49207,351.06143,354.3822,36636.0,0.0,14.47998,0.009097751
2013-03-18 16:00:00,354.3182,356.46295,353.0318,355.94882,34330.0,0.0,7.1000977,0.0044207624
2013-03-19 16:00:00,355.93558,356.26654,353.6342,354.42413,28840.0,0.0,-6.910034,-0.004283486
2013-03-20 16:00:00,354.43735,356.64606,354.00488,356.46515,27334.0,0.0,9.25,0.005758683
2013-03-21 16:00:00,356.46072,356.5512,353.81735,354.66022,27957.0,0.0,-8.180054,-0.0050634183
2013-03-24 16:00:00,354.8213,356.0106,350.7812,353.899,36164.0,0.0,-3.4499512,-0.002146373
2013-03-25 16:00:00,353.90118,354.34912,351.81165,353.10464,28080.0,0.0,-3.5999756,-0.0022445277
2013-03-26 16:00:00,353.08698,354.83234,351.0989,354.1417,28096.0,0.0,4.699951,0.0029369371
2013-03-27 16:00:00,354.1108,354.71097,351.67923,352.30148,27569.0,0.0,-8.339966,-0.005196273
2013-03-31 16:00:00,352.46695,353.27454,351.8624,353.07376,16225.0,0.0,3.5,0.0021920896
2013-04-01 16:00:00,353.08698,353.86145,347.22873,347.71414,24156.0,0.0,-24.29004,-0.015179851
2013-04-02 16:00:00,347.67,347.97452,341.91986,343.63873,33371.0,0.0,-18.46997,-0.011720566
2013-04-03 16:00:00,343.66962,344.11975,339.7906,342.776,39497.0,0.0,-3.9100342,-0.0025106326
2013-04-04 16:00:00,342.75613,348.82623,341.84042,348.76,31864.0,0.0,27.119995,0.017457576
2013-04-07 16:00:00,348.89462,348.89905,345.8077,347.13824,23767.0,0.0,-7.3499756,-0.0046501174
2013-04-08 16:00:00,347.1471,350.8849,346.4807,349.92508,27404.0,0.0,12.630005,0.008027971
2013-04-09 16:00:00,349.94492,350.49213,343.23715,343.7645,33770.0,0.0,-27.920044,-0.017605394
2013-04-10 16:00:00,343.80643,346.01294,342.72302,344.52356,29439.0,0.0,3.4400635,0.0022080564
2013-04-11 16:00:00,344.5015,345.21417,326.82297,327.33044,44870.0,0.0,-77.920044,-0.04990396
2013-04-14 16:00:00,327.22675,329.96725,305.70673,308.85983,61088.0,0.0,-83.70996,-0.056428105
2013-04-15 16:00:00,293.09433,309.663,292.92883,303.23325,57682.0,0.0,-25.5,-0.018217279
2013-04-16 16:00:00,303.0567,307.78525,301.17896,304.13126,58776.0,0.0,4.0699463,0.0029615331
2013-04-17 16:00:00,304.12027,309.33862,294.811,307.61093,49461.0,0.0,15.77002,0.011441314
2013-04-18 16:00:00,307.5668,314.40918,305.75525,309.65857,41153.0,0.0,9.280029,0.006656598
2013-04-21 16:00:00,310.4816,317.48282,309.7402,314.71368,36696.0,0.0,22.910034,0.01632478
2013-04-22 16:00:00,314.71368,316.1082,309.95865,311.74814,45319.0,0.0,-13.440063,-0.009423027
2013-04-23 16:00:00,311.71945,316.35532,311.71945,315.62936,38782.0,0.0,17.589966,0.012449901
2013-04-24 16:00:00,315.6073,324.11337,314.8549,323.0035,41230.0,0.0,33.420044,0.023363309
2013-04-25 16:00:00,323.04764,327.7144,319.49738,321.7502,54656.0,0.0,-5.6800537,-0.0038801627
2013-04-28 16:00:00,323.15796,326.26694,322.57764,325.37772,37962.0,0.0,16.440063,0.011274295
2013-04-29 16:00:00,325.35342,326.54935,322.357,325.46597,37452.0,0.0,0.4000244,0.00027127104
2013-04-30 16:00:00,325.60278,326.06836,317.79837,321.84952,33763.0,0.0,-16.390015,-0.011111648
2013-05-01 16:00:00,321.84952,325.14822,319.59885,323.6412,34429.0,0.0,8.119995,0.005566826
2013-05-02 16:00:00,323.6412,328.31238,321.31552,324.4002,37727.0,0.0,3.4399414,0.0023452654
2013-05-05 16:00:00,324.44656,327.33044,323.1337,324.40244,31995.0,0.0,0.010009766,6.8084382e-06
2013-05-06 16:00:00,324.4223,324.47083,317.99915,320.02472,42382.0,0.0,-19.839966,-0.013494648
2013-05-07 16:00:00,319.9144,325.77267,319.3981,324.7687,31270.0,0.0,21.5,0.014823804
2013-05-08 16:00:00,324.81284,325.64468,320.66684,321.37732,32227.0,0.0,-15.369995,-0.010442495
2013-05-09 16:00:00,321.35526,322.5975,313.2265,319.61652,49503.0,0.0,-7.9799805,-0.0054788743
2013-05-12 16:00:00,318.20877,318.32352,314.60995,316.09274,42550.0,0.0,-15.969971,-0.0110250255
2013-05-13 16:00:00,316.0817,318.92368,313.57513,314.8637,42540.0,0.0,-5.5700684,-0.0038882191
2013-05-14 16:00:00,314.8549,315.6713,306.45914,307.8073,47380.0,0.0,-31.97998,-0.022410952
2013-05-15 16:00:00,307.8338,308.49133,302.18735,305.5655,53088.0,0.0,-10.160034,-0.0072831786
2013-05-16 16:00:00,305.54343,307.34174,299.0166,300.0713,51360.0,0.0,-24.900024,-0.017980434
2013-05-19 16:00:00,296.3975,308.8223,295.23907,307.34396,51816.0,0.0,32.960083,0.024236426
2013-05-20 16:00:00,307.33292,309.21506,299.9985,303.18027,45639.0,0.0,-18.869995,-0.0135472715
2013-05-21 16:00:00,303.12955,312.09897,298.81802,301.87402,53004.0,0.0,-5.920044,-0.004308526
2013-05-22 16:00:00,301.5563,308.48032,299.33432,307.06372,53005.0,0.0,23.52002,0.017191615
2013-05-23 16:00:00,307.03503,308.48032,305.00726,305.85455,38772.0,0.0,-5.4799805,-0.0039378144
2013-05-26 16:00:00,305.9472,308.15814,305.44415,307.5006,16976.0,0.0,7.459961,0.005381785
2013-05-27 16:00:00,307.44324,309.33203,303.08096,304.56598,42809.0,0.0,-13.299927,-0.009543507
2013-05-28 16:00:00,304.5792,307.84042,304.49094,306.95782,44658.0,0.0,10.839966,0.007853284
2013-05-29 16:00:00,306.9181,312.87122,306.39737,312.28433,46193.0,0.0,24.140015,0.01735256
2013-05-30 16:00:00,312.33286,313.66782,305.54565,306.11932,43398.0,0.0,-27.940063,-0.019741582
2013-06-02 16:00:00,306.54077,312.61087,305.85455,311.75253,36302.0,0.0,25.53003,0.01840201
2013-06-03 16:00:00,311.9004,312.22916,306.4415,308.83997,39598.0,0.0,-13.199951,-0.009342585
2013-06-04 16:00:00,308.81128,311.20532,307.95294,309.37393,39465.0,0.0,2.4199219,0.0017289107
2013-06-05 16:00:00,309.33643,314.13998,305.85455,311.5981,46252.0,0.0,10.080078,0.007189272
2013-06-06 16:00:00,311.58707,312.83594,303.91946,305.05582,46741.0,0.0,-29.650024,-0.020995924
2013-06-09 16:00:00,304.90576,306.4525,303.57306,305.74866,38625.0,0.0,3.1400146,0.002271209
2013-06-10 16:00:00,305.75525,305.96268,301.37976,303.9393,49923.0,0.0,-8.200073,-0.0059177675
2013-06-11 16:00:00,303.94815,307.6948,303.04788,306.1061,34094.0,0.0,9.820068,0.0071290615
2013-06-12 16:00:00,307.04828,307.75436,303.26193,305.84573,43700.0,0.0,-1.1800537,-0.0008506179
2013-06-13 16:00:00,305.88547,307.17847,304.12466,306.73715,41162.0,0.0,4.040039,0.00291466
2013-06-16 16:00:00,306.63565,307.10126,304.58582,305.2588,25957.0,0.0,-6.7000732,-0.0048196763
2013-06-17 16:00:00,305.68686,305.69128,300.28534,301.84534,35158.0,0.0,-15.469971,-0.0111821685
2013-06-18 16:00:00,301.87402,303.70322,296.34232,296.47913,37998.0,0.0,-24.319946,-0.017777998
2013-06-19 16:00:00,296.3688,297.45438,281.58524,282.42148,72910.0,0.0,-63.710083,-0.04741533
2013-06-20 16:00:00,282.46783,287.35303,280.09583,285.94748,53428.0,0.0,15.980103,0.0124849435
2013-06-23 16:00:00,285.7754,305.05582,281.5764,283.14743,43876.0,0.0,-12.690063,-0.009792244
2013-06-24 16:00:00,283.18494,285.94748,280.56363,281.76614,40885.0,0.0,-6.26001,-0.0048782844
2013-06-25 16:00:00,281.75513,281.7772,269.5642,271.08444,70163.0,0.0,-48.410034,-0.037909783
2013-06-26 16:00:00,271.0911,274.64133,264.07,265.31006,56279.0,0.0,-26.169922,-0.021301124
2013-06-27 16:00:00,265.26813,272.5121,260.39838,270.94543,62822.0,0.0,25.539917,0.021240782
2013-06-30 16:00:00,273.27774,278.37918,270.33206,276.57425,49525.0,0.0,25.51001,0.02077464
2013-07-01 16:00:00,276.625,279.63467,273.48514,274.34787,49439.0,0.0,-10.089966,-0.008049755
2013-07-02 16:00:00,274.317,275.62988,273.9772,274.90613,6342.0,0.0,2.5300293,0.0020348325
2013-07-07 16:00:00,270.3078,273.1718,268.23367,272.768,23359.0,0.0,-9.690063,-0.0077776234
2013-07-08 16:00:00,272.73495,278.06143,272.15463,275.69827,42496.0,0.0,13.280029,0.010742622
2013-07-09 16:00:00,275.7137,284.3676,274.46042,284.2264,51424.0,0.0,38.650024,0.030932888
2013-07-10 16:00:00,284.24185,286.57632,281.9846,283.56445,57815.0,0.0,-3.0,-0.0023289574
2013-07-11 16:00:00,283.54462,284.30142,279.72293,283.53577,40240.0,0.0,-0.13000488,-0.000101160884
2013-07-14 16:00:00,285.06708,285.59442,281.12186,283.11652,28826.0,0.0,-1.9000244,-0.0014786182
2013-07-15 16:00:00,283.132,285.8261,281.77057,284.80893,34538.0,0.0,7.670044,0.0059777447
2013-07-16 16:00:00,284.81995,286.92496,280.23926,281.36017,42148.0,0.0,-15.630005,-0.012109055
2013-07-17 16:00:00,281.369,284.297,281.27188,283.28864,35920.0,0.0,8.73999,0.0068541416
2013-07-18 16:00:00,283.29086,286.35126,282.9356,285.84155,32319.0,0.0,11.569946,0.009011704
2013-07-21 16:00:00,289.57718,295.22583,289.27048,294.7492,33587.0,0.0,40.369995,0.031162914
2013-07-22 16:00:00,294.75583,297.44778,292.71704,296.446,37786.0,0.0,7.6900635,0.0057568112
2013-07-23 16:00:00,296.44824,297.09473,289.7206,290.88782,42675.0,0.0,-25.190063,-0.018749442
2013-07-24 16:00:00,290.8724,295.17508,288.78726,294.4778,43095.0,0.0,16.27002,0.01234148
2013-07-25 16:00:00,294.4359,295.7576,289.57498,294.04977,30719.0,0.0,-1.9399414,-0.001453586
2013-07-28 16:00:00,294.11594,295.27435,291.86975,292.36398,37848.0,0.0,-7.6400146,-0.005732949
2013-07-29 16:00:00,292.29337,293.47388,290.82166,292.93106,29612.0,0.0,2.5699463,0.0019395675
2013-07-30 16:00:00,292.97742,295.4531,288.1628,292.38385,44562.0,0.0,-2.4799805,-0.001868046
2013-07-31 16:00:00,292.39047,293.67026,287.40598,287.56485,40968.0,0.0,-21.839966,-0.01648175
2013-08-01 16:00:00,287.57367,290.9033,283.12317,289.42273,37534.0,0.0,8.420044,0.006460755
2013-08-04 16:00:00,289.928,291.3887,286.263,287.50528,28244.0,0.0,-8.690063,-0.0066251396
2013-08-05 16:00:00,287.50748,288.42096,282.21408,282.9775,34415.0,0.0,-20.52002,-0.01574841
2013-08-06 16:00:00,282.99957,284.5265,280.82175,283.49164,32092.0,0.0,2.3300781,0.0018168676
2013-08-07 16:00:00,283.48724,289.94125,283.04593,289.9192,33743.0,0.0,29.130005,0.022672793
2013-08-08 16:00:00,289.92358,290.665,287.9995,289.94125,29700.0,0.0,0.099975586,7.6088974e-05
2013-08-11 16:00:00,293.39224,296.5034,291.8278,294.80658,34788.0,0.0,22.049927,0.016780382
2013-08-12 16:00:00,294.75143,295.91867,290.9386,291.82343,43539.0,0.0,-13.519897,-0.010119078
2013-08-13 16:00:00,291.83444,295.49503,290.30313,295.24127,36180.0,0.0,15.48999,0.011712126
2013-08-14 16:00:00,295.23688,302.32635,290.99377,301.2297,47789.0,0.0,27.139893,0.020283166
2013-08-15 16:00:00,301.22092,304.42474,299.50867,303.6326,43670.0,0.0,10.890015,0.007976923
2013-08-18 16:00:00,303.84222,305.4574,300.5634,301.26282,37474.0,0.0,-10.73999,-0.007804772
2013-08-19 16:00:00,301.27386,303.9371,298.41425,302.12335,35928.0,0.0,3.9000244,0.0028564492
2013-08-20 16:00:00,302.07703,304.25262,299.06955,299.47775,37799.0,0.0,-11.98999,-0.008756676
2013-08-21 16:00:00,299.4667,304.82632,298.9813,304.12466,42909.0,0.0,21.060059,0.015516713
2013-08-22 16:00:00,304.11362,308.8223,302.0704,308.28833,35815.0,0.0,18.869995,0.013690675
2013-08-25 16:00:00,309.71152,310.4176,306.54077,309.1599,40150.0,0.0,3.9499512,0.002827088
2013-08-26 16:00:00,309.11795,314.0738,307.95294,312.67706,47018.0,0.0,15.939941,0.01137649
2013-08-27 16:00:00,312.66605,316.30014,311.82977,312.76532,49234.0,0.0,0.4000244,0.0002822898
2013-08-28 16:00:00,312.7543,312.87787,309.4004,310.0094,46941.0,0.0,-12.48999,-0.008811467
2013-08-29 16:00:00,310.01602,311.3311,307.16742,307.911,43222.0,0.0,-9.51001,-0.006768787
2013-09-01 16:00:00,304.64978,308.4869,304.40268,306.90265,27567.0,0.0,-4.5699463,-0.0032748438
2013-09-02 16:00:00,306.88498,312.44318,305.50372,311.41937,41841.0,0.0,20.46997,0.0147170685
2013-09-03 16:00:00,311.41272,312.2049,305.51917,307.0571,42012.0,0.0,-19.77002,-0.01400768
2013-09-04 16:00:00,307.04608,308.74948,301.14807,301.64896,35832.0,0.0,-24.51001,-0.017612828
2013-09-05 16:00:00,301.63794,307.36823,300.36258,307.00192,39665.0,0.0,24.26001,0.01774573
2013-09-08 16:00:00,306.11053,307.06152,304.89032,306.08844,28864.0,0.0,-4.1400146,-0.002975538
2013-09-09 16:00:00,306.0995,306.1326,299.555,301.22754,36319.0,0.0,-22.029907,-0.01588073
2013-09-10 16:00:00,301.24075,301.92477,299.299,300.97598,33172.0,0.0,-1.1400146,-0.00083506544
2013-09-11 16:00:00,300.97156,301.37534,291.35342,291.85208,42505.0,0.0,-41.350098,-0.03031443
2013-09-12 16:00:00,291.84326,293.5974,287.93994,292.49417,45701.0,0.0,2.9100342,0.002200088
2013-09-15 16:00:00,293.6879,294.0542,287.4501,289.8552,37766.0,0.0,-11.959961,-0.0090223
2013-09-16 16:00:00,289.85077,292.07272,288.1628,288.23563,37588.0,0.0,-7.339966,-0.005587502
2013-09-17 16:00:00,288.24002,301.7328,284.98325,300.67148,53264.0,0.0,56.359985,0.043144748
2013-09-18 16:00:00,300.66486,303.4627,299.74033,301.77475,47819.0,0.0,5.0,0.0036692938
2013-09-19 16:00:00,301.77032,301.87183,292.35516,292.48975,41138.0,0.0,-42.08008,-0.030767938
2013-09-22 16:00:00,293.37234,293.75848,289.88388,291.66672,37973.0,0.0,-3.7299805,-0.002813848
2013-09-23 16:00:00,291.66895,293.30396,288.09,292.01096,47607.0,0.0,1.5600586,0.0011802085
2013-09-24 16:00:00,292.02197,295.21698,290.45096,294.12698,41176.0,0.0,9.589966,0.0072464054
2013-09-25 16:00:00,294.11594,295.4509,290.96948,291.66895,40516.0,0.0,-11.140015,-0.0083571
2013-09-26 16:00:00,291.64688,296.58282,291.17026,294.98752,44061.0,0.0,15.040039,0.011377936
2013-09-29 16:00:00,295.60974,296.5012,291.86975,293.25763,23145.0,0.0,-7.839966,-0.0058642873
2013-09-30 16:00:00,293.2488,295.03387,282.98193,284.47354,32304.0,0.0,-39.81006,-0.029953543
2013-10-01 16:00:00,284.53973,292.03745,281.89853,290.30093,34233.0,0.0,26.410034,0.020484805
2013-10-02 16:00:00,290.31192,291.59393,287.29123,290.28546,32278.0,0.0,-0.07006836,-5.3257194e-05
2013-10-03 16:00:00,290.27664,291.35342,290.0582,290.30753,7255.0,0.0,0.099975586,7.599297e-05
2013-10-06 16:00:00,289.83755,293.1826,288.76077,291.75058,33487.0,0.0,6.540039,0.0049708057
2013-10-07 16:00:00,291.73956,293.44077,290.35388,291.08643,49109.0,0.0,-3.0100098,-0.0022764646
2013-10-08 16:00:00,291.09085,291.60938,285.65622,288.04807,52798.0,0.0,-13.77002,-0.010438001
2013-10-09 16:00:00,288.0591,289.39185,282.9356,283.97266,51098.0,0.0,-18.46997,-0.014148356
2013-10-10 16:00:00,283.96164,285.579,278.57114,280.64746,51378.0,0.0,-15.069946,-0.011709542
2013-10-13 16:00:00,281.22336,284.6368,279.8884,280.87033,52455.0,0.0,1.0100098,0.000794089
2013-10-14 16:00:00,280.85928,284.21317,276.17267,282.39722,59136.0,0.0,6.919922,0.005436258
2013-10-15 16:00:00,282.37515,284.0146,280.08258,282.48547,54725.0,0.0,0.4000244,0.00031255814
2013-10-16 16:00:00,282.5053,292.24484,281.21893,290.85034,57445.0,0.0,37.910034,0.029611662
2013-10-17 16:00:00,290.8415,292.56918,289.39404,290.37595,40350.0,0.0,-2.1500244,-0.0016310924
2013-10-20 16:00:00,290.11118,292.13892,289.80667,290.0847,24163.0,0.0,-1.3199463,-0.0010029987
2013-10-21 16:00:00,290.0317,296.76816,289.08292,295.87454,32229.0,0.0,26.23999,0.01995922
2013-10-22 16:00:00,295.89218,296.13712,293.19806,293.8909,36719.0,0.0,-8.98999,-0.006704345
2013-10-23 16:00:00,293.89972,298.31052,293.87985,297.06604,39621.0,0.0,14.389893,0.01080379
2013-10-24 16:00:00,297.05945,299.10925,294.91913,298.15607,30754.0,0.0,4.9400635,0.0036693087
2013-10-27 16:00:00,297.63535,300.46848,297.0462,298.35464,34065.0,0.0,0.9000244,0.0006660631
2013-10-28 16:00:00,298.36566,300.1419,295.64948,296.5409,40019.0,0.0,-8.220093,-0.0060792305
2013-10-29 16:00:00,296.5387,299.94775,294.41605,295.88998,42301.0,0.0,-2.9499512,-0.0021950023
2013-10-30 16:00:00,295.84586,296.08417,291.02905,291.94034,44220.0,0.0,-17.900024,-0.013348365
2013-10-31 16:00:00,291.9359,292.8406,288.1297,290.37152,40750.0,0.0,-7.1099854,-0.005373773
2013-11-03 16:00:00,289.8883,291.73737,289.22855,289.8861,30732.0,0.0,-2.1999512,-0.0016717209
2013-11-04 16:00:00,289.88168,291.09967,288.1518,289.43817,34601.0,0.0,-2.0300293,-0.0015451821
2013-11-05 16:00:00,289.42932,291.691,288.838,290.7488,30349.0,0.0,5.9399414,0.004528257
2013-11-06 16:00:00,290.74664,292.5648,286.06442,288.5357,38173.0,0.0,-10.029907,-0.0076117353
2013-11-07 16:00:00,288.52908,289.87946,282.68628,284.26392,37962.0,0.0,-19.359985,-0.01480506
2013-11-10 16:00:00,284.2286,284.30585,282.20084,282.86276,28623.0,0.0,-6.3500977,-0.0049290517
2013-11-11 16:00:00,282.85617,283.61078,278.33286,279.3986,40720.0,0.0,-15.699951,-0.01224693
2013-11-12 16:00:00,279.38754,283.40118,279.24854,282.74805,38647.0,0.0,15.180054,0.0119881965
2013-11-13 16:00:00,282.73038,285.50177,282.03534,283.9638,44206.0,0.0,5.5098877,0.0042997957
2013-11-14 16:00:00,284.00797,284.87952,282.52078,284.6236,27050.0,0.0,2.9901123,0.002323428
2013-11-17 16:00:00,284.4647,284.5265,280.23264,281.4749,32835.0,0.0,-14.27002,-0.01106263
2013-11-18 16:00:00,281.48593,282.19202,279.97888,281.26306,34881.0,0.0,-0.960083,-0.0007526167
2013-11-19 16:00:00,281.2741,281.58524,273.81833,274.23315,46080.0,0.0,-31.859985,-0.024994105
2013-11-20 16:00:00,274.24417,275.89685,272.88275,274.37436,40179.0,0.0,0.64001465,0.00051496143
2013-11-21 16:00:00,274.40747,275.5747,273.78525,274.35672,31525.0,0.0,-0.079956055,-6.4300235e-05
2013-11-24 16:00:00,273.78082,276.57864,270.86163,276.0116,39868.0,0.0,7.5,0.006031848
2013-11-25 16:00:00,276.02704,277.58484,273.52707,274.07428,32838.0,0.0,-8.780029,-0.00701897
2013-11-26 16:00:00,273.99927,276.87653,272.757,273.04382,31609.0,0.0,-4.670044,-0.0037597367
2013-11-27 16:00:00,273.20712,274.8995,272.50104,274.66342,17305.0,0.0,7.340088,0.005931624
2013-11-28 16:00:00,274.57294,276.88757,273.7764,276.02924,22242.0,0.0,6.1899414,0.004972679
2013-12-01 16:00:00,275.59897,275.69827,268.67276,269.1008,36920.0,0.0,-31.400024,-0.025100341
2013-12-02 16:00:00,269.07434,270.56815,268.08582,269.92386,34959.0,0.0,3.7301025,0.003058514
2013-12-03 16:00:00,269.92166,276.13074,267.30914,274.2133,42025.0,0.0,19.439941,0.015891263
2013-12-04 16:00:00,274.2111,274.33905,268.483,270.19745,43126.0,0.0,-18.199951,-0.014644901
2013-12-05 16:00:00,270.2857,274.37436,267.68646,271.14624,38491.0,0.0,4.2999268,0.003511434
2013-12-08 16:00:00,271.4728,274.30377,270.34085,273.644,28766.0,0.0,11.320068,0.00921192
2013-12-09 16:00:00,273.441,279.76486,273.0858,278.36154,37917.0,0.0,21.380005,0.017239576
2013-12-10 16:00:00,278.22473,278.74988,275.98953,276.283,35209.0,0.0,-9.420044,-0.0074670394
2013-12-11 16:00:00,276.2962,277.35977,270.02313,270.33426,37646.0,0.0,-26.95996,-0.02153128
2013-12-12 16:00:00,270.34308,273.2645,269.21555,273.2601,37073.0,0.0,13.26001,0.010822996
2013-12-15 16:00:00,273.07474,276.27637,270.855,273.76758,37742.0,0.0,2.2999268,0.0018571309
2013-12-16 16:00:00,273.63297,275.39157,270.76672,271.63168,37423.0,0.0,-9.679932,-0.0078018038
2013-12-17 16:00:00,271.51694,274.54205,268.3131,268.85147,41839.0,0.0,-12.600098,-0.010235244
2013-12-18 16:00:00,268.9927,270.57034,261.92307,262.19446,49871.0,0.0,-30.169922,-0.024760904
2013-12-19 16:00:00,262.32684,266.4464,262.2717,265.4314,38027.0,0.0,14.669922,0.012345509
2013-12-22 16:00:00,265.4027,266.1066,263.14767,264.50687,28590.0,0.0,-4.1899414,-0.0034830554
2013-12-23 16:00:00,264.32376,265.98743,263.9729,265.76236,12419.0,0.0,5.6899414,0.0047465228
2013-12-25 16:00:00,266.1044,268.2447,265.4535,267.13043,11816.0,0.0,6.2000732,0.0051476387
2013-12-26 16:00:00,267.1966,268.9618,266.72223,267.58493,17265.0,0.0,2.0599365,0.0017015128
2013-12-29 16:00:00,267.82547,268.344,263.64856,263.97952,21998.0,0.0,-16.339966,-0.013473927
2013-12-30 16:00:00,264.19135,267.98874,260.87277,265.00113,27651.0,0.0,4.630005,0.0038700444
2014-01-01 16:00:00,265.6013,271.55664,265.47113,269.76498,39801.0,0.0,21.589966,0.017976658
2014-01-02 16:00:00,269.89517,273.63962,269.5333,273.0284,35585.0,0.0,14.790039,0.012097301
2014-01-05 16:00:00,272.9688,275.39157,268.79852,273.01074,33541.0,0.0,-0.079956055,-6.461722e-05
2014-01-06 16:00:00,273.11005,274.74286,270.26584,271.742,35476.0,0.0,-5.75,-0.0046472154
2014-01-07 16:00:00,271.64932,271.9075,268.8184,270.4468,40892.0,0.0,-5.869995,-0.0047663474
2014-01-08 16:00:00,270.40927,271.69788,269.94373,270.84396,24086.0,0.0,1.7999268,0.0014685127
2014-01-09 16:00:00,270.77777,275.5394,270.77115,275.42023,28351.0,0.0,20.73999,0.016896399
2014-01-12 16:00:00,275.52615,276.87872,274.38983,276.6537,34529.0,0.0,5.590088,0.0044784476
2014-01-13 16:00:00,276.4529,276.94052,273.95074,274.63696,32681.0,0.0,-9.140015,-0.007289792
2014-01-14 16:00:00,274.64355,274.6899,272.32013,273.88232,35141.0,0.0,-3.420044,-0.0027477515
2014-01-15 16:00:00,274.0081,274.7274,272.77243,274.09412,29471.0,0.0,0.95996094,0.00077338243
2014-01-16 16:00:00,274.08972,276.8324,273.08798,276.6515,28271.0,0.0,11.590088,0.009330217
2014-01-19 16:00:00,276.4617,278.324,276.3867,276.86108,15735.0,0.0,0.9499512,0.00075765763
2014-01-20 16:00:00,276.83463,277.06412,272.6136,273.76978,25175.0,0.0,-14.01001,-0.011165579
2014-01-21 16:00:00,273.61755,274.37436,272.64667,272.83643,21647.0,0.0,-4.2299805,-0.0034092402
2014-01-22 16:00:00,272.68417,279.19998,271.71994,278.85577,24866.0,0.0,27.28003,0.022062117
2014-01-23 16:00:00,278.80502,280.7666,277.3355,280.1885,21760.0,0.0,6.039917,0.0047792094
2014-01-26 16:00:00,280.226,282.1567,276.2168,277.15234,27167.0,0.0,-13.76001,-0.010836104
2014-01-27 16:00:00,277.21414,278.29312,275.6034,277.16116,27545.0,0.0,0.040039062,3.1876458e-05
2014-01-28 16:00:00,277.02658,280.23044,275.51514,279.59937,29904.0,0.0,11.050049,0.008797039
2014-01-29 16:00:00,279.4736,279.72293,273.14755,274.29715,31710.0,0.0,-24.03003,-0.018963689
2014-01-30 16:00:00,274.20224,276.87213,273.25348,274.44055,20687.0,0.0,0.6500244,0.00052289333
2014-02-02 16:00:00,274.23315,279.37653,273.74994,277.32446,19816.0,0.0,13.069946,0.010508246
2014-02-03 16:00:00,277.43478,278.20706,275.21725,276.50806,15372.0,0.0,-3.6999512,-0.0029438287
2014-02-05 16:00:00,277.4436,277.45685,277.4436,277.45685,2.0,0.0,4.2999268,0.0034312946
2014-02-06 16:00:00,277.32446,280.61877,277.1369,279.5486,21481.0,0.0,9.480103,0.007539149
2014-02-09 16:00:00,279.20218,281.97357,279.11172,281.19025,30448.0,0.0,7.4399414,0.005872417
2014-02-10 16:00:00,281.14172,285.48853,280.98285,284.71625,34949.0,0.0,15.97998,0.012539514
2014-02-11 16:00:00,284.65445,286.03134,283.30408,284.9369,26667.0,0.0,1.0,0.00077498355
2014-02-12 16:00:00,284.73392,287.47217,283.7476,287.2206,30239.0,0.0,10.349976,0.008014849
2014-02-13 16:00:00,287.26035,291.5167,286.81906,290.9055,39241.0,0.0,16.700073,0.012829434
2014-02-16 16:00:00,290.9143,293.39,290.9143,293.09875,25176.0,0.0,9.939941,0.007539397
2014-02-17 16:00:00,293.13187,293.92618,289.60144,291.62704,21769.0,0.0,-6.669922,-0.005021246
2014-02-18 16:00:00,291.6513,291.83664,288.7674,289.15793,24178.0,0.0,-11.190063,-0.008466609
2014-02-19 16:00:00,289.33228,292.30884,288.43198,291.81677,33425.0,0.0,12.050049,0.0091951415
2014-02-20 16:00:00,291.87857,293.0833,290.3693,292.11023,28541.0,0.0,1.329956,0.001005615
2014-02-23 16:00:00,292.41254,295.4509,290.92535,294.25494,32186.0,0.0,9.719971,0.007342144
2014-02-24 16:00:00,294.2638,296.45486,293.7232,295.8238,27572.0,0.0,7.1099854,0.0053315028
2014-02-25 16:00:00,295.8216,296.8432,291.819,293.33264,31187.0,0.0,-11.289917,-0.008420975
2014-02-26 16:00:00,293.32162,294.79337,292.08597,293.74747,38355.0,0.0,1.8800049,0.0014141755
2014-02-27 16:00:00,293.70554,294.1689,291.1725,292.6045,50946.0,0.0,-5.1800537,-0.0038910324
2014-03-02 16:00:00,293.97253,298.89523,293.60403,297.73462,58281.0,0.0,23.25,0.017532615
2014-03-03 16:00:00,297.83173,298.4054,293.71878,294.38074,55145.0,0.0,-15.199951,-0.011264647
2014-03-04 16:00:00,294.469,296.03342,294.00342,294.89926,47671.0,0.0,2.3499756,0.0017614028
2014-03-05 16:00:00,294.98532,298.6327,293.6901,297.92218,47143.0,0.0,13.699951,0.010250618
2014-03-06 16:00:00,297.99942,298.49146,293.20465,295.6605,54383.0,0.0,-10.25,-0.0075914683
2014-03-09 16:00:00,295.38248,296.6512,293.0149,295.6252,49659.0,0.0,-0.15991211,-0.00011934185
2014-03-10 16:00:00,295.63843,298.35907,295.14197,297.57574,35281.0,0.0,8.839966,0.006598023
2014-03-11 16:00:00,297.56473,302.4455,296.83438,301.47467,34119.0,0.0,17.670044,0.013102218
2014-03-12 16:00:00,301.47025,303.3965,301.0488,302.53375,36063.0,0.0,4.7999268,0.003513084
2014-03-13 16:00:00,302.52936,306.15463,301.83432,305.07346,37551.0,0.0,11.51001,0.008394727
2014-03-16 16:00:00,306.5099,306.5099,300.48395,301.36212,43246.0,0.0,-16.819946,-0.012165358
2014-03-17 16:00:00,301.37534,301.71295,298.01263,299.32553,39452.0,0.0,-9.22998,-0.0067579793
2014-03-18 16:00:00,299.33655,299.9676,292.503,292.79868,47673.0,0.0,-29.580078,-0.02180521
2014-03-19 16:00:00,292.78543,294.4646,291.349,293.52682,53696.0,0.0,3.3000488,0.0024868867
2014-03-20 16:00:00,293.518,296.17023,293.23996,294.41385,36403.0,0.0,4.0200195,0.0030219348
2014-03-23 16:00:00,293.5621,294.38074,288.55557,288.8314,45017.0,0.0,-25.300049,-0.01896129
2014-03-24 16:00:00,288.84244,290.6385,288.08557,289.16235,46552.0,0.0,1.5,0.0011459129
2014-03-25 16:00:00,289.1469,290.41565,286.51233,287.87817,40353.0,0.0,-5.8199463,-0.004441012
2014-03-26 16:00:00,287.887,288.2952,284.40292,285.05383,29125.0,0.0,-12.800049,-0.009810871
2014-03-27 16:00:00,285.06268,286.5344,283.67477,285.4709,27880.0,0.0,1.8900146,0.0014629955
2014-03-30 16:00:00,285.93204,286.4903,282.91354,283.36807,26226.0,0.0,-9.530029,-0.0073660924
2014-03-31 16:00:00,283.36588,284.1646,281.8809,282.67523,38671.0,0.0,-3.1400146,-0.0024450372
2014-04-01 16:00:00,282.61127,285.60547,282.50095,284.69418,42952.0,0.0,9.150024,0.007142319
2014-04-02 16:00:00,284.6986,285.47308,282.7679,283.96823,40466.0,0.0,-3.290039,-0.0025499237
2014-04-03 16:00:00,283.9859,288.28418,283.32837,287.43246,33281.0,0.0,15.700073,0.012199349
2014-04-06 16:00:00,287.08603,287.73917,285.8548,286.36893,20546.0,0.0,-4.8200684,-0.0037001737
2014-04-07 16:00:00,286.37332,289.98096,286.13284,288.95276,23962.0,0.0,11.710083,0.009022748
2014-04-08 16:00:00,288.93948,290.1266,287.01102,289.4139,25625.0,0.0,2.0899658,0.001595942
2014-04-09 16:00:00,289.41168,292.22498,289.19104,290.7687,26510.0,0.0,6.1400146,0.0046811737
2014-04-10 16:00:00,290.76428,292.07935,289.93463,290.92535,24698.0,0.0,0.70996094,0.00053875527
2014-04-13 16:00:00,292.95316,293.67685,290.95847,292.7148,22135.0,0.0,8.109985,0.0061509646
2014-04-14 16:00:00,292.71042,292.78104,284.03885,287.40598,31536.0,0.0,-24.059937,-0.018136542
2014-04-15 16:00:00,287.39053,288.36362,285.3782,287.36847,26285.0,0.0,-0.17004395,-0.00013054797
2014-04-16 16:00:00,287.36404,287.72812,285.312,285.66284,27056.0,0.0,-7.7299805,-0.0059353183
2014-04-17 16:00:00,285.82172,285.82172,285.82172,285.82172,1.0,0.0,0.7199707,0.0005561165
2014-04-20 16:00:00,285.4819,287.1169,282.8297,284.48236,36718.0,0.0,-6.0699463,-0.0046859146
2014-04-21 16:00:00,284.46912,285.2105,281.86325,283.19153,24431.0,0.0,-5.8500977,-0.0045374567
2014-04-22 16:00:00,283.18494,284.37427,282.60022,283.2688,38710.0,0.0,0.35009766,0.00027278072
2014-04-23 16:00:00,283.25995,286.5278,279.86194,285.32083,47101.0,0.0,9.299927,0.007244118
2014-04-24 16:00:00,285.3098,287.92892,284.69638,287.4854,42517.0,0.0,9.810059,0.0075865244
2014-04-27 16:00:00,287.4788,288.24225,285.05164,286.02692,40115.0,0.0,-6.6099854,-0.0050732866
2014-04-28 16:00:00,286.01367,287.0816,283.80273,285.8151,23709.0,0.0,-0.960083,-0.00074063905
2014-04-29 16:00:00,285.8107,286.37112,283.5137,285.109,33383.0,0.0,-3.1999512,-0.0024703753
2014-04-30 16:00:00,285.12665,285.23697,281.8103,283.30188,34402.0,0.0,-8.190063,-0.006338421
2014-05-01 16:00:00,283.32175,287.81198,281.12186,286.89847,31627.0,0.0,16.300049,0.012695336
2014-05-04 16:00:00,287.00882,290.25458,286.79477,289.0454,24426.0,0.0,9.72998,0.007483219
2014-05-05 16:00:00,289.02554,289.91257,287.77225,288.5644,29498.0,0.0,-2.1799316,-0.0016641081
2014-05-06 16:00:00,288.56,290.00745,283.86896,284.5287,30875.0,0.0,-18.29004,-0.013985455
2014-05-07 16:00:00,284.5287,285.7158,283.59976,284.692,32995.0,0.0,0.73999023,0.00057385827
2014-05-08 16:00:00,284.68536,285.579,283.6174,283.86453,19385.0,0.0,-3.75,-0.002906436
2014-05-11 16:00:00,282.67523,287.66855,282.673,285.87244,23229.0,0.0,9.099976,0.0070734913
2014-05-12 16:00:00,285.87024,286.5256,284.40292,285.52826,28634.0,0.0,-1.5599365,-0.0012040357
2014-05-13 16:00:00,285.53928,288.80048,284.95013,288.00174,32611.0,0.0,11.209961,0.008662829
2014-05-14 16:00:00,287.9995,288.38345,284.80673,286.03574,29315.0,0.0,-8.910034,-0.006826357
2014-05-15 16:00:00,286.03793,286.42188,284.1183,285.08252,28383.0,0.0,-4.3199463,-0.0033324435
2014-05-18 16:00:00,284.83762,288.00616,284.78024,285.3385,20779.0,0.0,1.1600342,0.0008978523
2014-05-19 16:00:00,285.32526,286.11957,283.72995,285.62973,22373.0,0.0,1.3199463,0.0010207059
2014-05-20 16:00:00,285.63416,285.97397,283.1298,285.16418,20615.0,0.0,-2.1099854,-0.0016299742
2014-05-21 16:00:00,285.16858,287.60675,284.62137,285.41794,18934.0,0.0,1.1500244,0.00088985
2014-05-22 16:00:00,285.4135,285.8195,283.88,285.15314,18460.0,0.0,-1.2000732,-0.0009277506
2014-05-25 16:00:00,284.90378,285.77097,284.81775,285.02737,20406.0,0.0,-0.5699463,-0.00044102228
2014-05-26 16:00:00,284.95456,285.32745,278.68588,278.90433,40064.0,0.0,-27.75,-0.021482319
2014-05-27 16:00:00,278.90652,279.59717,277.0663,277.83636,31901.0,0.0,-4.839966,-0.0038290566
2014-05-28 16:00:00,277.8143,278.05923,276.10867,277.08615,43917.0,0.0,-3.4000244,-0.0027002108
2014-05-29 16:00:00,277.09058,278.07245,274.06766,275.68283,40643.0,0.0,-6.3599854,-0.00506461
2014-06-01 16:00:00,275.31433,275.93658,273.79626,274.5531,24702.0,0.0,-5.119995,-0.00409793
2014-06-02 16:00:00,274.5553,275.25476,273.71902,274.67444,23873.0,0.0,0.54992676,0.00044196026
2014-06-03 16:00:00,274.67224,275.5372,274.20886,274.48026,20895.0,0.0,-0.8800049,-0.0007069221
2014-06-04 16:00:00,274.47806,277.41714,273.8404,276.54117,24238.0,0.0,9.340088,0.007508351
2014-06-05 16:00:00,276.5522,277.4767,274.87967,276.4529,23884.0,0.0,-0.4000244,-0.00031917688
2014-06-08 16:00:00,276.46832,277.34213,276.10867,276.27856,17044.0,0.0,-0.79003906,-0.0006305683
2014-06-09 16:00:00,276.26974,278.74326,275.85052,277.87387,20075.0,0.0,7.2299805,0.0057742377
2014-06-10 16:00:00,277.87607,279.15585,277.68192,278.17175,20122.0,0.0,1.3499756,0.0010719707
2014-06-11 16:00:00,278.16956,281.2675,277.9533,280.81073,25365.0,0.0,11.960083,0.009486934
2014-06-12 16:00:00,280.81296,281.9228,280.36945,281.5168,24087.0,0.0,3.1999512,0.0025144
2014-06-15 16:00:00,281.79706,283.47397,280.33414,280.66068,26100.0,0.0,-3.880005,-0.0030411137
2014-06-16 16:00:00,280.64304,280.91885,277.78122,280.23926,25292.0,0.0,-1.9099121,-0.0015015387
2014-06-17 16:00:00,280.22382,282.0508,279.35223,281.85883,24303.0,0.0,7.339966,0.0057792272
2014-06-18 16:00:00,281.86545,291.6535,281.508,290.99155,38414.0,0.0,41.390015,0.032401763
2014-06-19 16:00:00,290.98935,291.19012,288.229,290.21265,39306.0,0.0,-3.5300293,-0.0026767182
2014-06-22 16:00:00,289.77798,290.88345,288.98804,290.0317,28797.0,0.0,-0.82006836,-0.0006235028
2014-06-23 16:00:00,290.0339,292.51184,289.8662,290.7047,29440.0,0.0,3.0500488,0.002320417
2014-06-24 16:00:00,290.7091,292.29337,289.15353,290.7731,30744.0,0.0,0.3100586,0.00023534038
2014-06-25 16:00:00,290.77972,291.19894,288.16058,290.27887,29836.0,0.0,-2.2399902,-0.0016997952
2014-06-26 16:00:00,290.27664,291.73294,289.60806,290.35388,27290.0,0.0,0.33996582,0.00025841908
2014-06-29 16:00:00,290.1972,293.30618,289.09836,292.60672,30454.0,0.0,10.209961,0.007758918
2014-06-30 16:00:00,292.6023,293.94824,292.04623,292.70602,28394.0,0.0,0.45007324,0.0003393936
2014-07-01 16:00:00,292.6795,293.88647,291.47256,292.85605,26389.0,0.0,0.67993164,0.00051255245
2014-07-02 16:00:00,292.86487,292.88913,288.89316,291.15042,28905.0,0.0,-7.7299805,-0.0058241016
2014-07-03 16:00:00,291.20337,291.90283,290.9143,291.45493,11031.0,0.0,1.3800049,0.0010458465
2014-07-06 16:00:00,290.82166,291.18573,289.3036,290.76648,21832.0,0.0,-3.119995,-0.00236204
2014-07-07 16:00:00,290.7775,292.2713,289.77576,290.85913,25259.0,0.0,0.41992188,0.00031866098
2014-07-08 16:00:00,290.88782,293.86444,290.71133,292.85162,27918.0,0.0,9.030029,0.006850325
2014-07-09 16:00:00,292.83398,296.73068,292.63098,294.85294,32536.0,0.0,9.070068,0.006833885
2014-07-10 16:00:00,294.85074,295.44867,294.2638,295.33395,21148.0,0.0,2.1799316,0.0016313312
2014-07-13 16:00:00,295.39352,295.44647,287.52512,288.50262,34342.0,0.0,-30.95996,-0.02313086
2014-07-14 16:00:00,288.48056,289.85742,285.06268,285.5459,30734.0,0.0,-13.400024,-0.010248506
2014-07-15 16:00:00,285.5481,287.62003,285.50397,286.34686,26296.0,0.0,3.630005,0.0028050204
2014-07-16 16:00:00,286.37555,292.22278,286.2983,291.66895,35171.0,0.0,24.119995,0.018586153
2014-07-17 16:00:00,291.64908,291.68,287.80536,289.2021,27677.0,0.0,-11.179932,-0.008457728
2014-07-20 16:00:00,289.10056,290.86578,288.44302,289.458,17495.0,0.0,1.1599121,0.00088496966
2014-07-21 16:00:00,289.46243,290.21045,287.22946,288.41434,25616.0,0.0,-4.7299805,-0.003605608
2014-07-22 16:00:00,288.42538,289.28152,287.48984,287.78992,18501.0,0.0,-2.829956,-0.0021650482
2014-07-23 16:00:00,287.77887,287.9245,284.09845,285.3032,29299.0,0.0,-11.27002,-0.008640798
2014-07-24 16:00:00,285.3076,288.64825,284.8023,288.37463,22277.0,0.0,13.920044,0.010765612
2014-07-27 16:00:00,288.3945,288.8667,287.1081,287.67075,22513.0,0.0,-3.1900635,-0.002440883
2014-07-28 16:00:00,287.66193,289.4845,285.96292,286.64694,28084.0,0.0,-4.6400146,-0.0035590031
2014-07-29 16:00:00,286.61603,287.5803,284.97443,286.11517,21835.0,0.0,-2.4100342,-0.0018551569
2014-07-30 16:00:00,286.10635,286.18356,282.52298,283.0415,25577.0,0.0,-13.929932,-0.010742685
2014-07-31 16:00:00,283.03268,286.11737,282.4656,285.43115,25783.0,0.0,10.829956,0.008442699
2014-08-03 16:00:00,285.26346,285.782,283.73438,284.18228,15543.0,0.0,-5.659912,-0.0043753525
2014-08-04 16:00:00,284.18448,285.4863,282.9621,284.21756,23550.0,0.0,0.15991211,0.0001241621
2014-08-05 16:00:00,284.20215,288.90198,284.06976,288.25107,25525.0,0.0,18.28003,0.014191578
2014-08-06 16:00:00,288.24887,290.00522,287.26035,289.36316,26612.0,0.0,5.040039,0.0038580487
2014-08-07 16:00:00,289.3477,291.80353,288.1253,288.9064,32465.0,0.0,-2.0700684,-0.0015785058
2014-08-10 16:00:00,289.19766,289.32123,287.9245,288.4982,17397.0,0.0,-1.8499756,-0.001412907
2014-08-11 16:00:00,288.50262,290.7378,288.05026,288.78284,21392.0,0.0,1.2900391,0.0009866531
2014-08-12 16:00:00,288.80048,290.11777,287.86273,289.64117,22321.0,0.0,3.8900146,0.0029722448
2014-08-13 16:00:00,289.65,291.04892,288.7387,289.57718,23509.0,0.0,-0.29003906,-0.00022095352
2014-08-14 16:00:00,289.57056,290.14423,285.15976,287.8451,27525.0,0.0,-7.8499756,-0.0059814807
2014-08-17 16:00:00,287.3751,287.60898,285.8504,286.41528,18583.0,0.0,-6.4799805,-0.0049672914
2014-08-18 16:00:00,286.3976,287.32434,285.45322,285.8526,17278.0,0.0,-2.5500488,-0.0019645228
2014-08-19 16:00:00,285.83054,286.32037,284.09402,284.76038,19542.0,0.0,-4.949951,-0.0038208808
2014-08-20 16:00:00,284.7008,284.82437,280.85266,281.70657,25728.0,0.0,-13.840088,-0.010724178
2014-08-21 16:00:00,281.711,283.06137,281.1042,282.62448,20674.0,0.0,4.160034,0.003258402
2014-08-24 16:00:00,281.61612,282.64655,281.18805,281.51462,15278.0,0.0,-5.0300293,-0.0039270413
2014-08-25 16:00:00,281.51462,284.78467,281.39767,282.56268,22398.0,0.0,4.75,0.0037230374
2014-08-26 16:00:00,282.46783,284.01016,282.42368,283.068,17024.0,0.0,2.290039,0.0017882688
2014-08-27 16:00:00,283.05695,286.04456,283.02386,284.57724,25032.0,0.0,6.839966,0.0053317267
2014-08-28 16:00:00,284.564,284.8994,283.16068,283.99915,17721.0,0.0,-2.619995,-0.002031445
2014-08-31 16:00:00,283.71008,284.5971,282.92236,283.82263,8866.0,0.0,-0.79992676,-0.0006214954
2014-09-01 16:00:00,283.82483,284.04327,278.51157,279.46698,27121.0,0.0,-19.73999,-0.015346334
2014-09-02 16:00:00,279.47137,280.51508,278.22473,280.0451,22688.0,0.0,2.619995,0.0020685913
2014-09-03 16:00:00,280.04068,281.775,277.3774,277.62012,27628.0,0.0,-10.990112,-0.008659222
2014-09-04 16:00:00,277.60468,280.95856,277.3664,279.90167,21964.0,0.0,10.340088,0.008218225
2014-09-07 16:00:00,279.82224,280.5967,276.08218,277.25827,22662.0,0.0,-11.97998,-0.009443986
2014-09-08 16:00:00,277.26266,277.58484,275.24374,276.90964,24981.0,0.0,-1.5800781,-0.0012574733
2014-09-09 16:00:00,276.91846,277.49435,274.39423,275.738,26238.0,0.0,-5.3099365,-0.0042311265
2014-09-10 16:00:00,275.74902,275.80637,272.4194,273.7389,29370.0,0.0,-9.060059,-0.007250019
2014-09-11 16:00:00,273.7411,273.9551,270.79764,271.24994,29300.0,0.0,-11.280029,-0.009092398
2014-09-14 16:00:00,270.64758,273.2645,270.49976,272.0112,20012.0,0.0,3.4500732,0.0028064894
2014-09-15 16:00:00,272.009,274.0081,271.75525,272.43704,26015.0,0.0,1.9299316,0.0015655245
2014-09-16 16:00:00,272.44366,273.377,268.31088,268.56244,23694.0,0.0,-17.559937,-0.014222028
2014-09-17 16:00:00,268.58008,270.8969,268.23587,270.4269,34133.0,0.0,8.449951,0.0069424645
2014-09-18 16:00:00,270.42914,271.03372,267.7747,268.1763,50199.0,0.0,-10.199951,-0.008322483
2014-09-21 16:00:00,268.0439,269.2663,266.56775,268.0064,27851.0,0.0,-0.77001953,-0.00063355756
2014-09-22 16:00:00,267.96448,272.43265,267.88284,269.62817,31271.0,0.0,7.3499756,0.0060512554
2014-09-23 16:00:00,269.59067,270.48428,268.2094,268.3771,26964.0,0.0,-5.669922,-0.0046399846
2014-09-24 16:00:00,268.355,270.04742,266.25882,269.63037,24919.0,0.0,5.6799316,0.004669844
2014-09-25 16:00:00,269.64142,271.63608,267.4614,268.77646,26481.0,0.0,-3.869995,-0.0031669873
2014-09-28 16:00:00,268.50507,269.88193,267.97107,268.13876,23722.0,0.0,-2.8900146,-0.00237254
2014-09-29 16:00:00,268.13437,269.16922,265.70282,266.65823,31285.0,0.0,-6.709961,-0.005521602
2014-09-30 16:00:00,266.66043,268.9971,265.7712,267.6423,29843.0,0.0,4.459961,0.0036904626
2014-10-01 16:00:00,267.63568,269.66568,266.6538,267.95343,34478.0,0.0,1.4100342,0.0011624643
2014-10-02 16:00:00,267.95343,268.13657,262.53867,262.788,27567.0,0.0,-23.410034,-0.019277355
2014-10-05 16:00:00,261.64062,266.7178,261.02942,266.10217,28582.0,0.0,15.02002,0.012611586
2014-10-06 16:00:00,266.1066,267.71072,265.37402,267.00024,30067.0,0.0,4.0700684,0.0033748774
2014-10-07 16:00:00,266.97815,270.06506,265.84183,269.24646,37121.0,0.0,10.179932,0.0084127495
2014-10-08 16:00:00,269.27515,272.10385,268.94858,270.17538,36796.0,0.0,4.209961,0.003450109
2014-10-09 16:00:00,270.16437,270.3519,268.56244,269.8356,27932.0,0.0,-1.539917,-0.0012576398
2014-10-12 16:00:00,271.3691,273.0946,270.26807,272.63785,24492.0,0.0,12.699951,0.010385025
2014-10-13 16:00:00,272.62683,273.163,271.0933,271.40662,31562.0,0.0,-5.579956,-0.0045159524
2014-10-14 16:00:00,271.3713,275.62103,269.5708,273.72125,55296.0,0.0,10.48999,0.008528239
2014-10-15 16:00:00,273.73447,274.71417,272.56726,273.1961,54083.0,0.0,-2.380005,-0.0019185542
2014-10-16 16:00:00,273.17847,273.96396,271.71555,273.15857,40859.0,0.0,-0.17004395,-0.00013733823
2014-10-19 16:00:00,272.75037,275.48203,272.39514,275.05176,30229.0,0.0,8.580078,0.0069307643
2014-10-20 16:00:00,275.08484,276.94052,274.74066,275.4379,28354.0,0.0,1.75,0.0014038746
2014-10-21 16:00:00,275.4622,275.64972,273.58444,273.96838,22947.0,0.0,-6.660034,-0.005335283
2014-10-22 16:00:00,273.9816,274.60605,270.53284,271.86557,26397.0,0.0,-9.530029,-0.007675356
2014-10-23 16:00:00,271.87,272.30023,271.0624,271.57654,20116.0,0.0,-1.3099365,-0.0010631653
2014-10-26 16:00:00,270.9256,271.80157,270.30338,270.47766,18743.0,0.0,-4.9801025,-0.004046232
2014-10-27 16:00:00,270.48428,272.5584,269.72086,270.99622,24157.0,0.0,2.3500977,0.0019171638
2014-10-28 16:00:00,270.9896,271.49707,266.60748,267.30032,22505.0,0.0,-16.75,-0.013638177
2014-10-29 16:00:00,267.2606,268.2138,263.86258,264.7871,35623.0,0.0,-11.390015,-0.009402201
2014-10-30 16:00:00,264.77164,265.36743,256.17734,258.70596,45633.0,0.0,-27.560059,-0.02296614
2014-11-02 16:00:00,258.34412,258.9862,256.26117,257.09525,26119.0,0.0,-7.2999268,-0.00622611
2014-11-03 16:00:00,257.06876,259.1517,256.78854,257.7329,27604.0,0.0,2.8900146,0.0024803372
2014-11-04 16:00:00,257.7638,258.09476,251.00089,251.54588,39695.0,0.0,-28.04004,-0.024005648
2014-11-05 16:00:00,251.51941,253.62221,251.09795,251.87906,42013.0,0.0,1.5100098,0.0013245468
2014-11-06 16:00:00,251.91655,260.0012,249.66814,259.86,66499.0,0.0,36.16992,0.031685475
2014-11-09 16:00:00,259.85336,259.8666,253.11249,254.11205,59972.0,0.0,-26.049927,-0.022119325
2014-11-10 16:00:00,253.95537,258.83618,252.8411,256.72675,41275.0,0.0,11.849976,0.010289563
2014-11-11 16:00:00,256.82825,258.12567,255.29915,256.3384,59272.0,0.0,-1.7600098,-0.0015126857
2014-11-12 16:00:00,256.28323,257.68216,254.61293,256.39578,69751.0,0.0,0.26000977,0.00022381064
2014-11-13 16:00:00,256.45316,263.34406,253.00658,262.25406,62430.0,0.0,26.550049,0.022848578
2014-11-16 16:00:00,261.7863,263.48306,260.68082,261.8745,49414.0,0.0,-1.7200928,-0.0014472195
2014-11-17 16:00:00,261.74213,265.79105,261.10666,264.05453,47292.0,0.0,9.880005,0.008324701
2014-11-18 16:00:00,264.0391,265.24164,259.2929,260.8904,51654.0,0.0,-14.339966,-0.011982825
2014-11-19 16:00:00,261.1486,264.12515,259.64816,263.4301,51590.0,0.0,11.51001,0.009734694
2014-11-20 16:00:00,263.41907,266.4751,261.84143,265.07175,39961.0,0.0,7.4399414,0.006231733
2014-11-23 16:00:00,264.92612,265.70282,263.17413,264.29507,28581.0,0.0,-3.5198975,-0.0029300249
2014-11-24 16:00:00,264.44952,265.41376,262.6534,265.03204,36962.0,0.0,3.3399658,0.0027884168
2014-11-25 16:00:00,265.0254,265.1335,263.63092,264.27298,24800.0,0.0,-3.4400635,-0.0028639988
2014-11-26 16:00:00,264.2774,264.6834,261.60312,262.72183,24874.0,0.0,-7.029907,-0.005869506
2014-11-27 16:00:00,262.72842,263.0197,257.08862,257.48138,31812.0,0.0,-23.75,-0.019946752
2014-11-30 16:00:00,255.81767,269.41635,252.14604,267.27606,57898.0,0.0,44.390015,0.03804032
2014-12-01 16:00:00,267.3356,267.5739,263.03735,264.2686,42570.0,0.0,-13.630005,-0.011252284
2014-12-02 16:00:00,264.25977,268.08804,263.56027,266.75092,33316.0,0.0,11.25,0.009393159
2014-12-03 16:00:00,266.73102,267.7063,265.05408,265.98303,27997.0,0.0,-3.4801025,-0.0028786634
2014-12-04 16:00:00,265.9808,266.42654,261.73328,263.01306,30718.0,0.0,-13.459961,-0.0111659225
2014-12-07 16:00:00,262.70193,266.73987,261.9253,265.46008,24839.0,0.0,11.089966,0.009303741
2014-12-08 16:00:00,265.4932,273.1961,264.60617,271.60962,33736.0,0.0,27.869995,0.023165539
2014-12-09 16:00:00,271.54343,273.20493,270.18863,270.2747,32814.0,0.0,-6.0499268,-0.004914844
2014-12-10 16:00:00,270.34085,271.9781,268.28,270.70496,29495.0,0.0,1.9499512,0.0015919268
2014-12-11 16:00:00,270.86823,270.97195,267.90048,269.712,26564.0,0.0,-4.5,-0.0036679301
2014-12-14 16:00:00,269.62595,270.107,262.70193,263.18076,28051.0,0.0,-29.599976,-0.024215631
2014-12-15 16:00:00,263.54486,269.904,262.0003,263.9023,38243.0,0.0,3.2700195,0.00274158
2014-12-16 16:00:00,263.68164,265.4027,261.13974,262.25406,28775.0,0.0,-7.4699707,-0.0062456904
2014-12-17 16:00:00,262.307,267.8056,262.22095,264.28403,26922.0,0.0,9.199951,0.0077404827
2014-12-18 16:00:00,264.2112,265.04745,263.37274,263.76108,18534.0,0.0,-2.369995,-0.001978706
2014-12-21 16:00:00,263.7964,265.49097,258.3022,259.43192,21826.0,0.0,-19.619995,-0.016413186
2014-12-22 16:00:00,259.44516,261.4266,258.7082,259.68347,15978.0,0.0,1.1400146,0.00096959807
2014-12-23 16:00:00,259.48047,260.59256,258.7766,259.20908,9482.0,0.0,-2.1500244,-0.001826854
2014-12-24 16:00:00,259.17154,259.20908,259.17154,259.20908,2.0,0.0,0.0,0.0
2014-12-25 16:00:00,261.23242,264.57968,261.02942,263.8008,35733.0,0.0,20.810059,0.017714458
2014-12-28 16:00:00,263.5228,264.20016,260.09607,261.01178,45789.0,0.0,-12.640015,-0.010572463
2014-12-29 16:00:00,260.9544,267.03772,260.5219,264.73636,52943.0,0.0,16.880005,0.014269777
2014-12-30 16:00:00,264.6768,265.6057,260.2351,261.22803,44335.0,0.0,-15.900024,-0.0132522285
2014-12-31 16:00:00,261.24124,261.24124,260.81097,260.81097,1211.0,0.0,-1.8900146,-0.0015964309
2015-01-01 16:00:00,261.31628,263.6397,257.65125,262.48572,51614.0,0.0,7.589966,0.0064212363
2015-01-04 16:00:00,262.11063,266.50156,259.92838,265.72488,66288.0,0.0,14.680054,0.012340328
2015-01-05 16:00:00,265.5594,269.92166,265.11145,268.7853,56348.0,0.0,13.869995,0.011517251
2015-01-06 16:00:00,268.94638,268.97284,266.72882,267.09732,53668.0,0.0,-7.6500244,-0.006280035
2015-01-07 16:00:00,267.0532,268.39474,265.7734,266.72223,51529.0,0.0,-1.6999512,-0.001404338
2015-01-08 16:00:00,266.64496,269.36783,266.36917,268.77646,42659.0,0.0,9.309937,0.0077018
2015-01-11 16:00:00,270.56592,272.68637,268.66394,272.2385,42225.0,0.0,15.690063,0.012880662
2015-01-12 16:00:00,272.05975,274.4891,270.77997,271.5986,56696.0,0.0,-2.9000244,-0.0023504817
2015-01-13 16:00:00,271.53238,274.53986,270.2747,271.22348,59241.0,0.0,-1.7000732,-0.0013811628
2015-01-14 16:00:00,271.17712,279.4626,270.4512,278.70352,61140.0,0.0,33.900024,0.027578933
2015-01-15 16:00:00,278.6991,282.88043,276.828,282.3619,58290.0,0.0,16.580078,0.013126497
2015-01-18 16:00:00,282.48105,282.76572,280.68936,281.54993,40313.0,0.0,-3.6800537,-0.002875761
2015-01-19 16:00:00,281.52786,286.19022,281.08655,285.7864,58169.0,0.0,19.199951,0.015046984
2015-01-20 16:00:00,285.63416,287.9554,283.4497,285.54367,58390.0,0.0,-1.0999756,-0.00084927084
2015-01-21 16:00:00,285.3804,288.34375,282.27808,287.30447,56209.0,0.0,7.9799805,0.0061664325
2015-01-22 16:00:00,287.26477,287.3751,283.271,285.49515,53848.0,0.0,-8.199951,-0.006297579
2015-01-25 16:00:00,285.36276,286.64694,281.46164,282.3663,55899.0,0.0,-14.180054,-0.010959326
2015-01-26 16:00:00,282.58698,286.30054,280.6232,285.23477,56117.0,0.0,13.0,0.010158631
2015-01-27 16:00:00,285.12445,285.49072,282.40604,283.3372,53718.0,0.0,-8.599976,-0.0066527235
2015-01-28 16:00:00,283.1717,283.73438,276.16605,277.35754,56933.0,0.0,-27.099976,-0.021104258
2015-01-29 16:00:00,277.68634,283.48062,277.2693,283.1342,52851.0,0.0,26.180054,0.020827409
2015-02-01 16:00:00,282.88266,283.1717,279.36548,281.4396,53772.0,0.0,-7.6800537,-0.0059851725
2015-02-02 16:00:00,281.29175,283.613,276.9604,278.04156,56061.0,0.0,-15.400024,-0.012073716
2015-02-03 16:00:00,278.31076,280.71805,277.20312,280.09363,55475.0,0.0,9.300049,0.0073804054
2015-02-04 16:00:00,280.2834,281.102,277.15897,279.25516,54919.0,0.0,-3.8000488,-0.0029935786
2015-02-05 16:00:00,279.2971,279.948,270.8925,271.95163,53715.0,0.0,-33.099976,-0.026153585
2015-02-08 16:00:00,272.7945,274.40085,272.29584,273.25787,49154.0,0.0,5.920044,0.0048032813
2015-02-09 16:00:00,273.18948,274.89508,271.53238,272.2385,51781.0,0.0,-4.619995,-0.0037305558
2015-02-10 16:00:00,272.26715,273.35275,268.3771,268.6904,47872.0,0.0,-16.080078,-0.013032969
2015-02-11 16:00:00,268.87357,272.009,268.68597,269.94373,49555.0,0.0,5.6800537,0.0046644993
2015-02-12 16:00:00,269.76718,272.4856,269.701,271.24115,48545.0,0.0,5.880005,0.0048062815
2015-02-15 16:00:00,270.93002,272.81216,270.86163,271.50592,29897.0,0.0,1.1999512,0.0009761414
2015-02-16 16:00:00,271.48605,272.25833,265.57483,266.81265,49036.0,0.0,-21.27002,-0.017285954
2015-02-17 16:00:00,266.8215,267.7813,264.23547,267.4945,46268.0,0.0,3.090088,0.0025554602
2015-02-18 16:00:00,267.58936,269.84882,265.95435,266.20367,48049.0,0.0,-5.8500977,-0.0048256186
2015-02-19 16:00:00,266.35373,268.13437,264.3833,265.1269,48518.0,0.0,-4.880005,-0.0040449295
2015-02-22 16:00:00,265.57925,267.04657,262.69974,265.07394,46756.0,0.0,-0.23999023,-0.00019973055
2015-02-23 16:00:00,265.16882,265.7712,262.6843,264.8533,47395.0,0.0,-1.0,-0.00083241076
2015-02-24 16:00:00,264.97906,267.38196,264.92392,265.64545,48313.0,0.0,3.590088,0.0029909175
2015-02-25 16:00:00,265.68958,269.18246,265.5572,266.70013,51312.0,0.0,4.779907,0.0039702863
2015-02-26 16:00:00,266.6472,269.0324,265.72928,267.61804,47948.0,0.0,4.160034,0.0034417426
2015-03-01 16:00:00,267.81442,269.92166,265.7734,266.1772,51691.0,0.0,-6.5300293,-0.0053839926
2015-03-02 16:00:00,266.09555,268.02625,263.75446,265.66528,50213.0,0.0,-2.3199463,-0.0019231441
2015-03-03 16:00:00,265.6609,266.7597,264.27298,264.91287,48173.0,0.0,-3.4100342,-0.0028322306
2015-03-04 16:00:00,264.90405,266.859,263.94202,264.32816,48039.0,0.0,-2.6500244,-0.00220725
2015-03-05 16:00:00,264.3833,264.92834,256.76425,257.7638,51441.0,0.0,-29.75,-0.024834093
2015-03-08 16:00:00,258.00433,259.33264,257.21216,257.5917,47141.0,0.0,-0.7799072,-0.0006676145
2015-03-09 16:00:00,257.5983,258.25806,254.76295,256.4796,53874.0,0.0,-5.040039,-0.0043172454
2015-03-10 16:00:00,256.5105,257.10626,253.19414,254.85564,50796.0,0.0,-7.3599854,-0.0063318238
2015-03-11 16:00:00,254.82474,257.36884,253.43906,254.56215,51289.0,0.0,-1.3300781,-0.0011515628
2015-03-12 16:00:00,254.5776,256.35165,254.03482,255.5176,46662.0,0.0,4.330078,0.0037532425
2015-03-15 16:00:00,255.08292,256.8547,253.81197,254.79605,46903.0,0.0,-3.2700195,-0.0028238022
2015-03-16 16:00:00,254.76736,255.87283,252.15488,253.61778,43101.0,0.0,-5.339966,-0.004624348
2015-03-17 16:00:00,253.56705,259.33264,252.7771,257.71085,50931.0,0.0,18.549927,0.01613865
2015-03-18 16:00:00,257.7329,259.871,255.84415,258.39926,56254.0,0.0,3.119995,0.0026713202
2015-03-19 16:00:00,258.4478,262.1327,257.85205,260.9191,51332.0,0.0,11.420044,0.00975172
2015-03-22 16:00:00,261.6936,262.93805,260.16888,262.49234,50557.0,0.0,7.130005,0.0060296026
2015-03-23 16:00:00,262.5122,263.67944,261.4928,263.1212,47367.0,0.0,2.8499756,0.0023956823
2015-03-24 16:00:00,263.0925,264.73636,261.83038,263.6287,47913.0,0.0,2.3000488,0.0019287945
2015-03-25 16:00:00,263.69928,269.1339,263.5007,265.7381,52751.0,0.0,9.559937,0.00800142
2015-03-26 16:00:00,265.7712,266.1198,263.0153,264.42746,50983.0,0.0,-5.9399414,-0.0049321135
2015-03-29 16:00:00,264.3083,264.41418,260.89703,261.75537,46869.0,0.0,-12.109985,-0.0101051275
2015-03-30 16:00:00,261.7377,262.73062,260.01886,261.0581,49174.0,0.0,-3.1600342,-0.0026637956
2015-03-31 16:00:00,261.03165,266.66043,260.5219,265.47113,47456.0,0.0,20.0,0.016904313
2015-04-01 16:00:00,265.48434,266.4133,263.68826,265.21075,47454.0,0.0,-1.1800537,-0.0009808198
2015-04-02 16:00:00,265.08057,265.38065,264.74518,265.32108,920.0,0.0,0.5,0.0004159907
2015-04-05 16:00:00,268.3859,270.12244,267.80338,268.01965,47293.0,0.0,12.230103,0.010170987
2015-04-06 16:00:00,268.03287,268.26678,266.4133,266.87225,47613.0,0.0,-5.2000732,-0.004281023
2015-04-07 16:00:00,266.90756,267.4967,264.18475,265.14236,48418.0,0.0,-7.839966,-0.0064820964
2015-04-08 16:00:00,265.14456,265.3652,263.0594,263.54263,46568.0,0.0,-7.25,-0.006033421
2015-04-09 16:00:00,263.5294,267.14145,263.14767,266.63394,46718.0,0.0,14.01001,0.011729845
2015-04-12 16:00:00,266.38242,266.87225,263.87582,264.50687,47942.0,0.0,-9.640015,-0.007977502
2015-04-13 16:00:00,264.49585,265.11807,261.09564,263.15872,51452.0,0.0,-6.1099854,-0.005096921
2015-04-14 16:00:00,263.13443,265.79547,262.22095,265.4049,48491.0,0.0,10.179932,0.0085355565
2015-04-15 16:00:00,265.39612,266.79062,263.47864,264.412,57118.0,0.0,-4.5,-0.0037411773
2015-04-16 16:00:00,264.43408,266.4751,264.05234,265.5969,49645.0,0.0,5.369995,0.0044812323
2015-04-19 16:00:00,265.6675,266.77298,262.75052,263.94202,50696.0,0.0,-7.5,-0.006230789
2015-04-20 16:00:00,263.9354,265.72488,263.21387,265.44464,47180.0,0.0,6.8100586,0.005693077
2015-04-21 16:00:00,265.43802,265.8374,261.53693,262.06427,50488.0,0.0,-15.320068,-0.01273478
2015-04-22 16:00:00,262.04,264.33917,261.13974,263.37936,51569.0,0.0,5.960083,0.0050182147
2015-04-23 16:00:00,263.3595,263.8979,259.13184,260.34543,47951.0,0.0,-13.75,-0.01151929
2015-04-26 16:00:00,260.12476,266.35815,260.04974,265.1291,52433.0,0.0,21.679932,0.01837438
2015-04-27 16:00:00,265.16882,268.09686,264.55984,267.38196,53270.0,0.0,10.210083,0.008497215
2015-04-28 16:00:00,267.37976,267.7813,265.06735,265.95654,52043.0,0.0,-6.460083,-0.005331025
2015-04-29 16:00:00,265.9698,266.36917,259.61725,261.2236,56136.0,0.0,-21.449951,-0.017795917
2015-04-30 16:00:00,261.21478,261.51263,258.09476,259.86,47228.0,0.0,-6.1800537,-0.005220169
2015-05-03 16:00:00,259.98135,263.19403,259.83792,262.24078,48255.0,0.0,10.790039,0.009161959
2015-05-04 16:00:00,262.25183,264.7496,261.559,263.48306,48488.0,0.0,5.630005,0.0047371075
2015-05-05 16:00:00,263.46762,264.2465,262.1327,263.11237,49057.0,0.0,-1.6800537,-0.0014069388
2015-05-06 16:00:00,263.0594,263.20282,260.0365,261.30304,49928.0,0.0,-8.199951,-0.006876616
2015-05-07 16:00:00,261.30524,263.31537,260.65433,262.06647,49983.0,0.0,3.459961,0.002921672
2015-05-10 16:00:00,262.3092,262.96674,260.10272,261.0934,48289.0,0.0,-4.409912,-0.003712985
2015-05-11 16:00:00,261.0581,264.13617,260.49985,263.18518,49054.0,0.0,9.47998,0.008011544
2015-05-12 16:00:00,263.17636,268.9552,262.8123,268.0991,52006.0,0.0,22.27002,0.018670842
2015-05-13 16:00:00,268.08362,270.77115,267.45035,269.52667,53230.0,0.0,6.4699707,0.0053249034
2015-05-14 16:00:00,269.51123,270.56152,267.14145,269.96576,48382.0,0.0,1.9899902,0.0016291231
2015-05-17 16:00:00,270.33426,271.90088,269.48035,270.34085,50901.0,0.0,1.6999512,0.0013894165
2015-05-18 16:00:00,270.32983,270.36954,266.05585,266.7553,52738.0,0.0,-16.25,-0.013263141
2015-05-19 16:00:00,266.67807,267.7747,266.30078,266.9892,22486.0,0.0,1.0600586,0.0008768424
2015-05-20 16:00:00,266.98257,267.59598,265.11145,266.1794,46592.0,0.0,-3.670044,-0.003033069
2015-05-21 16:00:00,266.15512,268.05936,265.10706,266.1331,45369.0,0.0,-0.20996094,-0.0001740479
2015-05-24 16:00:00,265.72708,266.81046,265.35416,266.3096,30722.0,0.0,0.8000488,0.0006633189
2015-05-25 16:00:00,266.2875,266.442,261.58105,262.04883,50548.0,0.0,-19.310059,-0.015999319
2015-05-26 16:00:00,262.06207,262.76373,261.1596,262.1481,51409.0,0.0,0.44995117,0.00037886796
2015-05-27 16:00:00,262.1393,263.04175,260.51752,262.243,52873.0,0.0,0.4300537,0.00036197677
2015-05-28 16:00:00,262.24744,263.30435,261.61856,262.5519,49505.0,0.0,1.4000244,0.0011779759
2015-05-31 16:00:00,263.3551,265.7381,261.31628,262.3092,50977.0,0.0,-1.0999756,-0.0009244269
2015-06-01 16:00:00,262.28934,263.91772,261.58105,263.2602,51250.0,0.0,4.3099365,0.0036254511
2015-06-02 16:00:00,263.2558,263.77652,260.2682,261.47955,52879.0,0.0,-8.069946,-0.0067637907
2015-06-03 16:00:00,261.49942,261.74213,258.69055,259.63272,54199.0,0.0,-8.369995,-0.0070630484
2015-06-04 16:00:00,259.61505,260.04755,256.41782,258.5802,47293.0,0.0,-4.7700195,-0.0040538292
2015-06-07 16:00:00,258.26245,259.8269,258.00653,258.8185,54869.0,0.0,1.079956,0.0009215428
2015-06-08 16:00:00,258.8141,261.014,258.6685,259.71216,52500.0,0.0,4.050049,0.003452786
2015-06-09 16:00:00,259.6901,263.06824,259.30396,261.6958,55166.0,0.0,8.98999,0.00763786
2015-06-10 16:00:00,261.68695,262.11942,259.41867,260.7536,50447.0,0.0,-4.2700195,-0.003600293
2015-06-11 16:00:00,260.72714,261.3273,259.63272,260.544,48599.0,0.0,-0.9499512,-0.00080385123
2015-06-14 16:00:00,261.65607,262.62915,258.6685,261.634,50503.0,0.0,4.9399414,0.0041835546
2015-06-15 16:00:00,261.65387,262.104,259.4937,260.76465,48924.0,0.0,-3.9399414,-0.0033227701
2015-06-16 16:00:00,260.7514,262.38644,259.13184,261.3604,47217.0,0.0,2.6999512,0.002284609
2015-06-17 16:00:00,261.37366,266.0294,261.22803,265.10706,53907.0,0.0,16.97998,0.014335146
2015-06-18 16:00:00,265.11145,265.7072,264.37228,264.80255,47215.0,0.0,-1.3800049,-0.0011485874
2015-06-21 16:00:00,264.45834,264.80698,260.82202,261.70023,47954.0,0.0,-14.059937,-0.0117156375
2015-06-22 16:00:00,261.67813,262.15915,259.50693,259.92838,49020.0,0.0,-8.030029,-0.006770454
2015-06-23 16:00:00,259.96368,260.4094,258.38382,259.31497,48864.0,0.0,-2.7800293,-0.002359937
2015-06-24 16:00:00,259.30396,259.94824,258.56476,259.0171,47946.0,0.0,-1.3499756,-0.0011486906
2015-06-25 16:00:00,258.99283,260.05414,257.87854,259.27307,49017.0,0.0,1.1600342,0.0009882051
2015-06-28 16:00:00,261.50604,262.01572,258.99063,260.42926,59884.0,0.0,5.23999,0.004459414
2015-06-29 16:00:00,260.4028,260.4822,257.47696,258.93326,57697.0,0.0,-6.7800293,-0.005744424
2015-06-30 16:00:00,258.82294,259.27966,257.58728,257.8256,51472.0,0.0,-5.0200195,-0.004277818
2015-07-01 16:00:00,257.84326,258.01312,255.20425,257.24747,53173.0,0.0,-2.619995,-0.002242225
2015-07-02 16:00:00,257.26294,258.1654,257.07977,257.78146,38216.0,0.0,2.420044,0.0020757588
2015-07-05 16:00:00,259.10757,259.14285,256.5723,258.03522,56030.0,0.0,1.1500244,0.000984374
2015-07-06 16:00:00,258.02637,258.1698,253.24046,254.76295,53129.0,0.0,-14.830078,-0.012681458
2015-07-07 16:00:00,254.74089,256.9783,252.9757,255.5308,59749.0,0.0,3.4799805,0.0030140139
2015-07-08 16:00:00,255.53523,257.63803,254.96155,255.5948,57430.0,0.0,0.29003906,0.0002504482
2015-07-09 16:00:00,255.59923,257.1504,255.38078,256.53918,52530.0,0.0,4.2800293,0.0036948724
2015-07-12 16:00:00,256.56348,256.89444,253.9245,255.35872,54072.0,0.0,-5.3499756,-0.004601536
2015-07-13 16:00:00,255.36974,255.87505,254.29959,255.06966,50532.0,0.0,-1.3100586,-0.0011319956
2015-07-14 16:00:00,255.06744,255.255,252.24753,253.51189,49612.0,0.0,-7.0599365,-0.006107264
2015-07-15 16:00:00,253.49641,253.61559,252.03572,252.69104,53185.0,0.0,-3.7200928,-0.0032378759
2015-07-16 16:00:00,252.69325,252.82124,249.5556,250.28816,48813.0,0.0,-10.890015,-0.009509186
2015-07-19 16:00:00,249.73213,249.99028,236.83069,242.14397,61526.0,0.0,-36.909912,-0.03253924
2015-07-20 16:00:00,242.09761,244.87341,242.02922,243.37077,58131.0,0.0,5.5599365,0.0050664167
2015-07-21 16:00:00,243.34209,243.42593,239.82494,241.65852,54595.0,0.0,-7.76001,-0.0070355586
2015-07-22 16:00:00,241.63425,243.97314,239.88672,240.71416,57616.0,0.0,-4.279907,-0.0039078416
2015-07-23 16:00:00,240.68987,243.09055,237.64049,242.82578,60517.0,0.0,9.569946,0.008772282
2015-07-26 16:00:00,241.76225,243.80986,240.14265,241.3827,61238.0,0.0,-6.540039,-0.005942789
2015-07-27 16:00:00,241.41139,242.46832,240.77371,241.67398,55427.0,0.0,1.3200684,0.001206688
2015-07-28 16:00:00,241.69162,243.09274,240.46483,242.0579,57028.0,0.0,1.7399902,0.001588626
2015-07-29 16:00:00,242.04907,242.40874,238.72168,240.13605,56772.0,0.0,-8.709961,-0.007939655
2015-07-30 16:00:00,240.15149,243.47229,238.25832,241.83284,56925.0,0.0,7.6899414,0.007065947
2015-08-02 16:00:00,241.53276,242.21236,239.09677,239.4432,57828.0,0.0,-10.829956,-0.0098813465
2015-08-03 16:00:00,239.41673,241.5482,238.36864,239.90657,60147.0,0.0,2.0999756,0.001935158
2015-08-04 16:00:00,239.8889,241.04732,238.92027,239.50058,55992.0,0.0,-1.8399658,-0.0016922805
2015-08-05 16:00:00,239.4785,241.3739,239.0306,240.43834,52883.0,0.0,4.25,0.003915499
2015-08-06 16:00:00,240.44052,242.53891,238.95334,241.36948,26116.0,0.0,4.2199707,0.0038726695
2015-08-09 16:00:00,241.1731,244.67703,241.10469,243.65762,48547.0,0.0,10.369995,0.009479838
2015-08-10 16:00:00,243.63557,246.98723,241.36285,244.66158,59449.0,0.0,4.5499268,0.004120303
2015-08-11 16:00:00,244.66377,248.42146,243.09055,248.08607,62464.0,0.0,15.52002,0.01399688
2015-08-12 16:00:00,248.08386,248.57811,245.71187,245.98769,56709.0,0.0,-9.51001,-0.008458304
2015-08-13 16:00:00,245.94356,247.35794,245.25293,245.92813,53372.0,0.0,-0.26989746,-0.00024209742
2015-08-16 16:00:00,245.87735,247.73303,245.71628,246.49077,57294.0,0.0,2.5499268,0.0022878326
2015-08-17 16:00:00,246.48856,247.38884,244.78957,246.57904,55694.0,0.0,0.4000244,0.00035808867
2015-08-18 16:00:00,246.57462,250.34995,246.22379,249.96822,61231.0,0.0,15.359985,0.01374483
2015-08-19 16:00:00,249.97264,254.87106,249.86452,254.82253,59046.0,0.0,22.0,0.019419704
2015-08-20 16:00:00,254.8071,257.7726,253.43906,256.00522,62780.0,0.0,5.3599854,0.0046412023
2015-08-23 16:00:00,256.6738,258.17203,252.92053,254.09438,68493.0,0.0,-8.660034,-0.007464067
2015-08-24 16:00:00,254.0922,255.18881,250.34995,252.28726,65144.0,0.0,-8.189941,-0.007111979
2015-08-25 16:00:00,252.26741,252.96025,246.59889,247.87204,63776.0,0.0,-20.01001,-0.017500753
2015-08-26 16:00:00,247.90735,249.16063,246.73128,248.44572,62718.0,0.0,2.5999756,0.0023144428
2015-08-27 16:00:00,248.43692,251.71136,247.92279,250.01234,58364.0,0.0,7.0999756,0.0063056527
2015-08-30 16:00:00,249.90643,250.77802,248.40161,250.51985,57572.0,0.0,2.3000488,0.0020299265
2015-08-31 16:00:00,250.54411,253.26033,250.27934,251.47968,61052.0,0.0,4.3499756,0.0038313286
2015-09-01 16:00:00,251.48851,252.08205,249.77626,249.9969,59413.0,0.0,-6.7199707,-0.0058961594
2015-09-02 16:00:00,249.98587,250.28816,247.50356,248.21185,54628.0,0.0,-8.089966,-0.0071403054
2015-09-03 16:00:00,248.20964,249.75198,246.42238,247.40205,53225.0,0.0,-3.670044,-0.0032625222
2015-09-06 16:00:00,247.62712,248.18538,246.24364,247.1461,41898.0,0.0,-1.1600342,-0.0010345994
2015-09-07 16:00:00,247.12845,248.58032,246.79747,247.64476,56408.0,0.0,2.2600098,0.0020177218
2015-09-08 16:00:00,247.63155,248.30893,242.97801,244.28647,58328.0,0.0,-15.219971,-0.0135609275
2015-09-09 16:00:00,244.27104,246.00755,243.55171,245.34119,58464.0,0.0,4.7800293,0.004317535
2015-09-10 16:00:00,245.31471,245.55522,242.40652,244.31737,52701.0,0.0,-4.6400146,-0.00417305
2015-09-13 16:00:00,244.05699,245.01903,243.4436,244.53802,51190.0,0.0,1.0,0.0009031302
2015-09-14 16:00:00,244.52919,244.78957,243.26486,243.94228,48121.0,0.0,-2.6999512,-0.0024362074
2015-09-15 16:00:00,243.94887,248.0618,243.55392,247.07329,54690.0,0.0,14.189941,0.0128350705
2015-09-16 16:00:00,247.05344,250.21756,246.0914,249.80936,59080.0,0.0,12.400024,0.011073922
2015-09-17 16:00:00,249.80273,251.8967,248.73921,251.29875,58473.0,0.0,6.75,0.0059621073
2015-09-20 16:00:00,251.01852,251.50836,249.22021,249.95058,51262.0,0.0,-6.1099854,-0.005364813
2015-09-21 16:00:00,249.95279,250.72946,247.37117,248.25818,52857.0,0.0,-7.670044,-0.0067709316
2015-09-22 16:00:00,248.2273,250.25287,247.39322,249.5203,52483.0,0.0,5.7199707,0.005083876
2015-09-23 16:00:00,249.50487,255.22852,249.37907,253.75238,60529.0,0.0,19.180054,0.016960891
2015-09-24 16:00:00,253.73253,254.00835,251.6959,252.83669,59757.0,0.0,-4.1500244,-0.003608654
2015-09-27 16:00:00,252.88963,253.32431,248.89366,249.7939,59104.0,0.0,-13.790039,-0.012034558
2015-09-28 16:00:00,249.77847,250.34114,248.07726,248.51855,58653.0,0.0,-5.779907,-0.0051055644
2015-09-29 16:00:00,248.48988,248.93118,245.23087,246.06932,59812.0,0.0,-11.100098,-0.009855364
2015-09-30 16:00:00,246.0583,246.92986,245.1448,245.78029,54780.0,0.0,-1.3099365,-0.0011746204
2015-10-01 16:00:00,245.7538,251.82832,243.72823,250.99425,55353.0,0.0,23.630005,0.021213949
2015-10-04 16:00:00,250.89055,251.94524,249.33717,250.72285,58691.0,0.0,-1.2299805,-0.0010812825
2015-10-05 16:00:00,250.6986,253.99509,250.39409,252.90509,55405.0,0.0,9.890015,0.008703777
2015-10-06 16:00:00,252.9161,254.47612,251.8857,252.84993,15730.0,0.0,-0.25,-0.00021811582
2015-10-07 16:00:00,252.84552,254.02158,250.80229,251.50615,55543.0,0.0,-6.090088,-0.0053145373
2015-10-08 16:00:00,251.48851,255.88826,251.36493,254.97919,58471.0,0.0,15.73999,0.013808947
2015-10-11 16:00:00,254.91963,257.94034,254.78502,256.7488,53004.0,0.0,8.02002,0.006940255
2015-10-12 16:00:00,256.73117,257.9293,254.12306,257.85205,59822.0,0.0,5.0,0.004297009
2015-10-13 16:00:00,257.8609,262.53207,256.7113,261.2655,62325.0,0.0,15.469971,0.013238038
2015-10-14 16:00:00,261.2545,262.86966,259.19803,260.83084,60907.0,0.0,-1.9699707,-0.0016637283
2015-10-15 16:00:00,260.82864,261.32068,259.10757,259.60623,57379.0,0.0,-5.5499268,-0.004694972
2015-10-18 16:00:00,259.41867,259.935,257.80795,258.13672,57575.0,0.0,-6.660034,-0.0056606466
2015-10-19 16:00:00,258.18304,260.55502,257.54315,259.54004,58590.0,0.0,6.3599854,0.0054363958
2015-10-20 16:00:00,259.51355,260.19315,256.7775,257.44827,59210.0,0.0,-9.47998,-0.008059494
2015-10-21 16:00:00,257.38208,258.5449,256.5348,257.33353,61705.0,0.0,-0.52001953,-0.00044569155
2015-10-22 16:00:00,257.34677,260.22845,255.6897,256.79517,61213.0,0.0,-2.4399414,-0.0020921256
2015-10-25 16:00:00,256.60098,258.04843,256.41562,256.75543,58742.0,0.0,-0.18005371,-0.00015471056
2015-10-26 16:00:00,256.75323,257.85205,256.08466,257.54092,57759.0,0.0,3.5599365,0.0030593371
2015-10-27 16:00:00,257.5255,260.9191,254.18927,255.34988,35804.0,0.0,-9.929932,-0.008507554
2015-10-28 16:00:00,255.34547,256.4752,252.49026,252.9757,46448.0,0.0,-10.76001,-0.009297833
2015-10-29 16:00:00,252.97127,253.76122,251.32082,251.8945,60108.0,0.0,-4.9000244,-0.0042738984
2015-11-01 16:00:00,251.8945,252.18578,249.86452,249.90865,59000.0,0.0,-9.0,-0.007883673
2015-11-02 16:00:00,250.03001,251.16637,245.82661,246.57683,59625.0,0.0,-15.099976,-0.013332135
2015-11-03 16:00:00,246.56578,247.75731,244.01729,244.3262,64573.0,0.0,-10.199951,-0.009127473
2015-11-04 16:00:00,244.36812,245.2485,243.28912,243.50978,61355.0,0.0,-3.7000732,-0.0033415272
2015-11-05 16:00:00,243.61569,245.00801,239.38364,240.35889,57180.0,0.0,-14.280029,-0.012939498
2015-11-08 16:00:00,240.48247,241.75342,240.04558,240.75165,59034.0,0.0,1.7800293,0.0016340739
2015-11-09 16:00:00,240.87964,241.53719,239.44981,240.47142,55276.0,0.0,-1.2700195,-0.0011639809
2015-11-10 16:00:00,240.34346,241.30328,239.16298,239.59323,56403.0,0.0,-3.9799805,-0.003651928
2015-11-11 16:00:00,239.61751,240.38097,236.99617,239.37259,59207.0,0.0,-1.0,-0.0009209375
2015-11-12 16:00:00,239.15193,240.17134,238.21417,239.16077,61055.0,0.0,-0.95996094,-0.000884879
2015-11-15 16:00:00,240.47804,242.30063,238.5672,239.0019,62325.0,0.0,-0.7199707,-0.000664247
2015-11-16 16:00:00,239.01292,239.33728,235.08975,236.06725,61346.0,0.0,-13.300049,-0.0122788185
2015-11-17 16:00:00,236.36513,237.28745,235.05888,236.0783,63177.0,0.0,0.050048828,4.678029e-05
2015-11-18 16:00:00,236.09152,239.9132,235.99223,238.67754,64208.0,0.0,11.779907,0.0110100815
2015-11-19 16:00:00,238.50323,240.07869,237.35362,237.58974,62450.0,0.0,-4.9299316,-0.004557578
2015-11-22 16:00:00,237.59636,237.66255,235.36998,235.83997,652429.0,0.0,-7.9300537,-0.007364668
2015-11-23 16:00:00,235.84218,238.52309,235.79585,237.21904,60834.0,0.0,6.25,0.005847461
2015-11-24 16:00:00,237.22345,238.48117,235.63257,236.24599,82200.0,0.0,-4.409912,-0.0041019004
2015-11-25 16:00:00,236.32762,237.17712,236.00766,236.37616,45132.0,0.0,0.5899658,0.00055101974
2015-11-26 16:00:00,236.47102,236.93442,232.23456,233.3356,51496.0,0.0,-13.780029,-0.012863264
2015-11-29 16:00:00,233.3687,236.02092,232.36914,234.95737,64937.0,0.0,7.3499756,0.0069503975
2015-11-30 16:00:00,234.95515,237.13298,234.58449,235.87529,61382.0,0.0,4.160034,0.0039067226
2015-12-01 16:00:00,235.6767,236.42691,231.80208,232.49051,59195.0,0.0,-15.339966,-0.014349828
2015-12-02 16:00:00,232.51036,235.08757,230.85327,234.48517,65386.0,0.0,9.039917,0.008579538
2015-12-03 16:00:00,234.48517,240.25298,233.47018,239.58882,64079.0,0.0,23.130005,0.02176532
2015-12-06 16:00:00,239.64839,239.76756,235.24643,236.23936,56978.0,0.0,-15.179932,-0.013980026
2015-12-07 16:00:00,236.40263,238.07295,235.54431,237.0999,56999.0,0.0,3.9000244,0.0036426696
2015-12-08 16:00:00,237.16608,239.4719,235.96355,236.61224,54794.0,0.0,-2.210083,-0.002056752
2015-12-09 16:00:00,236.51517,237.50589,235.94148,236.47102,1728697.0,0.0,-0.64001465,-0.0005968393
2015-12-10 16:00:00,236.45781,238.22742,234.39694,237.00722,59522.0,0.0,2.4300537,0.0022674757
2015-12-13 16:00:00,236.8241,237.75302,233.59377,233.99976,58154.0,0.0,-13.630005,-0.012689344
2015-12-14 16:00:00,233.8409,235.78923,233.75705,234.08139,57729.0,0.0,0.36999512,0.00034888744
2015-12-15 16:00:00,234.07918,237.92293,233.99976,236.66962,105026.0,0.0,11.72998,0.011056945
2015-12-16 16:00:00,236.74684,236.81746,231.10924,231.89032,57928.0,0.0,-21.660034,-0.020193953
2015-12-17 16:00:00,232.17719,236.40706,231.85062,235.14053,56267.0,0.0,14.730103,0.014016123
2015-12-20 16:00:00,235.1692,238.66652,234.7235,237.9494,53312.0,0.0,12.72998,0.011945518
2015-12-21 16:00:00,237.90967,238.46571,236.44897,236.62329,352098.0,0.0,-6.01001,-0.00557308
2015-12-22 16:00:00,236.64755,237.30951,235.69875,236.10477,49890.0,0.0,-2.3499756,-0.002191344
2015-12-23 16:00:00,236.05402,237.66475,236.05402,237.51912,42566.0,0.0,6.409912,0.005990348
2015-12-24 16:00:00,237.51912,237.56326,237.39557,237.51912,11.0,0.0,0.0,0.0
2015-12-27 16:00:00,237.35805,237.64049,235.27954,235.80687,54279.0,0.0,-7.76001,-0.0072088903
2015-12-28 16:00:00,235.78923,237.25435,235.4781,235.78702,53742.0,0.0,-0.08996582,-8.418327e-05
2015-12-29 16:00:00,235.82233,236.58356,233.73499,234.11229,51412.0,0.0,-7.589966,-0.0071027195
2015-12-30 16:00:00,234.10567,234.66171,233.44814,234.32852,51071.0,0.0,0.97998047,0.0009236298
2015-12-31 16:00:00,234.16524,234.32852,234.11008,234.11008,7.0,0.0,-0.98999023,-0.00093220297
2016-01-03 16:00:00,234.42563,239.06367,234.2204,236.95648,95977.0,0.0,12.900024,0.012158364
2016-01-04 16:00:00,236.88585,238.7327,236.64755,237.68903,55089.0,0.0,3.3199463,0.0030914855
2016-01-05 16:00:00,237.66255,241.66736,237.15506,241.35623,59185.0,0.0,16.619995,0.015428599
2016-01-06 16:00:00,241.30328,244.93738,240.79138,244.63509,63851.0,0.0,14.859985,0.013585155
2016-01-07 16:00:00,244.64613,245.45372,241.08263,243.53625,61792.0,0.0,-4.9799805,-0.0044917297
2016-01-10 16:00:00,243.512,244.56671,241.30328,241.43787,63360.0,0.0,-9.51001,-0.0086163245
2016-01-11 16:00:00,241.49083,242.51465,238.96439,239.78741,62163.0,0.0,-7.4799805,-0.0068359645
2016-01-12 16:00:00,239.79404,241.68279,238.21417,241.24149,59816.0,0.0,6.589966,0.006064032
2016-01-13 16:00:00,241.2437,241.66736,236.38278,238.10385,61523.0,0.0,-14.219971,-0.01300623
2016-01-14 16:00:00,238.10385,242.10204,237.37572,240.1934,63964.0,0.0,9.469971,0.008775805
2016-01-17 16:00:00,240.28166,241.22826,239.93747,240.22209,47418.0,0.0,0.13000488,0.00011942722
2016-01-18 16:00:00,240.28387,241.52171,238.87392,239.86243,63239.0,0.0,-1.6300049,-0.001497203
2016-01-19 16:00:00,239.85362,244.81163,239.85362,242.80371,462798.0,0.0,13.330078,0.012262392
2016-01-20 16:00:00,242.81033,243.71278,241.01645,242.95816,65119.0,0.0,0.6999512,0.0006360879
2016-01-21 16:00:00,242.99347,243.32002,241.38492,242.18588,59532.0,0.0,-3.5,-0.0031786396
2016-01-24 16:00:00,242.14839,244.68587,242.03143,244.47623,57192.0,0.0,10.380005,0.009457001
2016-01-25 16:00:00,244.49829,247.77055,244.24675,246.98282,112280.0,0.0,11.359985,0.01025288
2016-01-26 16:00:00,247.04681,248.9025,245.99652,248.06622,59509.0,0.0,4.910034,0.004386544
2016-01-27 16:00:00,248.28024,248.41045,245.18672,245.86414,60321.0,0.0,-9.97998,-0.008877012
2016-01-28 16:00:00,245.85971,246.7688,244.57993,246.61874,55170.0,0.0,3.4199219,0.0030692038
2016-01-31 16:00:00,246.59889,249.2798,246.12227,248.86497,58468.0,0.0,10.180054,0.00910812
2016-02-01 16:00:00,248.9113,249.52692,247.62933,249.08342,54940.0,0.0,0.98999023,0.0008777521
2016-02-02 16:00:00,249.09888,252.75504,248.07726,251.91655,60191.0,0.0,12.839966,0.011374277
2016-02-03 16:00:00,251.90334,255.37637,251.44218,254.91742,63771.0,0.0,13.600098,0.011912147
2016-02-04 16:00:00,254.82916,259.14948,252.67561,258.83395,63263.0,0.0,17.75,0.0153639745
2016-02-07 16:00:00,258.73026,264.97687,256.79294,262.3048,62945.0,0.0,15.72998,0.013409471
2016-02-08 16:00:00,262.2121,264.53336,261.5965,262.33347,65190.0,0.0,0.13000488,0.00010935991
2016-02-09 16:00:00,262.36877,264.27078,260.56607,264.08542,64434.0,0.0,7.9399414,0.0066783368
2016-02-10 16:00:00,264.12958,278.72336,263.78757,274.75388,67915.0,0.0,48.349976,0.040397692
2016-02-11 16:00:00,274.89508,275.407,271.8854,273.024,67673.0,0.0,-7.839966,-0.00629615
2016-02-14 16:00:00,272.54077,272.58047,265.17767,266.5457,53710.0,0.0,-29.359985,-0.023727925
2016-02-15 16:00:00,266.63394,268.5117,262.70636,264.74738,67494.0,0.0,-8.150024,-0.006746709
2016-02-16 16:00:00,264.95923,267.7946,263.7655,266.5457,67468.0,0.0,8.150024,0.006792536
2016-02-17 16:00:00,266.68912,273.58444,264.94376,271.51254,65424.0,0.0,22.51001,0.018634114
2016-02-18 16:00:00,271.48163,272.38852,269.1273,270.4799,65781.0,0.0,-4.6800537,-0.0038033447
2016-02-21 16:00:00,270.37396,270.56372,265.20636,266.43536,65421.0,0.0,-18.329956,-0.014953098
2016-02-22 16:00:00,266.62732,270.9984,266.25882,270.24158,181778.0,0.0,17.25,0.014285714
2016-02-23 16:00:00,270.23053,276.51468,269.59726,270.8572,69142.0,0.0,2.790039,0.0022780478
2016-02-24 16:00:00,270.8594,274.20886,269.42078,271.7067,71235.0,0.0,3.8499756,0.003136334
2016-02-25 16:00:00,271.81482,273.66165,267.2297,269.6679,66940.0,0.0,-9.23999,-0.0075037074
2016-02-28 16:00:00,269.72528,273.8382,268.23367,273.21375,66612.0,0.0,16.069946,0.013148915
2016-02-29 16:00:00,273.19168,275.49527,270.7866,271.7332,67252.0,0.0,-6.709961,-0.005419038
2016-03-01 16:00:00,271.72876,274.48026,270.18643,273.61755,65174.0,0.0,8.540039,0.006934608
2016-03-02 16:00:00,273.56897,279.8134,272.94455,278.7631,66761.0,0.0,23.319946,0.01880565
2016-03-03 16:00:00,278.7631,282.38397,275.8792,277.70837,68248.0,0.0,-4.7800293,-0.0037835545
2016-03-06 16:00:00,277.9489,280.91885,277.28033,279.54642,66156.0,0.0,8.330078,0.00661858
2016-03-07 16:00:00,279.1735,281.989,278.04156,278.30637,66821.0,0.0,-5.619995,-0.004435951
2016-03-08 16:00:00,278.29755,279.1007,274.2464,276.37567,65660.0,0.0,-8.75,-0.006937287
2016-03-09 16:00:00,276.36243,280.96518,272.9534,280.41135,65876.0,0.0,18.289917,0.014602144
2016-03-10 16:00:00,280.41577,283.0371,275.39377,275.8417,67575.0,0.0,-20.70996,-0.016296277
2016-03-13 16:00:00,276.0094,278.25342,271.20142,272.54517,61110.0,0.0,-14.940063,-0.011950808
2016-03-14 16:00:00,272.5562,273.11887,270.4468,271.96268,62879.0,0.0,-2.6398926,-0.002137236
2016-03-15 16:00:00,271.96045,278.8977,270.66745,277.99744,64061.0,0.0,27.349976,0.02218975
2016-03-16 16:00:00,277.99524,280.41357,276.7618,277.8077,67379.0,0.0,-0.85998535,-0.0006825822
2016-03-17 16:00:00,277.78122,279.53094,275.31653,276.956,63977.0,0.0,-3.8599854,-0.0030658161
2016-03-20 16:00:00,277.00894,277.0729,273.7389,274.42953,63269.0,0.0,-11.450073,-0.009122255
2016-03-21 16:00:00,274.43393,278.01068,274.02576,275.27243,64140.0,0.0,3.8200684,0.003071461
2016-03-22 16:00:00,275.25696,275.68063,268.06818,269.73407,63922.0,0.0,-25.100098,-0.020119512
2016-03-23 16:00:00,269.76276,270.03638,267.5739,268.43887,61364.0,0.0,-5.869995,-0.0048018284
2016-03-24 16:00:00,268.49182,268.49182,268.46533,268.46533,4.0,0.0,0.11999512,9.863315e-05
2016-03-27 16:00:00,267.88943,269.84,266.59863,269.4671,57799.0,0.0,4.540039,0.0037314368
2016-03-28 16:00:00,269.4539,274.29053,268.141,273.47855,64688.0,0.0,18.180054,0.0148865525
2016-03-29 16:00:00,273.48956,274.46262,269.89957,270.35852,64498.0,0.0,-14.140015,-0.011408574
2016-03-30 16:00:00,270.3497,273.69034,269.94373,271.7817,65110.0,0.0,6.449951,0.005264063
2016-03-31 16:00:00,271.75745,272.54736,266.70013,269.59506,61781.0,0.0,-9.910034,-0.008045622
2016-04-03 16:00:00,268.889,269.75397,267.9137,268.33517,63214.0,0.0,-5.709961,-0.0046733245
2016-04-04 16:00:00,268.344,272.8651,268.00198,271.31616,67080.0,0.0,13.51001,0.0111092
2016-04-05 16:00:00,271.22787,271.8744,268.5536,269.88855,64818.0,0.0,-6.4699707,-0.0052617644
2016-04-06 16:00:00,269.88635,274.3236,269.81134,273.6705,67250.0,0.0,17.140015,0.014013011
2016-04-07 16:00:00,273.65063,274.22214,271.28967,273.41675,62250.0,0.0,-1.1500244,-0.00092722214
2016-04-10 16:00:00,274.70975,277.843,274.44498,277.6356,67058.0,0.0,19.119995,0.015430052
2016-04-11 16:00:00,277.60248,278.57776,276.08,277.14575,65347.0,0.0,-2.2199707,-0.001764318
2016-04-12 16:00:00,277.1369,277.29355,273.47412,273.94632,64725.0,0.0,-14.5,-0.011544218
2016-04-13 16:00:00,273.90878,274.49353,269.96576,270.95206,65518.0,0.0,-13.570068,-0.010930029
2016-04-14 16:00:00,270.95428,272.69965,270.2747,272.22522,61121.0,0.0,5.7700195,0.004698828
2016-04-17 16:00:00,273.19388,273.96173,271.36688,271.78613,61333.0,0.0,-1.9899902,-0.0016129737
2016-04-18 16:00:00,271.75302,277.27814,270.73804,275.86374,63231.0,0.0,18.47998,0.015003028
2016-04-19 16:00:00,275.8836,277.56277,274.06985,274.57516,65346.0,0.0,-5.839966,-0.004671113
2016-04-20 16:00:00,274.56412,280.27014,274.26846,275.72034,64733.0,0.0,5.1899414,0.004170671
2016-04-21 16:00:00,275.72473,276.3867,270.7601,271.85236,62307.0,0.0,-17.529907,-0.0140286395
2016-04-24 16:00:00,271.71112,274.10516,271.4,273.0615,60257.0,0.0,5.4799805,0.0044478555
2016-04-25 16:00:00,273.01074,274.63916,271.68243,274.21548,59474.0,0.0,5.2299805,0.0042261444
2016-04-26 16:00:00,274.1824,276.4198,273.52264,274.71637,59777.0,0.0,2.2700195,0.0018265953
2016-04-27 16:00:00,274.734,280.13995,273.1277,279.27283,64153.0,0.0,20.650024,0.016585965
2016-04-28 16:00:00,279.32355,286.11517,279.07864,285.1995,61171.0,0.0,26.859985,0.021221781
2016-05-01 16:00:00,285.06268,287.66635,284.1183,285.05164,61101.0,0.0,-0.67004395,-0.0005183932
2016-05-02 16:00:00,285.0406,287.22723,282.8738,283.46957,62719.0,0.0,-7.170044,-0.005550128
2016-05-03 16:00:00,283.53796,284.564,280.6011,282.75467,62892.0,0.0,-3.2399902,-0.002521982
2016-05-04 16:00:00,282.73038,283.8469,279.95905,281.7794,64220.0,0.0,-4.419922,-0.0034491299
2016-05-05 16:00:00,281.79706,285.8548,281.15274,284.21097,61597.0,0.0,11.02002,0.008629345
2016-05-08 16:00:00,283.9241,284.10504,278.27768,278.99258,63962.0,0.0,-23.650024,-0.018360965
2016-05-09 16:00:00,278.99918,280.09363,277.3046,279.48022,62102.0,0.0,2.209961,0.0017478198
2016-05-10 16:00:00,279.4758,282.18982,279.0345,282.04416,61499.0,0.0,11.619995,0.009174018
2016-05-11 16:00:00,282.05743,282.60904,278.3659,279.16467,63501.0,0.0,-13.050049,-0.010209389
2016-05-12 16:00:00,279.14484,281.61392,278.66382,280.7666,59738.0,0.0,7.26001,0.0057382765
2016-05-15 16:00:00,280.80853,284.32568,280.38046,281.27188,64559.0,0.0,2.290039,0.0017997086
2016-05-16 16:00:00,281.32043,282.90692,280.023,282.5252,64436.0,0.0,5.6800537,0.004455853
2016-05-17 16:00:00,282.52298,282.56268,276.8942,278.1188,66852.0,0.0,-19.970093,-0.015596516
2016-05-18 16:00:00,278.13867,278.29755,274.4229,277.29355,63379.0,0.0,-3.7399902,-0.0029671867
2016-05-19 16:00:00,277.21854,278.00626,275.48203,276.23666,58382.0,0.0,-4.789917,-0.0038114737
2016-05-22 16:00:00,276.12192,277.05084,274.2464,275.7446,41967.0,0.0,-2.2301025,-0.0017813458
2016-05-23 16:00:00,275.7799,276.2896,270.56815,270.855,61999.0,0.0,-22.159912,-0.017732328
2016-05-24 16:00:00,270.83734,271.44632,268.67938,269.84662,61821.0,0.0,-4.5700684,-0.0037229788
2016-05-25 16:00:00,269.79144,272.3157,268.8272,269.1339,60945.0,0.0,-3.2299805,-0.0026411172
2016-05-26 16:00:00,269.1604,269.94592,266.26547,267.54303,59831.0,0.0,-7.209961,-0.0059111123
2016-05-29 16:00:00,266.76633,267.18777,264.73416,266.86563,48154.0,0.0,-3.0700684,-0.0025319734
2016-05-30 16:00:00,266.84576,268.80734,266.5898,268.13876,61704.0,0.0,5.7700195,0.00477078
2016-05-31 16:00:00,268.16745,269.2884,266.0779,267.7328,60241.0,0.0,-1.8399658,-0.001514101
2016-06-01 16:00:00,267.71072,268.66833,266.2809,266.57437,60842.0,0.0,-5.25,-0.0043267566
2016-06-02 16:00:00,266.5523,274.6546,266.4133,274.45157,22427.0,0.0,35.69995,0.029549759
2016-06-05 16:00:00,274.1846,275.5394,273.56238,274.6987,61330.0,0.0,1.1199951,0.0009004407
2016-06-06 16:00:00,274.6965,275.06058,272.42383,274.3236,57829.0,0.0,-1.6999512,-0.0013654776
2016-06-07 16:00:00,274.4869,278.99478,274.22433,278.51596,59012.0,0.0,19.0,0.015282526
2016-06-08 16:00:00,278.40564,280.60553,277.2693,280.07596,59525.0,0.0,7.0699463,0.0056010666
2016-06-09 16:00:00,279.948,282.0199,278.96832,281.01593,58729.0,0.0,4.26001,0.0033561355
2016-06-12 16:00:00,281.46826,284.02118,280.73352,282.89587,63359.0,0.0,8.52002,0.006689819
2016-06-13 16:00:00,282.91794,284.6015,281.5058,283.4475,67093.0,0.0,2.5,0.0019499259
2016-06-14 16:00:00,283.4475,286.14825,281.96915,284.97,70063.0,0.0,6.9000244,0.005371341
2016-06-15 16:00:00,285.0406,290.2899,281.72644,282.05743,73243.0,0.0,-13.199951,-0.010220636
2016-06-16 16:00:00,282.01328,286.75284,281.54993,286.44394,70919.0,0.0,19.880005,0.015551908
2016-06-19 16:00:00,284.42722,285.1399,281.85883,284.61697,69866.0,0.0,-8.280029,-0.0063781827
2016-06-20 16:00:00,284.44043,285.579,278.858,279.67438,68679.0,0.0,-22.400024,-0.017365705
2016-06-21 16:00:00,279.69644,280.37823,278.1078,279.2993,68071.0,0.0,-1.6999512,-0.0013411844
2016-06-22 16:00:00,279.27722,280.64746,276.73972,277.1369,68583.0,0.0,-9.800049,-0.0077421777
2016-06-23 16:00:00,276.13956,299.8198,275.81302,290.3605,60742.0,0.0,59.930054,0.047715012
2016-06-26 16:00:00,291.691,294.66318,290.66278,292.31766,73567.0,0.0,8.869995,0.006740476
2016-06-27 16:00:00,292.38385,292.63538,287.92673,289.44037,70710.0,0.0,-13.040039,-0.009843024
2016-06-28 16:00:00,289.51538,292.984,289.08072,290.75104,68542.0,0.0,5.9399414,0.0045282226
2016-06-29 16:00:00,290.7731,292.18088,289.53745,291.5917,69199.0,0.0,3.8100586,0.0028914462
2016-06-30 16:00:00,291.67337,296.67108,291.21442,296.42175,69738.0,0.0,21.890015,0.016564395
2016-07-03 16:00:00,296.1967,299.53293,294.73376,297.4588,58347.0,0.0,4.699951,0.0034985493
2016-07-04 16:00:00,297.48087,299.5594,295.0758,299.00336,69987.0,0.0,7.0,0.005192493
2016-07-05 16:00:00,298.93716,303.4274,298.80478,300.59207,71487.0,0.0,7.2000732,0.005313315
2016-07-06 16:00:00,300.63617,302.4477,297.7898,300.1066,70748.0,0.0,-2.2000732,-0.0016149697
2016-07-07 16:00:00,300.0779,302.34622,294.65213,301.37534,71088.0,0.0,5.75,0.0042276303
2016-07-10 16:00:00,301.72177,303.42078,297.90012,298.89304,76999.0,0.0,-11.25,-0.008236629
2016-07-11 16:00:00,298.87097,299.57043,293.26645,294.08286,76336.0,0.0,-21.799927,-0.016093258
2016-07-12 16:00:00,294.14905,296.83658,292.64865,296.04663,75741.0,0.0,8.899902,0.0066775978
2016-07-13 16:00:00,296.06873,297.24478,291.1041,294.3697,76429.0,0.0,-7.5999756,-0.0056644375
2016-07-14 16:00:00,294.6058,295.3891,291.80133,295.06476,76668.0,0.0,3.1500244,0.0023611607
2016-07-17 16:00:00,293.91516,294.6742,291.89844,293.08994,75031.0,0.0,-8.949951,-0.0066928035
2016-07-18 16:00:00,293.08994,294.57712,292.38385,293.81808,74786.0,0.0,3.2999268,0.0024843232
2016-07-19 16:00:00,293.79602,295.3185,289.6257,290.74222,68034.0,0.0,-13.939941,-0.010468565
2016-07-20 16:00:00,290.41345,294.3278,289.05203,293.5974,64348.0,0.0,12.939941,0.009820394
2016-07-21 16:00:00,293.6879,294.29248,291.15485,291.68,75901.0,0.0,-8.689941,-0.0065308446
2016-07-24 16:00:00,291.91827,292.10583,289.3389,290.1994,74731.0,0.0,-6.710083,-0.005076051
2016-07-25 16:00:00,290.17734,292.25366,289.7581,291.14822,75780.0,0.0,4.300049,0.003269502
2016-07-26 16:00:00,291.17468,296.20554,290.2215,295.89218,76135.0,0.0,21.5,0.016294051
2016-07-27 16:00:00,295.89218,296.89838,293.79602,294.57935,76042.0,0.0,-5.949951,-0.004436951
2016-07-28 16:00:00,294.66757,298.98352,292.91342,298.0038,75740.0,0.0,15.519897,0.011624956
2016-07-29 16:00:00,298.04355,298.04355,298.04355,298.04355,4.0,0.0,0.18005371,0.00013331683
2016-07-30 16:00:00,294.66757,298.98352,292.91342,298.0038,8.0,0.0,-0.18005371,-0.00013329907
2016-07-31 16:00:00,297.96188,298.96805,296.95132,298.56204,74974.0,0.0,2.5300293,0.001873305
2016-08-01 16:00:00,298.54,301.6953,297.0837,300.6803,75073.0,0.0,9.599976,0.0070948014
2016-08-02 16:00:00,300.7024,301.51215,298.6062,299.51086,75020.0,0.0,-5.2999268,-0.0038892836
2016-08-03 16:00:00,299.4888,301.19,297.39264,300.34933,74681.0,0.0,3.7999268,0.0027994155
2016-08-04 16:00:00,300.27652,301.1128,294.48444,294.64774,74086.0,0.0,-25.839966,-0.018983226
2016-08-05 16:00:00,294.95883,294.95883,294.95883,294.95883,3.0,0.0,1.4100342,0.0010559206
2016-08-06 16:00:00,300.27652,301.1128,294.48444,294.9081,10.0,0.0,-0.22998047,-0.00017204191
2016-08-07 16:00:00,294.6323,295.30084,293.2444,294.54623,74947.0,0.0,-1.6400146,-0.0012270599
2016-08-08 16:00:00,294.48,296.24524,293.46503,295.826,72853.0,0.0,5.7999268,0.0043448396
2016-08-09 16:00:00,295.87015,299.51086,295.5546,297.2161,75055.0,0.0,6.300049,0.004699074
2016-08-10 16:00:00,297.23816,298.62164,294.70068,295.34058,74638.0,0.0,-8.5,-0.006310319
2016-08-11 16:00:00,295.3207,299.20636,294.17993,294.6764,75006.0,0.0,-3.0100098,-0.0022487931
2016-08-12 16:00:00,295.03165,295.03165,295.03165,295.03165,1.0,0.0,1.6099854,0.0012055391
2016-08-13 16:00:00,294.6764,294.6764,294.6764,294.6764,1.0,0.0,-1.6099854,-0.0012040875
2016-08-14 16:00:00,295.2523,296.51224,294.67862,295.4178,64810.0,0.0,3.3599854,0.0025159195
2016-08-15 16:00:00,295.57227,299.6543,295.47296,296.79684,74850.0,0.0,6.25,0.0046681855
2016-08-16 16:00:00,296.8189,298.23993,294.71173,297.41467,73983.0,0.0,2.8000488,0.002081666
2016-08-17 16:00:00,297.2823,299.2218,296.88513,298.14282,76548.0,0.0,3.2999268,0.0024481984
2016-08-18 16:00:00,298.39658,298.50247,295.13977,295.87015,75852.0,0.0,-10.299927,-0.0076228
2016-08-19 16:00:00,295.67596,295.67596,295.67596,295.67596,1.0,0.0,-0.8800049,-0.00065627927
2016-08-20 16:00:00,298.16492,298.5091,294.92133,295.87015,15.0,0.0,0.8800049,0.00065671024
2016-08-21 16:00:00,295.81497,295.9363,293.81808,295.47296,77373.0,0.0,-1.8000488,-0.0013424184
2016-08-22 16:00:00,295.49503,296.72626,294.52417,295.0758,75912.0,0.0,-1.7999268,-0.0013441318
2016-08-23 16:00:00,295.09787,295.70023,291.87637,292.03082,76008.0,0.0,-13.800049,-0.010319336
2016-08-24 16:00:00,292.05286,292.81192,290.68484,291.54538,75443.0,0.0,-2.1999512,-0.0016622223
2016-08-25 16:00:00,291.57626,296.11063,290.88345,291.3887,74810.0,0.0,-0.710083,-0.00053741236
2016-08-26 16:00:00,291.64908,291.64908,291.64908,291.64908,1.0,0.0,1.1800537,0.0008935807
2016-08-27 16:00:00,291.46594,291.46594,291.46594,291.46594,7.0,0.0,-0.8300781,-0.00062800496
2016-08-28 16:00:00,291.39093,292.38605,290.1266,291.84326,76914.0,0.0,1.710083,0.0012945955
2016-08-29 16:00:00,292.03522,292.46768,288.7431,289.3168,76193.0,0.0,-11.450073,-0.008656918
2016-08-30 16:00:00,289.3168,290.40463,287.72812,288.76517,74590.0,0.0,-2.5,-0.0019066505
2016-08-31 16:00:00,288.7431,290.18176,287.28683,290.11118,75138.0,0.0,6.1000977,0.004661189
2016-09-01 16:00:00,289.8552,293.44077,288.27533,292.7766,75147.0,0.0,12.079956,0.009187675
2016-09-02 16:00:00,292.29337,292.29337,292.29337,292.29337,2.0,0.0,-2.1900635,-0.0016505362
2016-09-03 16:00:00,292.3662,292.3662,292.3662,292.3662,5.0,0.0,0.33007812,0.00024917387
2016-09-04 16:00:00,292.2007,293.16275,291.61157,292.76556,62553.0,0.0,1.8099365,0.0013659692
2016-09-05 16:00:00,292.75455,298.45395,292.27353,297.82288,75852.0,0.0,22.920044,0.017274288
2016-09-06 16:00:00,297.52942,298.44733,296.2011,296.75275,76355.0,0.0,-4.8499756,-0.00359324
2016-09-07 16:00:00,296.75275,297.74567,294.45798,294.89926,75148.0,0.0,-8.400024,-0.0062458357
2016-09-08 16:00:00,294.92133,295.57666,292.8318,293.02374,75865.0,0.0,-8.5,-0.006359895
2016-09-09 16:00:00,292.99725,292.99725,292.99725,292.99725,2.0,0.0,-0.11999512,-9.035777e-05
2016-09-10 16:00:00,292.973,292.973,292.973,292.973,7.0,0.0,-0.10998535,-8.282778e-05
2016-09-11 16:00:00,293.09433,293.5224,291.19232,293.0458,76792.0,0.0,0.32995605,0.00024850393
2016-09-12 16:00:00,293.02374,293.9284,290.2656,290.82828,76276.0,0.0,-10.049927,-0.0075671463
2016-09-13 16:00:00,291.05774,292.5957,289.73163,291.8212,63936.0,0.0,4.5,0.0034141345
2016-09-14 16:00:00,291.62704,293.12302,288.7431,289.92358,49998.0,0.0,-8.600098,-0.0065026633
2016-09-15 16:00:00,290.08026,290.85254,288.14737,289.01892,47843.0,0.0,-4.0999756,-0.003120344
2016-09-16 16:00:00,289.05646,289.05646,289.05646,289.05646,4.0,0.0,0.17004395,0.00012981941
2016-09-17 16:00:00,289.9258,290.83487,288.21356,289.01892,6.0,0.0,-0.17004395,-0.00012980256
2016-09-18 16:00:00,289.0079,290.92755,288.85345,289.55954,76032.0,0.0,2.4500732,0.0018704991
2016-09-19 16:00:00,289.44922,290.7996,289.36093,290.0229,75293.0,0.0,2.0999756,0.0016002252
2016-09-20 16:00:00,290.00082,295.0537,288.5269,294.65656,75863.0,0.0,21.0,0.01597687
2016-09-21 16:00:00,294.70068,296.47913,293.6857,294.811,75938.0,0.0,0.6999512,0.00052415096
2016-09-22 16:00:00,294.9125,295.7907,294.266,295.0537,74515.0,0.0,1.0999756,0.00082327344
2016-09-23 16:00:00,295.13318,295.13318,295.13318,295.13318,3.0,0.0,0.36010742,0.0002692996
2016-09-24 16:00:00,294.9125,295.7907,294.266,295.03607,8.0,0.0,-0.44006348,-0.00032900466
2016-09-25 16:00:00,294.93457,296.1393,293.9946,295.08682,74410.0,0.0,0.22998047,0.00017199689
2016-09-26 16:00:00,295.1199,295.56342,292.1632,292.6045,74946.0,0.0,-11.25,-0.008412158
2016-09-27 16:00:00,292.58243,292.93106,290.64072,291.54538,74075.0,0.0,-4.7999268,-0.0036195815
2016-09-28 16:00:00,291.52332,292.54492,290.30972,291.2696,75045.0,0.0,-1.25,-0.00094603794
2016-09-29 16:00:00,291.30707,293.03036,289.74707,290.27225,75185.0,0.0,-4.5200195,-0.0034241274
2016-09-30 16:00:00,290.4973,290.4973,290.4973,290.4973,2.0,0.0,1.0200195,0.0007753677
2016-10-01 16:00:00,290.3252,290.3252,290.3252,290.3252,8.0,0.0,-0.7800293,-0.0005924798
2016-10-02 16:00:00,290.9077,291.17468,288.63278,289.11823,75633.0,0.0,-5.4699707,-0.004157239
2016-10-03 16:00:00,289.2506,289.71838,279.32135,279.80676,77226.0,0.0,-42.200073,-0.03220642
2016-10-04 16:00:00,279.76266,281.80588,278.30637,279.36548,77034.0,0.0,-2.0,-0.0015771628
2016-10-05 16:00:00,279.50006,280.09583,275.59235,276.67355,76276.0,0.0,-12.199951,-0.009635852
2016-10-06 16:00:00,276.77283,279.18896,273.90216,277.41272,76143.0,0.0,3.3499756,0.0026716448
2016-10-07 16:00:00,277.35092,277.35092,277.35092,277.35092,1.0,0.0,-0.2800293,-0.0002227316
2016-10-08 16:00:00,276.77283,279.18896,273.90216,277.2715,10.0,0.0,-0.35998535,-0.00028639138
2016-10-09 16:00:00,277.20752,279.10733,277.20312,278.1188,46446.0,0.0,3.8399658,0.0030558135
2016-10-10 16:00:00,277.86945,278.50272,276.19693,276.4198,59944.0,0.0,-7.699951,-0.0061088908
2016-10-11 16:00:00,276.31168,277.7768,275.70267,276.86108,76010.0,0.0,2.0,0.0015964877
2016-10-12 16:00:00,277.0597,278.52924,276.4529,278.2512,52584.0,0.0,6.300049,0.0050209593
2016-10-13 16:00:00,277.49216,277.86285,274.94583,275.81522,65965.0,0.0,-11.040039,-0.00875464
2016-10-14 16:00:00,276.00497,276.00497,276.00497,276.00497,5.0,0.0,0.85998535,0.00068798277
2016-10-15 16:00:00,277.40167,277.92242,274.77597,275.81302,2.0,0.0,-0.8699951,-0.00069551205
2016-10-16 16:00:00,276.17047,277.41052,275.81302,276.8942,74889.0,0.0,4.9000244,0.0039200196
2016-10-17 16:00:00,276.78387,279.06097,276.69562,278.50494,74747.0,0.0,7.2999268,0.005817138
2016-10-18 16:00:00,278.43875,280.96518,277.9754,280.00537,74961.0,0.0,6.800049,0.0053874576
2016-10-19 16:00:00,279.9833,281.2388,278.70352,279.2993,75113.0,0.0,-3.1999512,-0.0025216322
2016-10-20 16:00:00,279.1007,279.78693,278.19604,279.27942,74781.0,0.0,-0.09008789,-7.117071e-05
2016-10-23 16:00:00,279.25955,280.66733,277.93124,278.858,75335.0,0.0,-1.9099121,-0.001508965
2016-10-24 16:00:00,278.88007,281.70215,278.30637,280.95416,75409.0,0.0,9.5,0.007517012
2016-10-25 16:00:00,280.9321,281.647,278.88007,279.27722,74647.0,0.0,-7.6000977,-0.005968819
2016-10-26 16:00:00,279.27722,280.83942,278.94623,279.7406,75587.0,0.0,2.1000977,0.0016592381
2016-10-27 16:00:00,279.7185,283.36807,278.30637,281.41754,75358.0,0.0,7.5999756,0.005994617
2016-10-30 16:00:00,281.83456,282.3222,280.44666,281.7154,76074.0,0.0,1.3499756,0.0010584723
2016-10-31 16:00:00,281.7397,285.0472,281.32925,284.0874,75754.0,0.0,10.75,0.008419816
2016-11-01 16:00:00,284.16684,288.60852,283.97708,286.18356,76633.0,0.0,9.5,0.0073786406
2016-11-02 16:00:00,286.16153,288.33493,283.49164,287.15445,76878.0,0.0,4.4000244,0.0033924629
2016-11-03 16:00:00,287.3089,288.42096,285.56573,287.66193,76295.0,0.0,2.2999268,0.0017672712
2016-11-06 16:00:00,285.19507,285.93204,281.90295,282.71936,78164.0,0.0,-22.399902,-0.017181793
2016-11-07 16:00:00,282.65317,284.78024,280.68936,281.37558,77478.0,0.0,-6.090088,-0.0047530537
2016-11-08 16:00:00,281.39548,295.0846,279.7185,281.93607,80358.0,0.0,2.540039,0.0019918594
2016-11-09 16:00:00,281.77057,285.12665,276.09985,277.7106,79359.0,0.0,-19.150024,-0.014987301
2016-11-10 16:00:00,277.5341,279.21103,268.92432,270.84836,78936.0,0.0,-31.099976,-0.024709977
2016-11-13 16:00:00,270.92117,271.69788,267.27383,269.38547,79049.0,0.0,-6.630005,-0.0054012258
2016-11-14 16:00:00,269.34793,271.7398,268.90665,271.0514,77671.0,0.0,7.550049,0.0061841547
2016-11-15 16:00:00,270.86163,272.084,269.34793,270.29675,77298.0,0.0,-3.420044,-0.0027840997
2016-11-16 16:00:00,270.21732,271.71994,267.07526,268.41458,77391.0,0.0,-8.530029,-0.0069632893
2016-11-17 16:00:00,268.31088,268.70807,265.37622,266.60968,77793.0,0.0,-8.179932,-0.0067243185
2016-11-20 16:00:00,266.32724,268.66833,265.97202,267.8696,77286.0,0.0,5.709961,0.004725654
2016-11-21 16:00:00,267.75928,269.41415,265.94995,267.45035,77339.0,0.0,-1.9000244,-0.0015650942
2016-11-22 16:00:00,267.45035,268.08804,260.56607,262.0444,75490.0,0.0,-24.5,-0.020212853
2016-11-23 16:00:00,262.19888,262.77258,260.30127,261.21918,63688.0,0.0,-3.7399902,-0.0031492002
2016-11-24 16:00:00,260.4778,263.28668,258.3,261.20596,67439.0,0.0,-0.059936523,-5.0628052e-05
2016-11-27 16:00:00,261.0537,264.25092,260.87497,263.34625,78651.0,0.0,9.699951,0.00819391
2016-11-28 16:00:00,263.3992,263.69708,260.32336,262.1062,77763.0,0.0,-5.619995,-0.0047088354
2016-11-29 16:00:00,262.2121,263.6662,258.11685,258.79865,78142.0,0.0,-14.98999,-0.012619112
2016-11-30 16:00:00,258.7126,259.63712,255.95447,258.514,78332.0,0.0,-1.2900391,-0.0010998807
2016-12-01 16:00:00,258.46988,259.92838,257.32248,259.6614,77658.0,0.0,5.2000732,0.0044384375
2016-12-04 16:00:00,259.7276,262.15475,255.13808,258.15436,79008.0,0.0,-6.830078,-0.0058039413
2016-12-05 16:00:00,258.24924,259.33044,257.30045,258.0418,77352.0,0.0,-0.51000977,-0.00043591697
2016-12-06 16:00:00,257.94034,260.41602,257.13495,258.88913,77069.0,0.0,3.840088,0.003283642
2016-12-07 16:00:00,258.95532,260.07623,257.8741,258.29337,77302.0,0.0,-2.7000732,-0.002301264
2016-12-08 16:00:00,258.2691,258.6045,254.96155,255.75587,77204.0,0.0,-11.5,-0.009824022
2016-12-11 16:00:00,255.81325,257.23645,253.98846,256.43988,77345.0,0.0,3.0999756,0.0026744679
2016-12-12 16:00:00,256.42667,257.0555,254.63057,255.32341,77161.0,0.0,-5.0599365,-0.0043537575
2016-12-13 16:00:00,255.4249,257.11288,251.21048,252.07103,77278.0,0.0,-14.73999,-0.012738295
2016-12-14 16:00:00,251.85037,252.51454,247.68008,248.91571,78723.0,0.0,-14.300049,-0.012517549
2016-12-15 16:00:00,249.00398,251.82832,248.51855,250.4382,77281.0,0.0,6.9000244,0.0061165006
2016-12-18 16:00:00,250.16902,252.05118,250.1315,251.03395,77083.0,0.0,2.6999512,0.0023788116
2016-12-19 16:00:00,251.14429,251.48851,248.31998,249.84247,76615.0,0.0,-5.3999023,-0.0047463328
2016-12-20 16:00:00,249.86452,250.90157,249.13637,249.62181,76469.0,0.0,-1.0,-0.0008831581
2016-12-21 16:00:00,249.62181,250.2352,248.65094,248.89145,75659.0,0.0,-3.3100586,-0.002925889
2016-12-22 16:00:00,248.84953,250.62355,248.80539,250.08517,71181.0,0.0,5.410034,0.004796172
2016-12-25 16:00:00,250.21756,250.21756,250.06311,250.16681,6.0,0.0,0.36999512,0.00032644707
2016-12-26 16:00:00,250.11386,253.95978,249.57767,251.23254,73738.0,0.0,4.829956,0.0042600846
2016-12-27 16:00:00,251.0119,252.52776,250.57059,251.76874,74283.0,0.0,2.4300537,0.0021342472
2016-12-28 16:00:00,251.9982,255.85298,251.76212,255.46906,76112.0,0.0,16.77002,0.014697264
2016-12-29 16:00:00,255.46906,256.6738,253.50525,253.9024,75505.0,0.0,-7.1000977,-0.006132404
2017-01-01 16:00:00,253.83623,254.27753,253.83623,253.94656,12.0,0.0,0.20007324,0.00017387091
2017-01-02 16:00:00,253.74797,256.93414,252.68883,255.55728,77258.0,0.0,7.2999268,0.0063427985
2017-01-03 16:00:00,255.60144,257.6976,254.96155,256.66275,78084.0,0.0,5.01001,0.0043256865
2017-01-04 16:00:00,256.61642,261.4641,256.43988,260.4116,78452.0,0.0,16.98999,0.014606125
2017-01-05 16:00:00,260.36084,261.00735,258.20508,258.5802,77837.0,0.0,-8.299927,-0.0070326445
2017-01-08 16:00:00,258.6817,261.73328,258.5118,260.53296,78031.0,0.0,8.849976,0.0075518177
2017-01-09 16:00:00,260.45575,262.7086,260.2351,262.02237,78209.0,0.0,6.75,0.0057167057
2017-01-10 16:00:00,261.86792,264.4054,259.61725,262.87848,78065.0,0.0,3.880005,0.0032673725
2017-01-11 16:00:00,262.77258,266.3118,262.65784,263.58896,78697.0,0.0,3.2199707,0.0027027235
2017-01-12 16:00:00,263.5007,265.02762,261.93408,264.12738,78140.0,0.0,2.4400635,0.0020425778
2017-01-15 16:00:00,264.11853,266.68027,264.11853,265.31448,64332.0,0.0,5.380005,0.0044944235
2017-01-16 16:00:00,265.17767,268.9287,265.17767,268.39474,77588.0,0.0,13.959961,0.011609887
2017-01-17 16:00:00,268.4212,268.69702,265.11145,265.64102,77133.0,0.0,-12.47998,-0.010259936
2017-01-18 16:00:00,265.37622,266.2081,263.74344,265.77783,77936.0,0.0,0.6199951,0.00051498885
2017-01-19 16:00:00,265.75134,268.06818,264.36124,266.96494,77797.0,0.0,5.380005,0.0044665136
2017-01-22 16:00:00,266.7862,269.0721,266.70013,268.7103,78058.0,0.0,7.910034,0.0065377583
2017-01-23 16:00:00,268.6882,269.21997,266.08234,266.66043,77238.0,0.0,-9.290039,-0.0076284795
2017-01-24 16:00:00,266.63394,266.93845,263.14767,264.88638,77906.0,0.0,-8.040039,-0.0066527976
2017-01-25 16:00:00,264.94818,265.35858,261.2942,262.19888,77911.0,0.0,-12.179932,-0.010145885
2017-01-26 16:00:00,262.3092,262.92923,260.32336,262.74167,77533.0,0.0,2.459961,0.0020701513
2017-01-29 16:00:00,263.02853,264.6503,261.91202,263.75888,77500.0,0.0,4.6099854,0.0038714646
2017-01-30 16:00:00,263.7677,268.15424,263.258,267.07526,78149.0,0.0,15.030029,0.012573537
2017-01-31 16:00:00,267.126,267.69968,264.18475,266.81046,78128.0,0.0,-1.2000732,-0.0009914683
2017-02-01 16:00:00,266.79062,270.35852,266.50156,268.19614,78142.0,0.0,6.2800293,0.005193541
2017-02-02 16:00:00,268.15643,269.498,266.1706,269.2354,77751.0,0.0,4.709961,0.0038749804
2017-02-05 16:00:00,269.14938,272.6511,268.97284,272.57605,77805.0,0.0,15.140015,0.012407917
2017-02-06 16:00:00,272.45914,272.67758,270.69394,272.084,78217.0,0.0,-2.2299805,-0.0018051699
2017-02-07 16:00:00,271.99576,274.64575,271.35587,273.87128,78144.0,0.0,8.099976,0.006568791
2017-02-08 16:00:00,273.80508,274.5928,270.42914,270.98074,78333.0,0.0,-13.099976,-0.010554283
2017-02-09 16:00:00,270.78217,272.97986,269.41415,272.09064,78740.0,0.0,5.0300293,0.0040957816
2017-02-12 16:00:00,271.89203,272.03546,268.84045,270.31216,77352.0,0.0,-8.060059,-0.0065362602
2017-02-13 16:00:00,270.34308,272.41498,269.43622,271.0006,78032.0,0.0,3.119995,0.0025467894
2017-02-14 16:00:00,270.78217,272.17227,268.26678,272.17227,77827.0,0.0,5.3100586,0.0043234834
2017-02-15 16:00:00,272.073,274.12503,271.79718,273.3792,78279.0,0.0,5.4699707,0.004434512
2017-02-16 16:00:00,273.31964,274.44055,272.19434,272.3179,78187.0,0.0,-4.8099365,-0.0038822058
2017-02-19 16:00:00,272.5121,273.3792,271.8413,273.14313,64197.0,0.0,3.7399902,0.0030303933
2017-02-20 16:00:00,273.05267,273.35052,270.385,272.54736,78511.0,0.0,-2.7000732,-0.0021811724
2017-02-21 16:00:00,272.59152,273.77863,271.5103,273.03503,78905.0,0.0,2.210083,0.0017892512
2017-02-22 16:00:00,273.0328,276.0513,272.50323,275.61884,78760.0,0.0,11.709961,0.009463282
2017-02-23 16:00:00,275.59235,278.046,275.23932,277.2693,78479.0,0.0,7.4799805,0.0059882
2017-02-26 16:00:00,277.48553,278.8734,275.83505,276.4198,78324.0,0.0,-3.8499756,-0.0030638035
2017-02-27 16:00:00,276.33154,277.65985,275.17313,275.28345,78689.0,0.0,-5.1500244,-0.004110975
2017-02-28 16:00:00,275.21725,275.9454,272.7901,275.67398,78068.0,0.0,1.7700195,0.0014187397
2017-03-01 16:00:00,275.5041,275.8086,271.4,272.32672,78979.0,0.0,-15.170044,-0.012142154
2017-03-02 16:00:00,272.084,272.7879,269.65686,272.2826,79096.0,0.0,-0.19995117,-0.00016200873
2017-03-05 16:00:00,272.13037,272.91586,270.1423,270.23053,78377.0,0.0,-9.300049,-0.0075365063
2017-03-06 16:00:00,270.25262,270.77335,267.7372,268.1123,78470.0,0.0,-9.599976,-0.007838635
2017-03-07 16:00:00,267.95786,268.87134,266.06027,266.57657,78594.0,0.0,-6.959961,-0.005727892
2017-03-08 16:00:00,266.3471,266.76855,264.49362,265.00336,78837.0,0.0,-7.130005,-0.005901638
2017-03-09 16:00:00,264.7143,266.175,263.47864,265.69397,78544.0,0.0,3.130005,0.002606144
2017-03-12 16:00:00,265.50864,265.50864,265.48654,265.48654,77317.0,0.0,-0.9400635,-0.00078069285
2017-03-13 16:00:00,265.50864,266.4795,264.0744,264.44952,77478.0,0.0,-4.699951,-0.0039062095
2017-03-14 16:00:00,264.47156,269.63922,264.1406,269.08316,77648.0,0.0,21.0,0.017521903
2017-03-15 16:00:00,269.0611,272.2186,268.70807,270.42914,78690.0,0.0,6.0999756,0.00500203
2017-03-16 16:00:00,270.40707,271.7663,270.03198,271.0911,77195.0,0.0,3.0,0.0024477807
2017-03-19 16:00:00,271.17712,272.59152,271.1639,272.1899,76568.0,0.0,4.9799805,0.0040533785
2017-03-20 16:00:00,274.5553,274.5553,274.51117,274.51117,77124.0,0.0,10.52002,0.008528041
2017-03-21 16:00:00,274.5553,276.10425,274.40085,275.41583,78512.0,0.0,4.0999756,0.0032955355
2017-03-22 16:00:00,274.51117,274.51117,274.46704,274.51117,77714.0,0.0,-4.0999756,-0.0032847107
2017-03-23 16:00:00,274.51117,276.2212,273.62857,274.29715,77752.0,0.0,-0.9699707,-0.0007796566
2017-03-26 16:00:00,274.87744,278.24237,274.7936,276.78387,77707.0,0.0,11.27002,0.009065841
2017-03-27 16:00:00,276.51907,277.66647,275.24152,276.06677,77083.0,0.0,-3.25,-0.00259088
2017-03-28 16:00:00,275.9763,276.8324,275.18195,276.52127,77648.0,0.0,2.0599365,0.0016464344
2017-03-29 16:00:00,276.5897,276.65808,274.08533,274.23535,76730.0,0.0,-10.359985,-0.008266759
2017-03-30 16:00:00,274.0434,275.93875,273.52264,275.54382,77658.0,0.0,5.9300537,0.004771335
2017-04-02 16:00:00,276.3867,276.4529,276.36462,276.43085,76931.0,0.0,4.0200195,0.0032191575
2017-04-03 16:00:00,276.3867,278.29532,276.36462,277.01996,77316.0,0.0,2.6699219,0.0021311636
2017-04-04 16:00:00,277.12808,277.44583,274.2464,276.87213,77024.0,0.0,-0.6699219,-0.0005336025
2017-04-05 16:00:00,276.14398,276.16605,276.14398,276.14398,78140.0,0.0,-3.3000488,-0.00262994
2017-04-06 16:00:00,276.14398,280.4334,275.81302,276.5853,77762.0,0.0,2.0,0.0015980822
2017-04-09 16:00:00,276.8015,276.9074,276.73972,276.73972,77696.0,0.0,0.6999512,0.00055839744
2017-04-10 16:00:00,281.32925,281.32925,281.28516,281.28516,77658.0,0.0,20.600098,0.01642489
2017-04-11 16:00:00,283.73438,283.7564,283.7123,283.7123,78187.0,0.0,11.0,0.008628804
2017-04-12 16:00:00,283.73438,284.3213,282.67523,283.94617,78113.0,0.0,1.0599365,0.0008243401
2017-04-13 16:00:00,283.93295,284.24185,283.2489,284.0124,46.0,0.0,0.30004883,0.00023316353
2017-04-16 16:00:00,284.71182,285.84375,282.6708,283.4144,77082.0,0.0,-2.710083,-0.0021054747
2017-04-17 16:00:00,284.44043,284.44043,284.41837,284.44043,78003.0,0.0,4.6500244,0.0036202457
2017-04-18 16:00:00,284.44043,284.79788,280.9321,282.34424,77986.0,0.0,-9.5,-0.007369483
2017-04-19 16:00:00,282.58698,282.6311,282.58698,282.6311,76558.0,0.0,1.3000488,0.0010159806
2017-04-20 16:00:00,282.58698,284.26392,281.9471,283.32175,77454.0,0.0,3.130005,0.0024435981
2017-04-23 16:00:00,281.5058,281.52786,281.5058,281.52786,78731.0,0.0,-8.130005,-0.0063316314
2017-04-24 16:00:00,281.5058,282.03534,278.17395,278.74768,77818.0,0.0,-12.599976,-0.009875363
2017-04-25 16:00:00,279.96124,280.00537,279.96124,279.9833,78031.0,0.0,5.5999756,0.004432815
2017-04-26 16:00:00,279.96124,280.13553,278.1078,278.7697,77972.0,0.0,-5.5,-0.004334463
2017-04-27 16:00:00,278.79178,279.89944,278.57114,279.76486,77080.0,0.0,4.51001,0.00356974
2017-04-30 16:00:00,279.80237,280.47977,276.68677,277.20312,74936.0,0.0,-11.609985,-0.00915679
2017-05-01 16:00:00,277.12146,277.51862,276.0778,277.20312,77807.0,0.0,0.0,0.0
2017-05-02 16:00:00,277.25827,277.34653,272.4812,272.9225,76127.0,0.0,-19.400024,-0.015442191
2017-05-03 16:00:00,273.14313,273.88452,270.2747,270.71597,77308.0,0.0,-10.0,-0.008084727
2017-05-04 16:00:00,270.91458,272.63562,270.385,271.1573,77583.0,0.0,2.0,0.0016301246
2017-05-07 16:00:00,269.66348,272.83865,269.33472,270.385,77523.0,0.0,-3.5,-0.0028480755
2017-05-08 16:00:00,270.42914,271.08887,267.7813,269.37003,76915.0,0.0,-4.5999756,-0.0037538563
2017-05-09 16:00:00,269.37003,270.44897,268.48743,268.77426,76917.0,0.0,-2.7000732,-0.0022117244
2017-05-10 16:00:00,268.73013,270.8991,268.355,270.1202,76568.0,0.0,6.0999756,0.005007779
2017-05-11 16:00:00,270.09814,271.78394,270.07608,270.94327,75077.0,0.0,3.7301025,0.0030469717
2017-05-14 16:00:00,270.95428,273.01736,270.53946,271.4,76050.0,0.0,2.0699463,0.00168572
2017-05-15 16:00:00,271.42206,273.41013,271.3338,272.9225,76396.0,0.0,6.9000244,0.005609776
2017-05-16 16:00:00,272.90042,278.30637,272.70184,278.1519,78142.0,0.0,23.699951,0.019160766
2017-05-17 16:00:00,278.17395,279.12497,274.7318,274.90836,78094.0,0.0,-14.699951,-0.011661075
2017-05-18 16:00:00,275.129,277.24722,274.798,276.91626,77540.0,0.0,9.099976,0.0073039373
2017-05-21 16:00:00,277.2318,278.58438,276.05573,277.93124,77322.0,0.0,4.5999756,0.0036653192
2017-05-22 16:00:00,277.9533,278.84915,275.79095,275.81302,77786.0,0.0,-9.599976,-0.007621448
2017-05-23 16:00:00,275.83505,277.78342,275.17313,277.55615,77462.0,0.0,7.9000244,0.0063200197
2017-05-24 16:00:00,277.57822,277.9445,276.47495,276.9957,77737.0,0.0,-2.540039,-0.0020192694
2017-05-25 16:00:00,276.91626,280.1157,276.34256,279.53094,76936.0,0.0,11.48999,0.009152745
2017-05-28 16:00:00,279.7141,280.02744,279.08304,279.4758,61697.0,0.0,-0.25,-0.00019733986
2017-05-29 16:00:00,279.5817,280.3319,277.843,278.62408,76837.0,0.0,-3.8599854,-0.0030475173
2017-05-30 16:00:00,278.65277,281.12848,277.86505,279.90607,76710.0,0.0,5.8100586,0.004601152
2017-05-31 16:00:00,279.98993,280.29443,278.17395,279.12277,76140.0,0.0,-3.5500488,-0.002798509
2017-06-01 16:00:00,279.24414,282.3222,277.73267,282.16113,76388.0,0.0,13.77002,0.010885391
2017-06-04 16:00:00,282.4259,283.18716,281.7485,282.16776,76690.0,0.0,0.030029297,2.3482953e-05
2017-06-05 16:00:00,282.1236,285.97617,282.1236,285.4444,76749.0,0.0,14.849976,0.011612429
2017-06-06 16:00:00,285.43335,285.7224,282.8297,283.82263,77272.0,0.0,-7.3499756,-0.0056815795
2017-06-07 16:00:00,283.86676,284.39853,280.3584,282.34424,77704.0,0.0,-6.7000732,-0.005208795
2017-06-08 16:00:00,282.3884,282.8297,278.9021,279.32135,77872.0,0.0,-13.699951,-0.010706433
2017-06-11 16:00:00,279.62585,280.30765,278.68146,279.12717,77106.0,0.0,-0.8800049,-0.00069516146
2017-06-12 16:00:00,279.19336,280.00537,277.7106,279.32135,76292.0,0.0,0.8800049,0.00069564505
2017-06-13 16:00:00,279.32135,282.7635,277.22516,278.17395,76921.0,0.0,-5.2000732,-0.0041078073
2017-06-14 16:00:00,278.1519,279.5023,275.96744,276.54117,78191.0,0.0,-7.3999023,-0.0058696778
2017-06-15 16:00:00,276.60733,277.38846,276.05573,276.497,76965.0,0.0,-0.20007324,-0.00015963714
2017-06-18 16:00:00,276.7243,277.0619,274.09192,274.33466,76843.0,0.0,-9.799927,-0.007820547
2017-06-19 16:00:00,274.31256,275.39377,273.7389,274.114,77505.0,0.0,-1.0,-0.0008043111
2017-06-20 16:00:00,274.114,275.33197,273.6727,274.8863,77252.0,0.0,3.5,0.0028173549
2017-06-21 16:00:00,274.90836,276.87653,274.68768,275.63647,77242.0,0.0,3.3999023,0.0027290916
2017-06-22 16:00:00,275.72473,277.7768,275.6144,277.22516,76473.0,0.0,7.2000732,0.0057637477
2017-06-25 16:00:00,277.4061,277.60248,272.73053,274.50015,76939.0,0.0,-12.349976,-0.0098296525
2017-06-26 16:00:00,274.4869,276.497,273.8492,275.05176,77399.0,0.0,2.5,0.0020095655
2017-06-27 16:00:00,275.07605,276.88977,274.95245,275.5526,77826.0,0.0,2.2698975,0.0018209437
2017-06-28 16:00:00,275.63428,276.51688,273.29758,274.64355,77579.0,0.0,-4.119995,-0.0032991106
2017-06-29 16:00:00,274.44498,275.42465,273.40128,273.89996,77616.0,0.0,-3.369995,-0.0027074758
2017-07-02 16:00:00,273.96838,274.20447,268.64188,268.95078,76367.0,0.0,-22.429932,-0.018069275
2017-07-03 16:00:00,268.97284,270.62772,268.97284,269.85544,63810.0,0.0,4.0999756,0.0033636685
2017-07-04 16:00:00,270.0452,271.13962,268.46533,270.6829,77521.0,0.0,3.75,0.0030662306
2017-07-05 16:00:00,270.6829,271.261,269.61273,270.2195,77558.0,0.0,-2.0999756,-0.0017118204
2017-07-06 16:00:00,270.2725,271.06903,266.2809,267.5364,77179.0,0.0,-12.160034,-0.009929395
2017-07-09 16:00:00,267.49008,268.2182,265.7072,267.81442,76588.0,0.0,1.2600098,0.0010391918
2017-07-10 16:00:00,267.90268,268.66394,266.4133,268.6198,76954.0,0.0,3.6500244,0.0030072292
2017-07-11 16:00:00,268.5095,270.46664,267.69305,269.13834,77078.0,0.0,2.3499756,0.0019303233
2017-07-12 16:00:00,269.04126,270.1688,268.2447,268.5095,76647.0,0.0,-2.8499756,-0.0023365244
2017-07-13 16:00:00,268.5161,272.0399,267.8696,271.08008,76582.0,0.0,11.650024,0.009573527
2017-07-16 16:00:00,271.10876,272.74597,270.95428,272.22745,76350.0,0.0,5.199951,0.004232592
2017-07-17 16:00:00,272.25833,274.60828,271.92957,274.0809,77278.0,0.0,8.400024,0.0068085305
2017-07-18 16:00:00,274.12946,274.49353,272.59152,273.79404,75814.0,0.0,-1.3000488,-0.0010466118
2017-07-19 16:00:00,273.79404,275.28345,272.43704,274.54205,76662.0,0.0,3.3900146,0.00273201
2017-07-20 16:00:00,274.5597,277.11484,274.2464,276.8964,76410.0,0.0,10.670044,0.008575551
2017-07-23 16:00:00,276.956,277.75253,276.12192,276.9052,76679.0,0.0,0.039916992,3.180865e-05
2017-07-24 16:00:00,276.94052,277.55396,275.39377,275.49307,77016.0,0.0,-6.3999023,-0.0050997273
2017-07-25 16:00:00,275.83066,278.794,274.26846,278.1519,77719.0,0.0,12.049927,0.009651137
2017-07-26 16:00:00,278.12543,279.18234,276.60733,277.76575,78045.0,0.0,-1.75,-0.0013882278
2017-07-27 16:00:00,277.82092,280.40915,277.22516,279.93915,77270.0,0.0,9.849976,0.007824583
2017-07-30 16:00:00,280.25027,280.4842,279.16687,279.99432,76948.0,0.0,0.25,0.00019705211
2017-07-31 16:00:00,280.03406,281.13287,278.48288,279.92813,77095.0,0.0,-0.29992676,-0.00023635823
2017-08-01 16:00:00,279.90167,280.84384,278.50494,279.35446,77160.0,0.0,-2.5999756,-0.0020494033
2017-08-02 16:00:00,279.4736,280.40915,277.24722,279.77368,77160.0,0.0,1.8999023,0.0015006535
2017-08-03 16:00:00,279.87076,280.26132,276.6294,277.66647,76679.0,0.0,-9.549927,-0.0075317854
2017-08-06 16:00:00,277.651,277.99744,276.91626,277.43478,75987.0,0.0,-1.0500488,-0.0008344317
2017-08-07 16:00:00,277.3686,279.16687,275.96744,278.185,76472.0,0.0,3.4000244,0.0027041193
2017-08-08 16:00:00,278.11658,282.14566,278.03278,281.82574,77792.0,0.0,16.5,0.013087448
2017-08-09 16:00:00,281.75952,284.1536,281.1086,283.76746,77554.0,0.0,8.800049,0.0068898406
2017-08-10 16:00:00,283.84247,285.09137,282.58698,284.3676,77521.0,0.0,2.7199707,0.0021149805
2017-08-13 16:00:00,284.6236,284.73172,281.9471,282.73038,77387.0,0.0,-7.420044,-0.005757462
2017-08-14 16:00:00,282.73038,282.88925,279.61038,280.47977,76633.0,0.0,-10.199951,-0.007960317
2017-08-15 16:00:00,280.46652,283.27982,279.63028,283.06137,77324.0,0.0,11.699951,0.009204226
2017-08-16 16:00:00,283.30408,284.6655,282.65317,284.1205,77975.0,0.0,4.800049,0.0037417072
2017-08-17 16:00:00,284.19992,287.02866,283.16507,283.22244,77936.0,0.0,-4.0700684,-0.00316085
2017-08-20 16:00:00,283.22906,285.48853,282.50754,284.84863,77568.0,0.0,7.369995,0.00574175
2017-08-21 16:00:00,284.92145,285.1995,282.71936,283.48062,77303.0,0.0,-6.199951,-0.004802627
2017-08-22 16:00:00,283.4784,284.97,282.8738,284.69418,77365.0,0.0,5.5,0.0042809886
2017-08-23 16:00:00,284.70963,284.90378,283.22687,283.6792,77343.0,0.0,-4.5999756,-0.0035651815
2017-08-24 16:00:00,283.77847,285.64737,281.2079,284.91263,76969.0,0.0,5.589966,0.0043479684
2017-08-27 16:00:00,285.1752,289.50876,284.92587,288.99686,76706.0,0.0,18.51001,0.014335065
2017-08-28 16:00:00,290.10452,292.58243,287.79434,288.84244,78314.0,0.0,-0.6999512,-0.0005344159
2017-08-29 16:00:00,288.84244,289.86844,287.83844,288.69016,77473.0,0.0,-0.6900635,-0.00052714825
2017-08-30 16:00:00,288.76077,292.0595,286.47482,291.40198,77170.0,0.0,12.290039,0.009393469
2017-08-31 16:00:00,291.58508,293.20465,290.33182,292.28458,76759.0,0.0,4.0,0.0030288114
2017-09-03 16:00:00,294.41385,295.6318,293.7519,294.21524,64463.0,0.0,8.75,0.0066055185
2017-09-04 16:00:00,294.4028,296.62695,292.58023,295.55017,78025.0,0.0,6.0499268,0.0045372183
2017-09-05 16:00:00,295.53696,296.20993,293.5974,294.31454,77991.0,0.0,-5.5999756,-0.0041808025
2017-09-06 16:00:00,294.3322,297.85156,293.7519,297.61328,78276.0,0.0,14.950073,0.011208212
2017-09-07 16:00:00,297.61328,299.53293,296.11285,297.0131,78416.0,0.0,-2.7200928,-0.0020166761
2017-09-10 16:00:00,295.0118,295.67816,292.51624,292.83618,77930.0,0.0,-18.929932,-0.014063007
2017-09-11 16:00:00,292.89578,293.9284,291.74396,293.84012,77820.0,0.0,4.5499268,0.003428344
2017-09-12 16:00:00,294.00784,294.51312,291.25854,291.8874,78209.0,0.0,-8.849976,-0.0066456227
2017-09-13 16:00:00,292.01315,293.64377,290.1994,293.28192,77874.0,0.0,6.3200684,0.0047776154
2017-09-14 16:00:00,293.30838,294.41165,291.1725,291.19455,78423.0,0.0,-9.460083,-0.007117286
2017-09-17 16:00:00,291.13278,291.25854,287.68402,288.1584,77758.0,0.0,-13.76001,-0.010426541
2017-09-18 16:00:00,288.1915,289.42053,287.90466,289.13147,77939.0,0.0,4.410034,0.0033768783
2017-09-19 16:00:00,289.26385,290.39798,285.7864,287.03308,77322.0,0.0,-9.51001,-0.007257555
2017-09-20 16:00:00,287.0816,287.22284,284.0874,284.8045,78059.0,0.0,-10.099976,-0.0077641355
2017-09-21 16:00:00,284.79788,286.55865,284.767,286.20563,77421.0,0.0,6.3499756,0.0049196016
2017-09-24 16:00:00,286.32257,289.51538,284.38748,289.21753,77620.0,0.0,13.650024,0.010523494
2017-09-25 16:00:00,289.11823,289.85077,285.05383,285.3782,78161.0,0.0,-17.400024,-0.0132748615
2017-09-26 16:00:00,285.48853,286.00925,282.58698,282.59137,77935.0,0.0,-12.630005,-0.009765342
2017-09-27 16:00:00,282.88486,284.3676,281.72644,283.92853,77691.0,0.0,6.0600586,0.0047317594
2017-09-28 16:00:00,283.97266,284.71182,281.4153,282.37073,77818.0,0.0,-7.0600586,-0.005486609
2017-10-01 16:00:00,282.24054,282.4612,280.0451,280.3297,78277.0,0.0,-9.25,-0.007228144
2017-10-02 16:00:00,280.3562,281.26306,279.7406,280.68936,77798.0,0.0,1.6300049,0.0012829936
2017-10-03 16:00:00,280.53934,282.94003,280.1819,281.18585,77491.0,0.0,2.25,0.001768729
2017-10-04 16:00:00,281.25204,282.20303,279.32135,279.7075,76916.0,0.0,-6.699951,-0.005257544
2017-10-05 16:00:00,279.77368,281.65802,278.04156,281.59625,77376.0,0.0,8.559937,0.0067526023
2017-10-08 16:00:00,281.55655,283.63284,281.32925,283.16727,77216.0,0.0,7.119995,0.0055790152
2017-10-09 16:00:00,283.32617,285.56354,282.78555,284.09845,77239.0,0.0,4.220093,0.0032883927
2017-10-10 16:00:00,284.20654,285.4157,283.29306,284.98105,77860.0,0.0,4.0,0.0031066753
2017-10-11 16:00:00,285.05826,286.28287,284.41837,285.35614,77702.0,0.0,1.6999512,0.00131621
2017-10-12 16:00:00,285.3826,287.8164,284.7714,287.8164,77292.0,0.0,11.150024,0.0086217085
2017-10-15 16:00:00,287.5472,288.17825,284.5949,285.6871,77727.0,0.0,-9.650024,-0.007398056
2017-10-16 16:00:00,285.72464,286.01587,282.60904,283.50266,77626.0,0.0,-9.900024,-0.0076462827
2017-10-17 16:00:00,283.48282,284.38525,281.61612,282.5539,77445.0,0.0,-4.2999268,-0.0033466371
2017-10-18 16:00:00,282.5936,284.74936,281.61392,284.51764,77896.0,0.0,8.899902,0.0069500622
2017-10-19 16:00:00,284.61697,284.87732,281.79263,282.44135,78581.0,0.0,-9.409912,-0.0072976174
2017-10-22 16:00:00,282.33102,283.14963,280.6011,282.86276,77699.0,0.0,1.9099121,0.0014920721
2017-10-23 16:00:00,282.89145,283.2357,280.8659,281.56097,77486.0,0.0,-5.8999023,-0.0046022874
2017-10-24 16:00:00,281.66687,282.4303,280.2922,281.80368,77464.0,0.0,1.0999756,0.000862016
2017-10-25 16:00:00,281.839,282.98856,279.1007,279.36548,77804.0,0.0,-11.050049,-0.008652115
2017-10-26 16:00:00,279.53317,281.11523,278.68146,281.06448,77507.0,0.0,7.7000732,0.006081726
2017-10-29 16:00:00,280.85043,282.18982,279.873,281.50137,75842.0,0.0,1.9799805,0.0015543888
2017-10-30 16:00:00,281.52786,282.02213,279.51996,280.36945,76074.0,0.0,-5.130005,-0.004021073
2017-10-31 16:00:00,280.37164,282.6311,279.63028,281.1064,75931.0,0.0,3.3399658,0.002628549
2017-11-01 16:00:00,281.2079,283.35925,280.82175,281.45944,76468.0,0.0,1.5999756,0.0012558777
2017-11-02 16:00:00,281.69336,282.50754,279.05655,280.10907,75187.0,0.0,-6.119995,-0.004797776
2017-11-05 16:00:00,280.21057,283.0768,279.16687,282.85175,76525.0,0.0,12.430054,0.009791531
2017-11-06 16:00:00,282.7635,282.84073,280.46872,281.37338,76377.0,0.0,-6.7000732,-0.0052266736
2017-11-07 16:00:00,281.21893,284.02118,281.21893,282.6973,76594.0,0.0,6.0,0.0047051446
2017-11-08 16:00:00,282.6311,284.35217,282.30014,283.5137,76313.0,0.0,3.7000732,0.002887975
2017-11-09 16:00:00,283.4475,283.98813,280.82175,281.35574,75870.0,0.0,-9.780029,-0.00761151
2017-11-12 16:00:00,281.26968,282.382,281.1086,282.01328,77088.0,0.0,2.9799805,0.0023370197
2017-11-13 16:00:00,281.90295,283.22687,280.13776,282.47662,77089.0,0.0,2.0999756,0.0016430449
2017-11-14 16:00:00,282.4546,284.52936,281.52786,281.96915,77516.0,0.0,-2.2999268,-0.0017965372
2017-11-15 16:00:00,281.77057,282.8215,281.19687,282.07947,77464.0,0.0,0.5,0.00039126692
2017-11-16 16:00:00,281.92502,286.20563,281.90295,285.4422,77392.0,0.0,15.23999,0.011921143
2017-11-19 16:00:00,285.4287,285.69217,281.08655,281.64038,77630.0,0.0,-17.22998,-0.013318991
2017-11-20 16:00:00,281.5058,283.47266,281.4396,282.49872,77147.0,0.0,3.8900146,0.0030476216
2017-11-21 16:00:00,282.4546,285.6668,282.05743,285.0362,77506.0,0.0,11.5,0.008982269
2017-11-22 16:00:00,284.94794,285.4272,283.93295,284.7714,63562.0,0.0,-1.2000732,-0.00092899305
2017-11-23 16:00:00,284.90378,285.34576,283.5137,284.04327,66122.0,0.0,-3.2999268,-0.0025568935
2017-11-26 16:00:00,284.30362,286.69107,283.73438,285.63196,76920.0,0.0,7.199951,0.005593064
2017-11-27 16:00:00,285.32303,286.2747,284.639,285.4157,77391.0,0.0,-0.97998047,-0.000757034
2017-11-28 16:00:00,285.4113,286.11737,282.6973,283.2048,77679.0,0.0,-10.02002,-0.0077463198
2017-11-29 16:00:00,283.22687,283.59467,280.15982,281.26306,77649.0,0.0,-8.800049,-0.0068562906
2017-11-30 16:00:00,281.15274,284.48148,280.46872,282.44357,77488.0,0.0,5.3500977,0.0041971426
2017-12-03 16:00:00,282.47226,282.47226,280.40256,281.45944,77270.0,0.0,-4.460083,-0.0034843036
2017-12-04 16:00:00,281.59402,281.7783,278.0195,279.32135,77020.0,0.0,-9.689941,-0.007596439
2017-12-05 16:00:00,279.1007,280.07156,278.46082,278.7256,75942.0,0.0,-2.7000732,-0.0021329278
2017-12-06 16:00:00,278.43875,279.0301,274.29053,275.11575,75722.0,0.0,-16.359985,-0.012951224
2017-12-07 16:00:00,275.06277,276.33505,274.26846,275.39157,76824.0,0.0,1.25,0.0010025344
2017-12-10 16:00:00,275.17975,276.14883,273.62857,273.99707,76482.0,0.0,-6.3199463,-0.0050636944
2017-12-11 16:00:00,273.87128,274.97147,272.70184,274.5156,76961.0,0.0,2.3499756,0.0018924403
2017-12-12 16:00:00,274.4891,277.40167,273.58444,276.94937,76681.0,0.0,11.030029,0.008865728
2017-12-13 16:00:00,276.98907,277.82092,275.89243,276.40875,77332.0,0.0,-2.4500732,-0.0019520163
2017-12-14 16:00:00,276.32053,278.4178,276.2874,276.87436,77030.0,0.0,2.1101074,0.0016844476
2017-12-17 16:00:00,276.90964,278.89484,276.36462,278.48288,76976.0,0.0,7.289917,0.005809578
2017-12-18 16:00:00,278.48288,279.18896,277.75473,278.33722,76534.0,0.0,-0.6600342,-0.00052296504
2017-12-19 16:00:00,278.3505,279.76266,278.2181,279.17572,76832.0,0.0,3.8000488,0.003012469
2017-12-20 16:00:00,279.12277,280.00537,278.5932,279.4405,76683.0,0.0,1.1999512,0.0009483981
2017-12-21 16:00:00,279.45374,281.63818,279.05655,281.22336,76305.0,0.0,8.080078,0.006380151
2017-12-25 16:00:00,281.1726,283.271,280.9321,283.01724,1.0,0.0,8.130005,0.0063788756
2017-12-26 16:00:00,283.16068,284.41373,282.65317,284.02118,1.0,0.0,4.5499268,0.0035472861
2017-12-27 16:00:00,284.13815,285.78333,283.7123,285.7202,1.0,0.0,7.7000732,0.0059820334
2017-12-28 16:00:00,285.56573,288.51187,285.30096,287.4104,1.0,0.0,7.660034,0.005915541
2017-12-31 16:00:00,287.42142,287.42142,287.42142,287.42142,1.0,0.0,0.049926758,3.8329716e-05
2018-01-01 16:00:00,287.44128,291.01492,287.3089,290.66278,1.0,0.0,14.690063,0.011277407
2018-01-02 16:00:00,290.48627,291.58224,288.34595,289.65,1.0,0.0,-4.590088,-0.0034844666
2018-01-03 16:00:00,289.49332,292.57275,287.9488,291.7219,1.0,0.0,9.390015,0.0071531525
2018-01-04 16:00:00,291.7881,292.00632,289.7581,291.04672,1.0,0.0,-3.0599365,-0.0023144516
2018-01-07 16:00:00,291.082,291.72763,290.0229,291.32474,9.0,0.0,1.2600098,0.00095524755
2018-01-08 16:00:00,291.28943,291.36664,288.63278,289.64777,8.0,0.0,-7.6000977,-0.0057563414
2018-01-09 16:00:00,289.49332,292.96304,288.52246,290.49066,8.0,0.0,3.8200684,0.002910085
2018-01-10 16:00:00,290.4642,292.1301,290.17734,291.7241,5.0,0.0,5.589966,0.0042460165
2018-01-11 16:00:00,291.67776,295.52237,291.50125,295.1155,6.0,0.0,15.369995,0.011625353
2018-01-14 16:00:00,294.84412,296.71652,294.70068,295.5171,12.0,0.0,1.8200684,0.0013608191
2018-01-15 16:00:00,295.53915,296.16733,293.7298,295.29645,12.0,0.0,-1.0,-0.00074665865
2018-01-16 16:00:00,295.23026,296.55414,292.53168,292.73688,5.0,0.0,-11.600098,-0.008667786
2018-01-17 16:00:00,292.67072,294.14926,292.1522,292.7148,6.0,0.0,-0.099975586,-7.535659e-05
2018-01-18 16:00:00,292.7435,295.23883,292.59592,293.69232,9.0,0.0,4.4300537,0.0033394042
2018-01-21 16:00:00,294.2991,294.7448,292.9355,294.3256,12.0,0.0,2.869995,0.002156221
2018-01-22 16:00:00,294.03873,296.06873,293.57538,295.9584,6.0,0.0,7.4000244,0.0055476604
2018-01-23 16:00:00,295.84808,300.54437,295.42883,299.70944,9.0,0.0,17.0,0.012674271
2018-01-24 16:00:00,299.53293,301.4208,296.06873,297.43674,7.0,0.0,-10.300049,-0.007583044
2018-01-25 16:00:00,297.10577,299.44708,296.53207,297.6993,7.0,0.0,1.1899414,0.00088274584
2018-01-28 16:00:00,297.7501,298.4003,294.98752,295.6647,41608.0,0.0,-9.220947,-0.0068344325
2018-01-29 16:00:00,295.826,297.63513,294.30353,295.30746,5.0,0.0,-1.6190186,-0.0012082508
2018-01-30 16:00:00,295.26556,297.34848,293.90634,296.77478,6.0,0.0,6.6500244,0.0049688234
2018-01-31 16:00:00,296.51,298.12076,294.9434,297.51398,7.0,0.0,3.3499756,0.002490688
2018-02-01 16:00:00,297.48087,297.88885,292.78104,294.03387,11.0,0.0,-15.771973,-0.011697239
2018-02-04 16:00:00,294.07846,296.02347,293.08994,295.55017,11.0,0.0,6.8719482,0.0051568826
2018-02-05 16:00:00,295.6274,297.01443,291.14822,292.17422,8.0,0.0,-15.299927,-0.011422545
2018-02-06 16:00:00,292.25146,293.97165,289.16235,290.92755,7.0,0.0,-5.6500244,-0.0042669065
2018-02-07 16:00:00,290.5966,291.73315,288.27975,290.96066,7.0,0.0,0.15002441,0.00011378416
2018-02-08 16:00:00,290.99377,291.85428,289.1403,290.32297,11.0,0.0,-2.8900146,-0.0021916465
2018-02-11 16:00:00,290.334,292.81525,289.8949,291.85428,12.0,0.0,6.9399414,0.0052744737
2018-02-12 16:00:00,291.81015,293.6837,291.50125,293.34366,8.0,0.0,6.75,0.0051031983
2018-02-13 16:00:00,293.1782,299.13135,290.66742,297.946,11.0,0.0,20.858032,0.01568922
2018-02-14 16:00:00,298.01044,299.44907,297.41467,298.5841,6.0,0.0,2.8919678,0.0021417097
2018-02-15 16:00:00,298.56204,300.46075,296.59827,297.16757,3.0,0.0,-6.419922,-0.004744252
2018-02-18 16:00:00,297.26685,298.17615,296.8189,296.95132,9.0,0.0,-0.97998047,-0.00072764704
2018-02-19 16:00:00,297.06165,297.48087,292.9796,293.18924,3.0,0.0,-17.050049,-0.01266908
2018-02-20 16:00:00,293.1782,294.83527,291.6557,292.20514,7.0,0.0,-4.459961,-0.0033565087
2018-02-21 16:00:00,292.09702,293.95047,291.32474,293.8463,3.0,0.0,7.4379883,0.0056165857
2018-02-22 16:00:00,293.7298,293.95047,292.4059,293.10757,9.0,0.0,-3.3480225,-0.0025140436
2018-02-25 16:00:00,293.05243,295.90146,292.62656,294.1601,10.0,0.0,4.7700195,0.0035908546
2018-02-26 16:00:00,294.08286,294.9469,289.64777,290.86136,7.0,0.0,-14.950073,-0.011214097
2018-02-27 16:00:00,290.7731,291.8322,290.1332,290.86136,5.0,0.0,0.0,0.0
2018-02-28 16:00:00,290.88345,291.52332,287.41922,290.57452,5.0,0.0,-1.2999268,-0.0009861378
2018-03-01 16:00:00,290.8393,292.4721,290.1332,291.76605,7.0,0.0,5.4000244,0.0041005574
2018-03-04 16:00:00,292.0264,292.9796,290.64072,291.20337,40518.0,0.0,-2.5500488,-0.0019284949
2018-03-05 16:00:00,291.17026,295.38467,291.12616,294.39175,4.0,0.0,14.449951,0.010949006
2018-03-06 16:00:00,294.811,295.84808,291.67776,292.45004,13.0,0.0,-8.799927,-0.006595658
2018-03-07 16:00:00,292.42798,293.2444,290.97168,291.63342,6.0,0.0,-3.7010498,-0.0027924022
2018-03-08 16:00:00,291.8322,292.42798,289.64777,291.90063,44282.0,0.0,1.2110596,0.00091629004
2018-03-11 16:00:00,291.9805,292.1954,290.1332,291.92047,1.0,0.0,0.08996582,6.8006004e-05
2018-03-12 16:00:00,291.86047,293.13406,289.83755,292.62656,36434.0,0.0,3.1999512,0.0024187083
2018-03-13 16:00:00,292.53833,293.46967,291.54538,292.2956,6.0,0.0,-1.5,-0.0011310512
2018-03-14 16:00:00,292.23337,293.00388,290.06702,290.42004,18.0,0.0,-8.5,-0.0064165476
2018-03-15 16:00:00,290.40903,291.6332,288.89758,289.97876,6.0,0.0,-2.0,-0.001519526
2018-03-18 16:00:00,289.66544,291.21442,288.4563,290.53036,0.0,0.0,2.5,0.0019022981
2018-03-19 16:00:00,290.473,290.88345,288.368,289.29474,99351.0,0.0,-5.5999756,-0.0042530387
2018-03-20 16:00:00,289.2614,294.96548,288.96378,293.95047,7.0,0.0,21.099976,0.016093338
2018-03-21 16:00:00,293.84012,294.54623,292.27353,293.1782,179.0,0.0,-3.5,-0.0026272333
2018-03-22 16:00:00,293.251,297.92484,293.20026,297.19846,10.0,0.0,18.220093,0.013712722
2018-03-25 16:00:00,297.24457,299.1843,296.35556,298.65033,7.0,0.0,6.579956,0.004885187
2018-03-26 16:00:00,298.56647,299.38507,295.56122,296.68652,242.0,0.0,-8.900024,-0.006575563
2018-03-27 16:00:00,296.8189,297.2139,291.9646,292.42798,5.0,0.0,-19.299927,-0.014353657
2018-03-28 16:00:00,292.27353,293.09348,291.49442,292.37283,9.0,0.0,-0.25,-0.00018863654
2018-03-29 16:00:00,292.3684,292.37064,292.3684,292.37064,1.0,0.0,-0.010009766,-7.554255e-06
2018-04-01 16:00:00,292.54935,296.79684,292.25146,295.9584,5.0,0.0,16.26001,0.012271334
2018-04-02 16:00:00,295.7554,296.22318,293.15613,293.97253,10.0,0.0,-9.0,-0.006709908
2018-04-03 16:00:00,294.0608,297.52502,293.7298,294.12698,5.0,0.0,0.6999512,0.00052537053
2018-04-04 16:00:00,294.0961,294.54404,291.7881,292.62656,73921.0,0.0,-6.800049,-0.005101312
2018-04-05 16:00:00,292.61334,294.67862,291.1041,294.21747,8.0,0.0,7.210083,0.0054366486
2018-04-08 16:00:00,294.4646,295.23026,292.7148,294.83307,36637.0,0.0,2.789917,0.0020923174
2018-04-09 16:00:00,294.811,296.24524,293.66364,295.53915,6.0,0.0,3.2000732,0.002394906
2018-04-10 16:00:00,295.4509,301.34225,295.38467,298.51794,4.0,0.0,13.5,0.01007914
2018-04-11 16:00:00,298.46277,298.62827,294.1711,294.52417,0.0,0.0,-18.099976,-0.01337865
2018-04-12 16:00:00,294.48,297.2823,294.03873,296.99545,8.0,0.0,11.199951,0.008390733
2018-04-15 16:00:00,297.10355,298.01044,295.64948,296.90717,3.0,0.0,-0.4000244,-0.00029719496
2018-04-16 16:00:00,297.01752,297.74213,295.0758,297.23816,10.0,0.0,1.5,0.0011147443
2018-04-17 16:00:00,297.28452,299.20193,296.11285,297.67944,5.0,0.0,2.0,0.0014846708
2018-04-18 16:00:00,297.69272,298.93716,295.78186,296.88513,38765.0,0.0,-3.5999756,-0.0026684275
2018-04-19 16:00:00,296.9394,297.05856,294.41605,294.68304,7.0,0.0,-9.97998,-0.0074173026
2018-04-22 16:00:00,294.35428,294.76688,291.6557,292.28235,3.0,0.0,-10.880005,-0.008146643
2018-04-23 16:00:00,292.21835,294.04977,291.6557,293.57538,5.0,0.0,5.8599854,0.0044238325
2018-04-24 16:00:00,293.32825,293.9187,290.94962,291.94254,9.0,0.0,-7.4000244,-0.005561837
2018-04-25 16:00:00,291.87195,292.7148,290.15527,290.57452,5.0,0.0,-6.199951,-0.004685928
2018-04-26 16:00:00,290.53036,292.42798,290.1994,292.14114,5.0,0.0,7.0999756,0.005391431
2018-04-29 16:00:00,291.7881,292.67734,289.06308,290.2656,0.0,0.0,-8.5,-0.0064199395
2018-04-30 16:00:00,290.0847,290.45007,287.1765,287.72812,5.0,0.0,-11.5,-0.008741924
2018-05-01 16:00:00,287.6178,289.84637,287.60016,287.92673,6.0,0.0,0.9000244,0.00069020275
2018-05-02 16:00:00,287.85522,290.8393,287.7921,289.49332,7.0,0.0,7.0999756,0.005441011
2018-05-03 16:00:00,289.43155,290.30972,288.56662,290.10452,4.0,0.0,2.7700195,0.0021112955
2018-05-06 16:00:00,290.21707,291.0253,289.02997,289.93463,6.0,0.0,-0.77001953,-0.0005856686
2018-05-07 16:00:00,289.82874,290.79517,288.1253,290.0229,6.0,0.0,0.4000244,0.0003044326
2018-05-08 16:00:00,290.0339,290.7069,287.6906,289.53525,5.0,0.0,-2.210083,-0.0016814386
2018-05-09 16:00:00,289.56174,291.92047,289.11823,291.52332,1.0,0.0,9.01001,0.0068663913
2018-05-10 16:00:00,291.52332,292.5639,290.57452,291.0048,4.0,0.0,-2.3499756,-0.0017786677
2018-05-13 16:00:00,290.82166,291.76846,289.5816,289.78018,38590.0,0.0,-5.5499268,-0.0042081564
2018-05-14 16:00:00,289.7559,290.1235,284.26392,284.68314,3.0,0.0,-23.100098,-0.017589353
2018-05-15 16:00:00,284.5883,286.16592,283.80054,284.79346,9.0,0.0,0.5,0.00038753683
2018-05-16 16:00:00,284.67435,285.6099,283.46295,284.8045,7.0,0.0,0.050048828,3.87765e-05
2018-05-17 16:00:00,284.7692,285.58783,283.7123,285.29434,1.0,0.0,2.2199707,0.0017199076
2018-05-20 16:00:00,284.78687,285.38925,282.80762,285.25687,9.0,0.0,-0.16992188,-0.00013141982
2018-05-21 16:00:00,285.16196,285.98962,284.1315,284.90378,4.0,0.0,-1.6000977,-0.0012376993
2018-05-22 16:00:00,284.85526,286.51456,284.09845,285.3672,4.0,0.0,2.1000977,0.0016264698
2018-05-23 16:00:00,285.39587,288.32388,285.2127,287.83844,7.0,0.0,11.199951,0.008659979
2018-05-24 16:00:00,287.7193,288.56,286.75726,287.2206,6.0,0.0,-2.8000488,-0.0021464536
2018-05-27 16:00:00,286.7992,286.915,285.80847,286.32037,0.0,0.0,-4.079956,-0.003134329
2018-05-28 16:00:00,286.329,288.26013,285.12222,286.55865,8.0,0.0,1.079956,0.00083225913
2018-05-29 16:00:00,286.47482,287.8164,285.87466,287.1103,5.0,0.0,2.5,0.001925002
2018-05-30 16:00:00,287.10724,288.28857,286.18137,286.38217,5.0,0.0,-3.2999268,-0.0025360642
2018-05-31 16:00:00,286.53574,286.9647,284.4625,285.28992,7.0,0.0,-4.9500732,-0.0038139096
2018-06-03 16:00:00,285.12665,286.4166,284.639,284.97,7.0,0.0,-1.4499512,-0.0011214287
2018-06-04 16:00:00,285.08917,287.02206,284.5618,286.02914,3.0,0.0,4.800049,0.0037166465
2018-06-05 16:00:00,285.99734,287.26477,285.43335,286.05118,5.0,0.0,0.099975586,7.71238e-05
2018-06-06 16:00:00,286.03662,287.6178,285.67606,286.20563,5.0,0.0,0.6999512,0.0005399191
2018-06-07 16:00:00,286.13635,286.9779,285.23477,286.51456,68570.0,0.0,1.4000244,0.0010793497
2018-06-10 16:00:00,286.8102,287.36404,285.4554,286.93378,0.0,0.0,1.9000244,0.0014632456
2018-06-11 16:00:00,286.89407,286.9779,285.19064,285.87466,38607.0,0.0,-4.800049,-0.0036912095
2018-06-12 16:00:00,285.87024,287.10944,284.92587,286.75726,2.0,0.0,4.0,0.0030873728
2018-06-13 16:00:00,286.64914,288.89758,286.2498,287.3751,7.0,0.0,2.8000488,0.0021545468
2018-06-14 16:00:00,287.3133,287.53616,281.35132,282.09048,8.0,0.0,-23.950073,-0.018389184
2018-06-17 16:00:00,281.93805,282.9709,281.7463,282.01328,3.0,0.0,-0.3499756,-0.00027374993
2018-06-18 16:00:00,282.0177,283.3372,280.24808,281.241,38090.0,0.0,-3.5,-0.00273844
2018-06-19 16:00:00,281.2741,281.66025,279.63712,279.7185,8.0,0.0,-6.9000244,-0.0054134824
2018-06-20 16:00:00,279.6413,280.27014,278.23444,279.58612,6.0,0.0,-0.5999756,-0.00047327887
2018-06-21 16:00:00,279.45593,280.49298,279.4096,280.1819,6.0,0.0,2.7000732,0.0021309077
2018-06-24 16:00:00,280.2922,280.7909,278.9339,279.21103,0.0,0.0,-4.4000244,-0.0034651316
2018-06-25 16:00:00,279.2322,279.7119,276.80594,277.75473,5.0,0.0,-6.5999756,-0.0052157226
2018-06-26 16:00:00,277.68854,278.04156,275.92334,276.2896,6.0,0.0,-6.6400146,-0.0052748765
2018-06-27 16:00:00,276.19473,276.74814,274.8642,275.3717,7.0,0.0,-4.160034,-0.0033222863
2018-06-28 16:00:00,275.3342,277.0707,274.85318,276.34256,2.0,0.0,4.4000244,0.0035256606
2018-07-01 16:00:00,276.22784,276.74194,273.45206,274.0478,7.0,0.0,-10.400024,-0.008304075
2018-07-02 16:00:00,273.9816,277.35754,273.07693,276.43085,4.0,0.0,10.800049,0.008695692
2018-07-03 16:00:00,276.27637,278.28427,276.12192,277.5341,5.0,0.0,5.0,0.00399106
2018-07-04 16:00:00,277.25296,277.9754,276.03366,277.48993,7.0,0.0,-0.20007324,-0.00015906601
2018-07-05 16:00:00,277.3686,277.79886,276.36462,276.83463,5.0,0.0,-2.9699707,-0.002361618
2018-07-08 16:00:00,276.86108,279.32135,276.80594,277.48993,0.0,0.0,2.9699707,0.0023672085
2018-07-09 16:00:00,277.4436,278.08792,275.15106,277.02658,0.0,0.0,-2.0999756,-0.001669828
2018-07-10 16:00:00,277.0707,277.3315,273.87128,274.02576,8.0,0.0,-13.599976,-0.010832318
2018-07-11 16:00:00,273.975,275.5041,273.82715,275.19516,5.0,0.0,5.2999268,0.0042675952
2018-07-12 16:00:00,275.17313,275.39377,272.78568,273.88672,4.0,0.0,-5.9299316,-0.004754596
2018-07-15 16:00:00,273.7455,274.84213,273.18726,273.78302,5.0,0.0,-0.4699707,-0.00037862084
2018-07-16 16:00:00,273.72787,274.71198,270.49533,270.87042,4.0,0.0,-13.200073,-0.010638356
2018-07-17 16:00:00,270.67184,271.21066,269.3921,270.87042,480.0,0.0,0.0,0.0
2018-07-18 16:00:00,270.77115,271.3338,267.2465,269.78925,4.0,0.0,-4.9000244,-0.003991548
2018-07-19 16:00:00,269.78925,271.92957,268.20367,271.7332,46826.0,0.0,8.810059,0.007205413
2018-07-22 16:00:00,271.6584,272.54736,269.6348,270.16437,26303.0,0.0,-7.1099854,-0.0057733883
2018-07-23 16:00:00,270.1081,271.29144,268.7522,270.18643,6.0,0.0,0.099975586,8.165272e-05
2018-07-24 16:00:00,270.08936,272.32275,269.85544,271.70892,6.0,0.0,6.9000244,0.005634973
2018-07-25 16:00:00,271.78967,272.5562,269.59067,269.72305,5.0,0.0,-9.0,-0.007308754
2018-07-26 16:00:00,269.79587,270.84836,268.59775,270.02756,8.0,0.0,1.3800049,0.0011289307
2018-07-29 16:00:00,269.6988,270.31882,268.94858,269.48035,2040.0,0.0,-2.4799805,-0.002026492
2018-07-30 16:00:00,269.48474,271.11313,267.80338,270.0099,4797.0,0.0,2.3999023,0.0019650392
2018-07-31 16:00:00,269.9812,270.26364,268.20056,268.26678,4.0,0.0,-7.8999023,-0.006455751
2018-08-01 16:00:00,268.2822,269.47327,266.25882,266.43536,3.0,0.0,-8.300049,-0.006826821
2018-08-02 16:00:00,266.40225,269.2376,265.68515,267.95786,3.0,0.0,6.9000244,0.005714306
2018-08-05 16:00:00,267.8056,268.72794,266.1357,266.39124,5.0,0.0,-7.0999756,-0.0058464883
2018-08-06 16:00:00,266.36652,268.3418,266.32593,267.1635,4.0,0.0,3.5,0.0028990307
2018-08-07 16:00:00,267.13705,268.28,266.12778,267.82547,104.0,0.0,3.0,0.0024777006
2018-08-08 16:00:00,267.84973,268.59995,267.09732,267.4945,6.0,0.0,-1.5,-0.0012357883
2018-08-09 16:00:00,267.51657,268.57565,265.99405,267.03772,6.0,0.0,-2.0700684,-0.0017075544
2018-08-12 16:00:00,267.13525,267.8409,262.8829,263.3198,5.0,0.0,-16.849976,-0.013922953
2018-08-13 16:00:00,263.43674,264.51572,262.97006,263.5007,7.0,0.0,0.8199463,0.000687079
2018-08-14 16:00:00,263.44553,263.61102,258.78366,259.19803,5.0,0.0,-19.5,-0.016328923
2018-08-15 16:00:00,259.27527,260.80878,255.95447,259.0877,7.0,0.0,-0.5,-0.0004256406
2018-08-16 16:00:00,258.92883,261.76196,258.514,261.76196,4.0,0.0,12.119995,0.010321918
2018-08-19 16:00:00,261.0868,262.76596,260.9191,262.6181,0.0,0.0,3.880005,0.0032706226
2018-08-20 16:00:00,262.6446,264.1406,262.0003,263.85376,2.0,0.0,5.6000977,0.004705174
2018-08-21 16:00:00,263.83167,265.13287,263.10355,263.7015,37733.0,0.0,-0.6900635,-0.0005770726
2018-08-22 16:00:00,263.8427,264.0347,261.13974,261.48618,63.0,0.0,-10.040039,-0.008400933
2018-08-23 16:00:00,261.47073,266.66043,261.00735,266.0051,92192.0,0.0,20.480103,0.017281767
2018-08-26 16:00:00,266.40887,267.5386,265.42038,267.25177,0.0,0.0,5.6499023,0.0046865763
2018-08-27 16:00:00,267.2297,267.9358,264.6481,264.95703,6.0,0.0,-10.399902,-0.008586446
2018-08-28 16:00:00,264.86432,266.4133,264.86432,266.2809,50.0,0.0,6.0,0.0049966685
2018-08-29 16:00:00,266.19266,266.52362,263.87582,264.72754,39165.0,0.0,-7.040039,-0.0058336416
2018-08-30 16:00:00,264.8533,266.76633,264.37228,265.11145,5.0,0.0,1.7399902,0.0014502819
2018-09-02 16:00:00,264.7871,265.6631,263.74344,265.04526,38073.0,0.0,-0.30004883,-0.00024972853
2018-09-03 16:00:00,265.1004,265.22842,262.46146,262.72842,9.0,0.0,-10.5,-0.008741259
2018-09-04 16:00:00,262.86084,264.42966,262.70636,264.0744,6.0,0.0,6.1000977,0.005123119
2018-09-05 16:00:00,263.98615,266.32504,263.74344,264.76285,5.0,0.0,3.119995,0.0026069477
2018-09-06 16:00:00,264.77606,265.5594,263.28006,264.0016,165.0,0.0,-3.4500732,-0.0028752526
2018-09-09 16:00:00,263.47864,264.49362,262.82617,263.80963,42444.0,0.0,-0.8699951,-0.00072713493
2018-09-10 16:00:00,263.6684,264.65472,262.04,264.2399,5.0,0.0,1.9500732,0.0016310415
2018-09-11 16:00:00,264.39215,266.656,263.1256,266.1044,38779.0,0.0,8.449951,0.007056032
2018-09-12 16:00:00,266.26987,267.56952,264.76944,265.06955,4.0,0.0,-4.6899414,-0.0038888403
2018-09-13 16:00:00,265.08942,266.70013,263.11237,263.36832,4.0,0.0,-7.710083,-0.0064180624
2018-09-16 16:00:00,263.4897,265.86166,263.1256,264.8908,9.0,0.0,6.9000244,0.0057808515
2018-09-17 16:00:00,265.11588,265.56158,263.80963,264.2531,7.0,0.0,-2.8900146,-0.0024073424
2018-09-18 16:00:00,264.31714,266.1485,264.2068,265.64102,4.0,0.0,6.290039,0.0052521597
2018-09-19 16:00:00,265.6079,266.63617,265.00113,266.36917,3.0,0.0,3.2999268,0.0027410307
2018-09-20 16:00:00,266.34842,267.2187,262.90497,264.70547,6.0,0.0,-7.539917,-0.0062457896
2018-09-23 16:00:00,264.64368,265.7072,263.47864,264.49362,0.0,0.0,-0.960083,-0.0008002959
2018-09-24 16:00:00,264.44952,265.55276,264.0744,264.97906,5.0,0.0,2.2000732,0.0018353828
2018-09-25 16:00:00,264.9548,265.33212,262.6402,263.47864,2.0,0.0,-6.800049,-0.0056624603
2018-09-26 16:00:00,263.57794,264.4782,260.74698,260.96323,5.0,0.0,-11.400024,-0.00954696
2018-09-27 16:00:00,260.90146,263.36832,260.4425,262.97116,4.0,0.0,9.100098,0.0076943417
2018-09-30 16:00:00,263.01086,263.10574,261.31628,262.3754,0.0,0.0,-2.7000732,-0.002265542
2018-10-01 16:00:00,262.25406,266.656,262.15475,265.50864,5.0,0.0,14.200073,0.011941867
2018-10-02 16:00:00,265.37622,266.67807,263.97205,264.1406,8.0,0.0,-6.2000732,-0.005152558
2018-10-03 16:00:00,264.18033,266.30298,263.83167,264.7143,8.0,0.0,2.5999756,0.002171895
2018-10-04 16:00:00,264.7386,266.1044,264.09647,265.50644,6.0,0.0,3.590088,0.0029924882
2018-10-07 16:00:00,265.38727,265.68073,260.92838,262.19888,0.0,0.0,-14.98999,-0.012457504
2018-10-08 16:00:00,262.29816,262.99103,261.05148,262.48572,36095.0,0.0,1.2999268,0.0010939381
2018-10-09 16:00:00,262.44733,263.67725,261.4928,263.5228,3.0,0.0,4.7000732,0.0039509693
2018-10-10 16:00:00,263.51175,270.60565,262.79465,270.16437,10.0,0.0,30.099976,0.025203027
2018-10-11 16:00:00,270.05405,270.11142,268.20056,268.77426,6.0,0.0,-6.300049,-0.005145417
2018-10-14 16:00:00,268.6483,272.12814,268.43338,270.71158,3.0,0.0,8.780029,0.007207971
2018-10-15 16:00:00,270.6851,271.92957,269.90067,270.08273,5.0,0.0,-2.8499756,-0.0023229457
2018-10-16 16:00:00,270.19968,271.31174,269.2597,269.701,4.0,0.0,-1.7299805,-0.001413348
2018-10-17 16:00:00,269.6348,271.43088,268.84045,270.42914,4.0,0.0,3.2999268,0.0026997682
2018-10-18 16:00:00,270.36075,271.57654,269.83337,270.42914,4.0,0.0,0.0,0.0
2018-10-21 16:00:00,270.78284,271.3051,269.17145,269.6348,0.0,0.0,-3.5999756,-0.002937317
2018-10-22 16:00:00,271.43753,271.43753,271.43753,271.43753,8.0,0.0,8.170044,0.006685797
2018-10-23 16:00:00,271.45407,272.34882,270.385,272.32672,3.0,0.0,4.029907,0.0032758946
2018-10-24 16:00:00,272.23074,273.42776,270.91458,271.79718,46808.0,0.0,-2.3999023,-0.0019445005
2018-10-25 16:00:00,271.7663,274.36267,271.35587,272.0796,71.0,0.0,1.2799072,0.0010390544
2018-10-28 16:00:00,272.2164,272.59595,270.05405,271.25656,0.0,0.0,-3.7299805,-0.00302493
2018-10-29 16:00:00,271.2985,271.52795,269.10522,269.76498,1.0,0.0,-6.76001,-0.005498849
2018-10-30 16:00:00,269.76718,269.91504,267.3842,268.09024,1.0,0.0,-7.589966,-0.006208104
2018-10-31 16:00:00,267.99097,273.07693,267.95786,272.10608,4.0,0.0,18.199951,0.014979384
2018-11-01 16:00:00,272.22214,272.8188,271.2676,271.95825,1.0,0.0,-0.6699219,-0.00054323865
2018-11-04 16:00:00,271.97327,272.52972,270.64978,271.68024,1.0,0.0,-1.2600098,-0.0010222954
2018-11-05 16:00:00,271.68686,272.71066,269.89957,270.6542,3.0,0.0,-4.6500244,-0.0037766083
2018-11-06 16:00:00,270.75217,272.8563,269.78925,270.5836,42022.0,0.0,-0.3199463,-0.00026083572
2018-11-07 16:00:00,270.55844,270.77557,269.19128,270.0099,4.0,0.0,-2.6000977,-0.0021202785
2018-11-08 16:00:00,269.92386,270.0033,266.1706,266.8952,6.0,0.0,-14.115967,-0.011535481
2018-11-11 16:00:00,266.87668,267.31354,264.7143,264.80255,0.0,0.0,-9.484009,-0.00784072
2018-11-12 16:00:00,264.86432,265.92786,263.8979,265.24384,4.0,0.0,2.0,0.0016665278
2018-11-13 16:00:00,265.28268,268.44327,264.2068,267.13043,4.0,0.0,8.550049,0.007112594
2018-11-14 16:00:00,267.09732,268.41458,266.32504,267.6776,6.0,0.0,2.4799805,0.00204847
2018-11-15 16:00:00,267.80338,270.385,267.6269,269.44415,9.0,0.0,8.005981,0.006599442
2018-11-18 16:00:00,269.61273,270.385,268.68597,270.06284,0.0,0.0,2.803955,0.0022961858
2018-11-19 16:00:00,270.08713,271.12198,269.10522,269.5002,5.0,0.0,-2.5499268,-0.0020833758
2018-11-20 16:00:00,269.5443,271.46622,269.0611,270.46664,4.0,0.0,4.380005,0.003586082
2018-11-21 16:00:00,270.47327,271.1992,270.20847,270.70627,1.0,0.0,1.0859375,0.0008859227
2018-11-22 16:00:00,270.84174,271.08557,269.17807,269.82236,2.0,0.0,-4.0059814,-0.0032652419
2018-11-25 16:00:00,269.93488,270.96664,269.5024,269.63834,4.0,0.0,-0.8339844,-0.0006820006
2018-11-26 16:00:00,269.6326,270.35413,267.34003,268.0461,5.0,0.0,-7.2159424,-0.0059049493
2018-11-27 16:00:00,267.98874,270.82632,267.20764,269.38547,8.0,0.0,6.0699463,0.004996663
2018-11-28 16:00:00,269.35016,271.17935,269.21555,270.09814,35752.0,0.0,3.2299805,0.0026456383
2018-11-29 16:00:00,270.08273,270.4247,268.3771,269.6648,5.0,0.0,-1.9639893,-0.0016044354
2018-12-02 16:00:00,269.776,272.4812,269.41415,271.49927,75322.0,0.0,8.313965,0.006802815
2018-12-03 16:00:00,271.6725,274.0478,271.44412,273.21594,6.0,0.0,7.7800293,0.0063229143
2018-12-04 16:00:00,273.3682,273.45206,272.084,272.9225,7.0,0.0,-1.329956,-0.0010740784
2018-12-05 16:00:00,273.0284,274.57736,272.37088,273.0328,9.0,0.0,0.5,0.0004042364
2018-12-06 16:00:00,272.99002,275.82626,272.9225,275.4081,7.0,0.0,10.765015,0.008699705
2018-12-09 16:00:00,275.65634,276.00717,273.9154,274.5178,13663.0,0.0,-4.035034,-0.003232773
2018-12-10 16:00:00,274.50235,275.7062,273.76096,274.2751,7.0,0.0,-1.0999756,-0.00088413234
2018-12-11 16:00:00,274.22873,275.19516,273.9816,274.75388,113.0,0.0,2.1699219,0.0017456713
2018-12-12 16:00:00,274.8355,275.09146,273.58444,273.97168,8.0,0.0,-3.5449219,-0.0028468696
2018-12-13 16:00:00,273.94632,274.27728,271.9737,273.19278,6.0,0.0,-3.5300293,-0.0028430033
2018-12-16 16:00:00,273.2667,275.39377,272.56946,274.83334,0.0,0.0,7.4350586,0.0060050953
2018-12-17 16:00:00,274.84656,275.89023,274.64355,275.6133,38267.0,0.0,3.534912,0.0028380102
2018-12-18 16:00:00,275.73358,277.60028,273.93747,274.2144,6.0,0.0,-6.339966,-0.0050756475
2018-12-19 16:00:00,274.2552,279.49786,274.15814,277.9533,5.0,0.0,16.944946,0.013634985
2018-12-20 16:00:00,278.091,278.6219,276.60733,277.0804,6.0,0.0,-3.9559326,-0.0031403769
2018-12-23 16:00:00,277.3664,280.33633,277.32004,280.00977,4.0,0.0,13.276001,0.010572219
2018-12-24 16:00:00,280.1819,280.1819,280.1819,280.1819,0.0,0.0,0.7800293,0.00061467063
2018-12-25 16:00:00,280.2922,282.23392,278.93918,279.51996,0.0,0.0,-3.0,-0.0023625768
2018-12-26 16:00:00,279.5089,282.20303,279.37762,281.40518,5.0,0.0,8.543945,0.0067445096
2018-12-27 16:00:00,281.42194,282.9003,281.08655,282.6011,0.0,0.0,5.420044,0.0042498684
2018-12-30 16:00:00,282.51196,283.33102,281.77057,282.91794,0.0,0.0,1.4359131,0.0011211379
2018-12-31 16:00:00,282.929,282.929,282.929,282.929,0.0,0.0,0.050048828,3.903356e-05
2019-01-01 16:00:00,282.9621,284.35727,282.05743,283.35263,0.0,0.0,1.920044,0.0014974022
2019-01-02 16:00:00,283.37692,285.7202,283.37692,285.54367,2.0,0.0,9.929932,0.0077325674
2019-01-03 16:00:00,285.53046,286.52292,281.54993,283.50134,8.0,0.0,-9.255981,-0.007152447
2019-01-06 16:00:00,283.59534,285.7864,282.91794,284.3963,8.0,0.0,4.0560303,0.003156827
2019-01-07 16:00:00,284.27274,284.68756,282.25598,283.51593,4.0,0.0,-3.9899902,-0.0030956552
2019-01-08 16:00:00,283.50046,285.50177,282.3884,285.38925,5.0,0.0,8.48999,0.006607459
2019-01-09 16:00:00,285.45322,286.19858,283.69022,283.8447,8.0,0.0,-7.0,-0.005412092
2019-01-10 16:00:00,283.89984,285.7754,283.8447,284.0265,5.0,0.0,0.8239746,0.0006405275
2019-01-13 16:00:00,284.06314,285.93423,284.01898,284.93027,0.0,0.0,4.0959473,0.0031820005
2019-01-14 16:00:00,285.02295,285.67386,283.86676,284.45895,0.0,0.0,-2.1359863,-0.0016541108
2019-01-15 16:00:00,284.47354,285.74228,284.0874,285.4113,0.0,0.0,4.31604,0.0033478853
2019-01-16 16:00:00,285.4709,285.82172,284.30804,285.0084,4.0,0.0,-1.8260498,-0.0014117123
2019-01-17 16:00:00,285.09796,285.19196,282.47662,282.7467,6.0,0.0,-10.25,-0.007935439
2019-01-20 16:00:00,282.673,283.2202,281.63818,282.44357,0.0,0.0,-1.3739014,-0.0010721677
2019-01-21 16:00:00,282.3884,283.6505,281.79263,283.51593,34135.0,0.0,4.8599854,0.003796715
2019-01-22 16:00:00,283.62402,283.87338,282.05743,282.98413,5.0,0.0,-2.4100342,-0.0018756443
2019-01-23 16:00:00,283.05255,283.49603,281.67413,282.632,2.0,0.0,-1.5959473,-0.0012444033
2019-01-24 16:00:00,282.5936,287.72812,282.3222,287.48764,3.0,0.0,22.005981,0.017180039
2019-01-27 16:00:00,287.44568,287.8186,286.27185,287.5106,36859.0,0.0,0.104003906,7.982432e-05
2019-01-28 16:00:00,287.50085,289.49112,287.3751,289.383,4.0,0.0,8.485962,0.0065125637
2019-01-29 16:00:00,289.47348,292.00433,288.80933,291.19232,1.0,0.0,8.199951,0.0062523456
2019-01-30 16:00:00,291.3181,292.64865,290.5966,291.488,6.0,0.0,1.3400879,0.001015449
2019-01-31 16:00:00,291.4792,292.04623,290.35388,290.65506,0.0,0.0,-3.7750244,-0.0028576155
2019-02-03 16:00:00,290.64072,291.04672,288.699,289.51538,0.0,0.0,-5.165039,-0.0039210324
2019-02-04 16:00:00,289.53085,290.57452,289.1403,290.0957,6.0,0.0,2.630005,0.002004424
2019-02-05 16:00:00,290.17734,290.3362,288.03705,288.23563,4.0,0.0,-8.429932,-0.006411911
2019-02-06 16:00:00,288.6105,289.4845,287.3751,288.99246,1.0,0.0,3.4299316,0.0026256845
2019-02-07 16:00:00,289.10056,290.29428,288.5004,289.96112,8.0,0.0,4.3900146,0.0033518472
2019-02-10 16:00:00,289.85077,290.131,287.59573,288.5655,5.0,0.0,-6.324951,-0.00481307
2019-02-11 16:00:00,288.59747,290.10233,288.23563,289.1513,3.0,0.0,2.6549072,0.0020300637
2019-02-12 16:00:00,289.20425,290.85477,287.90466,288.16943,0.0,0.0,-4.449951,-0.003395743
2019-02-13 16:00:00,288.23343,290.0229,287.32214,289.6257,8.0,0.0,6.5999756,0.0050535803
2019-02-14 16:00:00,289.5904,291.83664,289.29474,291.50568,4.0,0.0,8.52002,0.006490949
2019-02-17 16:00:00,291.5167,292.9421,291.32474,292.59128,156.0,0.0,4.920044,0.0037241462
2019-02-18 16:00:00,292.57803,296.08194,291.81015,295.84808,5.0,0.0,14.76001,0.011130893
2019-02-19 16:00:00,295.7907,297.16092,294.9434,295.2523,3.0,0.0,-2.7000732,-0.0020137776
2019-02-20 16:00:00,295.39352,296.00693,291.43286,291.9867,7.0,0.0,-14.799927,-0.011060405
2019-02-21 16:00:00,292.01096,294.15567,291.55597,293.00037,4.0,0.0,4.593994,0.0034716194
2019-02-24 16:00:00,293.32382,294.03873,292.3618,292.85648,0.0,0.0,-0.6520996,-0.00049107807
2019-02-25 16:00:00,292.9068,293.50034,291.9867,293.22232,34086.0,0.0,1.658081,0.0012492681
2019-02-26 16:00:00,293.1782,293.43857,290.52576,291.19232,3.0,0.0,-9.200073,-0.006923074
2019-02-27 16:00:00,291.15616,292.89136,289.5816,289.67755,36817.0,0.0,-6.86499,-0.0052019325
2019-02-28 16:00:00,289.93155,290.20602,284.61697,285.3131,38524.0,0.0,-19.779907,-0.01506656
2019-03-03 16:00:00,285.32083,286.1946,283.02826,283.86676,321.0,0.0,-6.5550537,-0.0050694314
2019-03-04 16:00:00,283.86676,284.54724,282.68405,284.11035,103769.0,0.0,1.1040039,0.0008581453
2019-03-05 16:00:00,284.0883,284.84204,283.2048,283.83142,104542.0,0.0,-1.2640381,-0.0009816978
2019-03-06 16:00:00,283.8182,284.40955,282.60684,283.6055,101908.0,0.0,-1.0239258,-0.00079599937
2019-03-07 16:00:00,283.82263,286.99777,283.5137,286.40775,105960.0,0.0,12.699951,0.009880801
2019-03-10 16:00:00,285.3672,285.3672,285.3672,285.3672,1.0,0.0,-4.7159424,-0.0036331927
2019-03-11 16:00:00,285.3672,287.33978,285.0362,287.1447,104506.0,0.0,8.055908,0.0062289555
2019-03-12 16:00:00,287.15445,289.3389,286.91174,288.79166,1.0,0.0,7.4639893,0.0057355477
2019-03-13 16:00:00,288.85785,289.12924,285.24582,285.94086,105236.0,0.0,-12.919922,-0.009871428
2019-03-14 16:00:00,285.93423,288.24445,285.4775,287.30798,101368.0,0.0,6.195923,0.0047811735
2019-03-17 16:00:00,287.30667,288.3195,286.42407,287.61978,97241.0,0.0,1.4130859,0.0010852395
2019-03-18 16:00:00,287.59573,289.24622,287.33978,288.24002,95677.0,0.0,2.810913,0.0021564201
2019-03-19 16:00:00,289.55954,289.55954,289.55954,289.55954,1.0,0.0,5.9801025,0.004577824
2019-03-20 16:00:00,288.89758,288.89758,288.89758,288.89758,3.0,0.0,-3.0,-0.0022860626
2019-03-21 16:00:00,288.89758,290.14865,288.32388,289.76846,107050.0,0.0,3.9468994,0.003014511
2019-03-24 16:00:00,289.81284,292.2559,289.22855,291.64246,104933.0,0.0,8.493042,0.0064672087
2019-03-25 16:00:00,291.63364,291.97256,289.5816,290.28104,105253.0,0.0,-6.170044,-0.004668122
2019-03-26 16:00:00,290.30313,291.1041,288.61072,288.9086,107315.0,0.0,-6.2199707,-0.0047279666
2019-03-27 16:00:00,284.639,284.639,284.639,284.639,1.0,0.0,-19.349976,-0.014778307
2019-03-28 16:00:00,284.639,286.80362,283.91528,285.0605,106202.0,0.0,1.9100342,0.0014806467
2019-03-31 16:00:00,284.87732,286.18356,283.84027,284.06976,99506.0,0.0,-4.48999,-0.0034754667
2019-04-01 16:00:00,284.1205,285.2061,283.57767,285.13327,100365.0,0.0,4.8199463,0.0037438802
2019-04-02 16:00:00,285.13327,285.63416,284.27274,284.5918,99592.0,0.0,-2.4539795,-0.0018990121
2019-04-03 16:00:00,284.6015,285.6099,282.61786,285.10458,97868.0,0.0,2.3239746,0.0018018296
2019-04-04 16:00:00,285.1399,285.43335,283.3868,284.9669,96794.0,0.0,-0.62402344,-0.00048294917
2019-04-07 16:00:00,284.9347,287.66193,284.90378,286.23874,94720.0,0.0,5.764038,0.0044631055
2019-04-08 16:00:00,286.27847,288.21356,286.02914,287.70605,92940.0,0.0,6.6500244,0.005126247
2019-04-09 16:00:00,287.72372,289.18442,287.03308,288.60544,94790.0,0.0,4.0759277,0.0031259512
2019-04-10 16:00:00,288.63763,288.8799,284.5287,285.19064,97586.0,0.0,-15.475952,-0.011831985
2019-04-11 16:00:00,285.1377,285.90778,284.6302,284.75375,94982.0,0.0,-1.9799805,-0.0015318998
2019-04-14 16:00:00,284.79788,285.0737,282.9753,284.1624,93370.0,0.0,-2.6800537,-0.0020767238
2019-04-15 16:00:00,284.09402,284.3588,283.5799,283.62314,78069664.0,0.0,-2.4439697,-0.0018977278
2019-04-16 16:00:00,281.04242,281.04242,280.88574,280.91003,3.0,0.0,-3.526001,-0.0027619686
2019-04-17 16:00:00,281.4418,281.4418,281.4418,281.4418,1.0,0.0,2.4100342,0.001893044
2019-04-18 16:00:00,281.4418,281.4418,281.43738,281.43738,1.0,0.0,-0.020019531,-1.5695316e-05
2019-04-21 16:00:00,281.45502,282.3906,281.04462,281.28516,83620.0,0.0,-0.6899414,-0.0005409226
2019-04-22 16:00:00,281.33148,281.66025,279.3853,280.6534,92275.0,0.0,-2.863037,-0.0022458716
2019-04-23 16:00:00,280.7401,282.16776,279.89505,281.43738,98406.0,0.0,3.5529785,0.0027933605
2019-04-24 16:00:00,281.41312,283.05035,280.91003,281.75732,96470.0,0.0,1.4499512,0.0011367798
2019-04-25 16:00:00,281.76526,284.35217,281.2079,283.72772,98971.0,0.0,8.930054,0.006993323
2019-04-28 16:00:00,282.3663,282.3663,282.3663,282.3663,1.0,0.0,-6.170044,-0.004798342
2019-04-29 16:00:00,283.1717,283.1717,283.1717,283.1717,96003.0,0.0,3.6500244,0.0028522501
2019-04-30 16:00:00,283.1717,284.0234,280.86148,281.6867,91929.0,0.0,-6.7299805,-0.0052440725
2019-05-01 16:00:00,281.73877,281.9912,279.38754,280.3209,2.0,0.0,-6.1899414,-0.0048486954
2019-05-02 16:00:00,280.34958,282.99298,279.87076,282.1962,89394.0,0.0,8.498901,0.006689783
2019-05-05 16:00:00,282.60242,283.7145,281.72644,282.49164,102992.0,0.0,1.3389893,0.0010469614
2019-05-06 16:00:00,282.64212,283.76746,282.0177,283.346,100491.0,0.0,3.8720703,0.0030244219
2019-05-07 16:00:00,283.33057,284.97,282.23392,282.57727,99725.0,0.0,-3.4840088,-0.0027131066
2019-05-08 16:00:00,282.5958,284.26392,282.30014,283.21448,102216.0,0.0,2.8879395,0.002255047
2019-05-09 16:00:00,283.30627,284.5287,283.09448,283.68802,104257.0,0.0,2.145996,0.0016719303
2019-05-12 16:00:00,286.86758,286.86758,286.86758,286.86758,1.0,0.0,14.410034,0.011208016
2019-05-13 16:00:00,286.86758,287.59573,285.4113,286.04456,96129.0,0.0,-3.7299805,-0.002868995
2019-05-14 16:00:00,286.07324,286.07324,286.07324,286.07324,1.0,0.0,0.13000488,0.00010028378
2019-05-15 16:00:00,286.07324,286.5653,283.32285,283.8888,94068.0,0.0,-9.900024,-0.0076359618
2019-05-16 16:00:00,283.9241,284.40292,281.26968,281.89633,97686.0,0.0,-9.030029,-0.0070185214
2019-05-19 16:00:00,281.77277,282.20746,281.01373,281.9471,94257.0,0.0,0.23010254,0.00018010955
2019-05-20 16:00:00,281.8875,281.98016,280.07156,281.31137,91192.0,0.0,-2.8811035,-0.0022547373
2019-05-21 16:00:00,280.9321,280.9321,280.9321,280.9321,1.0,0.0,-1.7189941,-0.0013483164
2019-05-22 16:00:00,280.9321,284.03665,280.77765,283.13858,97684.0,0.0,10.0,0.007854226
2019-05-23 16:00:00,283.1452,283.59534,282.5649,283.45633,91852.0,0.0,1.4400635,0.001122244
2019-05-26 16:00:00,283.4144,284.06534,283.22687,283.53577,61182.0,0.0,0.35998535,0.00028022274
2019-05-27 16:00:00,283.5115,283.5115,283.5115,283.5115,2.0,0.0,-0.10998535,-8.559171e-05
2019-05-28 16:00:00,282.30457,283.7123,282.18982,282.3222,98154.0,0.0,0.6500244,0.00050828827
2019-05-29 16:00:00,284.18668,284.18668,284.17566,284.17566,2.0,0.0,8.400024,0.0065650837
2019-05-30 16:00:00,284.18668,288.37024,284.1315,287.98825,107132.0,0.0,17.27893,0.01341636
2019-06-02 16:00:00,288.41434,293.0215,288.14294,292.31766,108838.0,0.0,19.621094,0.015033259
2019-06-03 16:00:00,292.29337,293.25323,291.23517,292.39908,104893.0,0.0,0.36889648,0.00027845445
2019-06-04 16:00:00,292.39047,296.55414,292.18524,293.54004,106402.0,0.0,5.1710205,0.0039021594
2019-06-05 16:00:00,293.6592,295.6318,292.78104,294.59918,106196.0,0.0,4.800049,0.003608137
2019-06-06 16:00:00,294.61905,297.476,293.50256,295.75098,97192.0,0.0,5.2199707,0.0039096805
2019-06-09 16:00:00,294.97604,295.16403,292.3618,292.97873,100082.0,0.0,-12.563965,-0.009373575
2019-06-10 16:00:00,292.99194,293.43634,291.17026,292.76556,93975.0,0.0,-0.96606445,-0.0007275699
2019-06-11 16:00:00,292.7038,295.30746,292.53833,294.2232,98169.0,0.0,6.606079,0.004978844
2019-06-12 16:00:00,295.9584,295.9584,295.9584,295.9584,2.0,0.0,7.8640137,0.005897556
2019-06-13 16:00:00,295.9584,299.64987,295.18613,295.99567,105409.0,0.0,0.16894531,0.00012595639
2019-06-16 16:00:00,296.104,296.46368,294.0608,295.57358,96144.0,0.0,-1.9129639,-0.0014260217
2019-06-17 16:00:00,295.60535,298.88422,295.3185,297.09387,100654.0,0.0,6.8900146,0.005143506
2019-06-18 16:00:00,297.12784,300.63617,295.94846,300.1342,104274.0,0.0,13.778931,0.010233556
2019-06-19 16:00:00,300.19928,307.52045,299.53293,306.34,120307.0,0.0,28.125,0.020676726
2019-06-20 16:00:00,306.14362,311.5032,305.0139,308.72083,115217.0,0.0,10.790039,0.0077718436
2019-06-23 16:00:00,308.94147,313.59055,308.85498,313.16913,115637.0,0.0,20.160034,0.014408875
2019-06-24 16:00:00,313.26266,317.4608,311.54074,314.09805,122232.0,0.0,4.209961,0.0029662233
2019-06-25 16:00:00,314.087,314.2812,309.32538,310.89642,118469.0,0.0,-14.51001,-0.010193121
2019-06-26 16:00:00,310.9185,310.9185,310.9185,310.9185,1.0,0.0,0.099975586,7.095499e-05
2019-06-27 16:00:00,310.9185,314.32974,310.1462,310.95554,107590.0,0.0,0.16796875,0.000119202865
2019-06-30 16:00:00,310.90524,310.96262,304.87045,305.43665,114625.0,0.0,-25.011963,-0.017748196
2019-07-01 16:00:00,305.3294,313.52393,305.18973,312.97055,109290.0,0.0,34.144043,0.024665989
2019-07-02 16:00:00,313.70087,317.21585,311.58707,313.00055,110681.0,0.0,0.13598633,9.5873045e-05
2019-07-03 16:00:00,313.04776,313.69208,311.14133,312.23575,74938.0,0.0,-3.4660645,-0.0024434095
2019-07-04 16:00:00,312.36508,314.2503,306.00238,308.74686,104980.0,0.0,-15.81189,-0.011173928
2019-07-07 16:00:00,307.85144,307.89557,307.85144,307.89557,4.0,0.0,-3.8580322,-0.0027571984
2019-07-08 16:00:00,308.381,308.46927,308.381,308.42514,9.0,0.0,2.4000244,0.0017199544
2019-07-09 16:00:00,312.97055,313.0588,312.97055,313.0588,4.0,0.0,21.0,0.015023608
2019-07-10 16:00:00,309.7049,309.83728,309.7049,309.83728,6.0,0.0,-14.600098,-0.010290455
2019-07-11 16:00:00,309.7049,312.66162,309.5571,312.35226,107003.0,0.0,11.398071,0.008117128
2019-07-14 16:00:00,311.9114,311.9114,311.9114,311.9114,100952.0,0.0,-1.9980469,-0.0014114508
2019-07-15 16:00:00,311.9114,312.9198,309.10916,310.21878,101177.0,0.0,-7.6710205,-0.005426585
2019-07-16 16:00:00,314.77988,314.824,314.73575,314.77988,7.0,0.0,20.67102,0.014702749
2019-07-17 16:00:00,319.1046,319.1046,319.1046,319.1046,3.0,0.0,19.599976,0.013738943
2019-07-18 16:00:00,319.1046,320.57965,313.3589,314.51816,115589.0,0.0,-20.78601,-0.014372847
2019-07-21 16:00:00,314.36063,314.36063,314.36063,314.36063,1.0,0.0,-0.71398926,-0.00050089956
2019-07-22 16:00:00,314.36063,315.54773,312.02173,312.79755,108780.0,0.0,-7.0839844,-0.004972264
2019-07-23 16:00:00,314.6916,314.6916,314.6916,314.6916,1.0,0.0,8.583984,0.0060552256
2019-07-24 16:00:00,312.08795,312.08795,312.08795,312.08795,2.0,0.0,-11.799927,-0.0082736835
2019-07-25 16:00:00,312.08795,314.37125,311.88934,312.88602,95065.0,0.0,3.6169434,0.002557228
2019-07-28 16:00:00,313.15146,315.11746,312.18723,314.79755,92274.0,0.0,8.663086,0.0061092963
2019-07-29 16:00:00,315.55212,315.55212,315.55212,315.55212,4.0,0.0,3.4199219,0.002397119
2019-07-30 16:00:00,315.55212,316.43607,311.20093,311.9114,97847.0,0.0,-16.5,-0.011537655
2019-07-31 16:00:00,311.69296,319.04504,309.00546,318.79657,113801.0,0.0,31.20398,0.022074122
2019-08-01 16:00:00,318.90384,319.72464,315.5301,317.87228,118444.0,0.0,-4.188965,-0.002899331
2019-08-04 16:00:00,322.98807,323.0322,322.98807,323.0322,5.0,0.0,23.38501,0.016232658
2019-08-05 16:00:00,325.2056,325.3305,325.2056,325.3305,3.0,0.0,10.416016,0.007114765
2019-08-06 16:00:00,331.15213,331.16116,331.15213,331.16116,10.0,0.0,26.424927,0.0179223
2019-08-07 16:00:00,331.19626,331.82843,331.19626,331.60403,6.0,0.0,2.00708,0.0013373037
2019-08-08 16:00:00,331.19626,332.92947,329.7841,330.217,109810.0,0.0,-6.2860107,-0.004182732
2019-08-11 16:00:00,333.3489,333.3507,333.3445,333.3507,4.0,0.0,14.202026,0.009489768
2019-08-12 16:00:00,333.3489,338.7006,326.51627,331.24832,114688.0,0.0,-9.528076,-0.006306793
2019-08-13 16:00:00,334.44666,334.44666,334.44666,334.44666,1.0,0.0,14.494995,0.009655374
2019-08-14 16:00:00,336.20853,336.20853,336.10483,336.10483,4.0,0.0,7.5150146,0.0049580135
2019-08-15 16:00:00,336.20853,337.12955,331.76993,333.8988,109537.0,0.0,-9.997925,-0.0065635657
2019-08-18 16:00:00,329.87234,330.06763,329.87234,330.06763,4.0,0.0,-17.363037,-0.011474019
2019-08-19 16:00:00,332.60843,332.90762,332.60843,332.6883,10.0,0.0,11.876953,0.00793975
2019-08-20 16:00:00,331.4734,331.4778,331.45575,331.45575,5.0,0.0,-5.5859375,-0.0037047875
2019-08-21 16:00:00,330.55637,330.79907,330.55637,330.72495,7.0,0.0,-3.3120117,-0.0022048093
2019-08-22 16:00:00,330.55637,337.6194,329.53696,336.92435,103958.0,0.0,28.095947,0.018744828
2019-08-25 16:00:00,336.82285,337.09976,336.82285,337.03357,6.0,0.0,0.49499512,0.00032417034
2019-08-26 16:00:00,340.23077,340.23077,340.23077,340.23077,1.0,0.0,14.48999,0.009486361
2019-08-27 16:00:00,339.5589,339.7851,339.5589,339.74094,5.0,0.0,-2.2199707,-0.0014397211
2019-08-28 16:00:00,336.9773,337.29172,336.82285,337.09314,24.0,0.0,-12.0,-0.0077935997
2019-08-29 16:00:00,336.9773,338.28134,334.7505,335.4592,111005.0,0.0,-7.4050293,-0.004847096
2019-09-01 16:00:00,337.40317,337.53818,337.40317,337.53818,3.0,0.0,9.421997,0.0061973776
2019-09-02 16:00:00,341.32413,341.43445,341.32413,341.43445,4.0,0.0,17.658081,0.011543176
2019-09-03 16:00:00,342.4053,342.5377,342.4053,342.45053,21.0,0.0,4.6049805,0.002975947
2019-09-04 16:00:00,342.4053,342.6767,332.34982,335.15143,116056.0,0.0,-33.079956,-0.021314336
2019-09-05 16:00:00,334.77103,337.1053,331.53384,332.47205,117262.0,0.0,-12.143066,-0.007994513
2019-09-08 16:00:00,330.42398,330.57843,330.42398,330.57843,9.0,0.0,-8.582031,-0.0056956024
2019-09-09 16:00:00,328.052,328.07404,327.6438,327.66586,62.0,0.0,-13.199951,-0.008810541
2019-09-10 16:00:00,330.3578,330.3578,330.24744,330.25296,5.0,0.0,11.724976,0.007895607
2019-09-11 16:00:00,330.49017,330.55637,330.49017,330.55637,2.0,0.0,1.375,0.0009186725
2019-09-12 16:00:00,330.49017,332.96808,327.81808,328.46503,102405.0,0.0,-9.478027,-0.0063266987
2019-09-15 16:00:00,330.64462,330.74393,330.51224,330.73642,48.0,0.0,10.294067,0.0069151656
2019-09-16 16:00:00,331.2404,331.3829,331.2404,331.3829,2.0,0.0,2.9299316,0.0019547003
2019-09-17 16:00:00,329.47516,329.59653,329.47516,329.47516,5.0,0.0,-8.645996,-0.0057569128
2019-09-18 16:00:00,330.79907,330.9315,330.6667,330.82202,29.0,0.0,6.104004,0.0040878677
2019-09-19 16:00:00,330.79907,334.72888,330.49017,334.66864,105246.0,0.0,17.433105,0.0116274655
2019-09-22 16:00:00,334.06912,336.88464,333.37915,335.7858,109429.0,0.0,5.0629883,0.0033380792
2019-09-23 16:00:00,337.8599,338.0618,337.81577,338.0618,24.0,0.0,10.314941,0.0067781187
2019-09-24 16:00:00,331.79553,331.79553,331.79553,331.79553,1.0,0.0,-28.399048,-0.018535847
2019-09-25 16:00:00,332.21124,332.21124,331.94647,332.01794,53.0,0.0,1.0080566,0.00067037705
2019-09-26 16:00:00,332.21124,332.60843,328.0829,330.283,111484.0,0.0,-7.863037,-0.0052255676
2019-09-29 16:00:00,330.2651,331.06277,323.07632,324.84152,114656.0,0.0,-24.66101,-0.01647515
2019-09-30 16:00:00,324.83093,328.14246,321.92896,326.364,114014.0,0.0,6.9000244,0.00468688
2019-10-01 16:00:00,326.28568,332.0656,325.3446,330.8653,112180.0,0.0,20.400024,0.013792188
2019-10-02 16:00:00,330.83548,335.2849,330.0268,332.0568,111470.0,0.0,5.4000244,0.0036012167
2019-10-03 16:00:00,332.20596,334.32773,330.05548,332.00165,107584.0,0.0,-0.25,-0.000166124
2019-10-06 16:00:00,329.53168,329.53168,329.48755,329.48755,2.0,0.0,-11.394043,-0.0075725536
2019-10-07 16:00:00,329.53168,333.08505,328.14688,332.1671,115786.0,0.0,12.144043,0.008132593
2019-10-08 16:00:00,332.1285,333.58368,330.9094,332.1671,109643.0,0.0,0.0,0.0
2019-10-09 16:00:00,332.15875,334.70636,328.9997,329.62433,118361.0,0.0,-11.524048,-0.00765514
2019-10-10 16:00:00,329.58374,331.70377,325.21442,328.47565,116069.0,0.0,-5.2059326,-0.0034848494
2019-10-13 16:00:00,329.43106,329.53607,329.34277,329.53607,16.0,0.0,4.805908,0.0032283233
2019-10-14 16:00:00,326.73914,326.77972,326.73914,326.77972,2.0,0.0,-12.491943,-0.008364342
2019-10-15 16:00:00,328.79822,328.79822,328.79822,328.79822,1.0,0.0,9.147949,0.0061769397
2019-10-16 16:00:00,329.17554,329.17554,329.17554,329.17554,108820.0,0.0,1.710083,0.0011476051
2019-10-17 16:00:00,329.17554,329.66934,327.62833,328.83154,104070.0,0.0,-1.559082,-0.0010450718
2019-10-20 16:00:00,327.50366,327.51846,327.50366,327.51846,4.0,0.0,-5.9509277,-0.003993153
2019-10-21 16:00:00,328.48312,328.48312,328.32892,328.32892,14.0,0.0,3.6729736,0.002474496
2019-10-22 16:00:00,329.22894,329.22894,329.22894,329.22894,101474.0,0.0,4.0789795,0.0027412404
2019-10-23 16:00:00,331.83615,331.93542,331.76468,331.76468,4.0,0.0,11.492065,0.0077020233
2019-10-24 16:00:00,331.83615,334.92526,331.0418,331.92065,102358.0,0.0,0.7069092,0.00047015192
2019-10-27 16:00:00,329.18304,329.18304,329.18304,329.18304,1.0,0.0,-12.406982,-0.008247771
2019-10-28 16:00:00,328.2936,328.3278,328.23953,328.31015,144.0,0.0,-3.9559326,-0.0026516498
2019-10-29 16:00:00,330.13712,330.2,330.0489,330.2,14.0,0.0,8.564941,0.005756318
2019-10-30 16:00:00,333.8187,333.84406,333.73727,333.73727,125.0,0.0,16.031006,0.01071244
2019-10-31 16:00:00,333.8187,334.47733,331.67508,334.08414,99703.0,0.0,1.5720215,0.001039342
2019-11-03 16:00:00,334.09473,334.22757,331.9244,333.09384,95625.0,0.0,-4.488037,-0.002964185
2019-11-04 16:00:00,332.8732,333.10223,326.42358,327.3128,105782.0,0.0,-26.199951,-0.01735556
2019-11-05 16:00:00,327.1504,329.69583,327.06348,328.87943,100829.0,0.0,7.0999756,0.004786285
2019-11-06 16:00:00,328.72498,329.23468,322.26434,323.981,106592.0,0.0,-22.199951,-0.014894298
2019-11-07 16:00:00,324.02512,325.00394,321.28906,321.93445,108177.0,0.0,-9.275024,-0.0063168453
2019-11-10 16:00:00,321.9987,323.55646,319.5018,321.1787,94226.0,0.0,-3.4250488,-0.0023474914
2019-11-11 16:00:00,321.1955,322.22238,318.95016,321.26657,106941.0,0.0,0.3980713,0.00027347574
2019-11-12 16:00:00,321.1752,323.71622,321.1752,322.94394,107736.0,0.0,7.6019287,0.0052211117
2019-11-13 16:00:00,322.84906,325.34903,322.38568,324.61426,105883.0,0.0,7.5700684,0.005172225
2019-11-14 16:00:00,324.61316,324.6491,322.6571,323.89825,99923.0,0.0,-3.244995,-0.0022057241
2019-11-17 16:00:00,323.7557,325.21664,321.32214,324.65286,102364.0,0.0,3.4199219,0.002329766
2019-11-18 16:00:00,324.4885,325.52444,323.2043,324.9077,105106.0,0.0,1.1550293,0.000785016
2019-11-19 16:00:00,324.75327,326.29694,323.42938,324.68707,108290.0,0.0,-1.0,-0.00067911716
2019-11-20 16:00:00,324.92978,325.5895,322.635,323.07632,108842.0,0.0,-7.300049,-0.0049609574
2019-11-21 16:00:00,323.05426,325.0551,322.4232,322.64252,101206.0,0.0,-1.9659424,-0.0013426734
2019-11-24 16:00:00,322.56442,322.6081,320.82126,321.0684,96141.0,0.0,-7.134033,-0.0048788586
2019-11-25 16:00:00,321.14124,322.7895,319.94308,322.41437,95068.0,0.0,6.0999756,0.004192135
2019-11-26 16:00:00,322.43555,322.55295,320.50134,320.8919,93359.0,0.0,-6.8999023,-0.0047220797
2019-11-27 16:00:00,320.91507,321.7564,320.84775,321.21844,66413.0,0.0,1.4799805,0.0010176583
2019-11-28 16:00:00,321.12976,323.58383,320.58298,322.94394,81715.0,0.0,7.8199463,0.005371654
2019-12-01 16:00:00,323.61252,323.61252,320.71536,322.6571,101309.0,0.0,-1.2999268,-0.0008881708
2019-12-02 16:00:00,322.70563,326.93063,322.07898,325.9227,104338.0,0.0,14.799927,0.010120992
2019-12-03 16:00:00,325.9792,327.46725,324.62085,325.32697,106089.0,0.0,-2.6999512,-0.001827873
2019-12-04 16:00:00,325.4258,326.6376,324.97394,325.6138,101038.0,0.0,1.2999268,0.0008816649
2019-12-05 16:00:00,325.63586,326.4388,321.84067,322.18845,96959.0,0.0,-15.523926,-0.010519704
2019-12-08 16:00:00,322.10986,323.3208,321.79657,322.4585,92014.0,0.0,1.223999,0.0008382544
2019-12-09 16:00:00,322.54678,324.1637,322.10547,323.0984,98725.0,0.0,2.9000244,0.001984415
2019-12-10 16:00:00,322.9766,326.3062,322.74094,325.34903,102735.0,0.0,10.199951,0.006965752
2019-12-11 16:00:00,325.2718,328.04095,322.9969,324.26782,102319.0,0.0,-4.9000244,-0.0033231769
2019-12-12 16:00:00,324.13544,326.1054,322.5419,325.70007,113453.0,0.0,6.490967,0.0044168257
2019-12-15 16:00:00,325.57852,326.52728,325.0401,325.68,96736.0,0.0,-0.09094238,-6.1610284e-05
2019-12-16 16:00:00,325.6138,326.6729,325.26074,325.70206,93849.0,0.0,0.099975586,6.773414e-05
2019-12-17 16:00:00,325.65793,326.39667,324.4223,325.54938,88028.0,0.0,-0.6920166,-0.0004688142
2019-12-18 16:00:00,325.58203,326.9289,324.99597,326.28015,91440.0,0.0,3.3120117,0.0022448108
2019-12-19 16:00:00,326.2537,326.76672,325.56967,326.0884,85751.0,0.0,-0.86901855,-0.000587683
2019-12-22 16:00:00,326.07498,327.93063,325.96686,327.74307,85289.0,0.0,7.4990234,0.0050742757
2019-12-23 16:00:00,327.72058,331.0665,327.50256,330.82117,72152.0,0.0,13.950073,0.009391775
2019-12-24 16:00:00,330.83218,330.83218,330.61154,330.6667,8.0,0.0,-0.70007324,-0.0004669334
2019-12-25 16:00:00,330.85822,333.73727,330.3688,333.46896,88419.0,0.0,12.700073,0.008474626
2019-12-26 16:00:00,333.41708,334.34448,332.57755,333.35754,96381.0,0.0,-0.5050049,-0.00033415263
2019-12-29 16:00:00,333.49277,334.52808,333.29245,334.24124,91440.0,0.0,4.005005,0.0026509254
2019-12-30 16:00:00,334.2024,336.54373,334.1883,334.74872,90172.0,0.0,2.2999268,0.0015183039
2019-12-31 16:00:00,334.76572,334.76572,334.76572,334.76572,9.0,0.0,0.07702637,5.077211e-05
2020-01-01 16:00:00,334.76572,337.87094,334.72665,337.35242,98024.0,0.0,11.723022,0.0077268654
2020-01-02 16:00:00,337.551,342.76056,337.08762,342.48386,114729.0,0.0,23.255981,0.015210924
2020-01-05 16:00:00,344.43637,350.37143,344.12637,345.42822,124053.0,0.0,13.343994,0.00859707
2020-01-06 16:00:00,345.49,348.05396,343.08932,347.36993,100283.0,0.0,8.800049,0.0056212386
2020-01-07 16:00:00,347.85757,355.53333,342.47812,343.39822,123788.0,0.0,-18.0,-0.011433653
2020-01-08 16:00:00,343.44568,344.52356,339.83472,342.51123,112544.0,0.0,-4.0200195,-0.002583062
2020-01-09 16:00:00,342.7142,344.896,341.04608,344.65042,103602.0,0.0,9.694946,0.006245617
2020-01-12 16:00:00,344.63388,344.63388,341.25085,341.4565,100451.0,0.0,-14.474976,-0.009267098
2020-01-13 16:00:00,341.6103,341.7566,338.8965,341.19174,112104.0,0.0,-1.1999512,-0.0007754127
2020-01-14 16:00:00,341.19174,343.7795,341.10568,343.33203,105792.0,0.0,9.699951,0.006273007
2020-01-15 16:00:00,343.4203,343.791,341.54477,342.49356,97688.0,0.0,-3.8000488,-0.0024421907
2020-01-16 16:00:00,342.5377,344.4805,341.85257,343.56726,98961.0,0.0,4.866089,0.0031349626
2020-01-19 16:00:00,343.7175,345.0884,343.37616,344.38452,66696.0,0.0,3.7039795,0.0023788197
2020-01-20 16:00:00,344.38452,346.1023,341.18488,343.75128,109176.0,0.0,-2.869995,-0.0018388329
2020-01-21 16:00:00,343.86334,344.0425,341.98605,343.88367,100542.0,0.0,0.5999756,0.00038511815
2020-01-22 16:00:00,343.90594,345.95425,342.3832,344.78833,104902.0,0.0,4.0999756,0.002630719
2020-01-23 16:00:00,344.7548,347.70093,343.39822,346.70932,102402.0,0.0,8.706055,0.0055715186
2020-01-26 16:00:00,348.8794,350.4915,347.6987,349.0248,120457.0,0.0,10.494019,0.006678533
2020-01-27 16:00:00,348.96457,349.2889,345.3907,345.8033,108312.0,0.0,-14.600098,-0.009230053
2020-01-28 16:00:00,345.72498,348.18634,344.92072,347.94363,104724.0,0.0,9.700073,0.006189429
2020-01-29 16:00:00,347.87762,349.9288,346.94186,347.2596,115748.0,0.0,-3.0999756,-0.001965867
2020-01-30 16:00:00,347.35117,350.9191,346.53146,350.7245,114083.0,0.0,15.703003,0.009977763
2020-02-02 16:00:00,350.76508,351.69467,346.49945,347.86594,116114.0,0.0,-12.955078,-0.008150395
2020-02-03 16:00:00,347.9873,348.52106,341.7654,342.62595,111164.0,0.0,-23.747925,-0.015063243
2020-02-04 16:00:00,342.62595,344.73273,341.41238,343.2945,113553.0,0.0,3.0299072,0.001951254
2020-02-05 16:00:00,343.33203,346.01404,342.5355,345.67313,93019.0,0.0,10.780029,0.0069287964
2020-02-06 16:00:00,345.69232,347.29227,344.29694,346.44275,112619.0,0.0,3.488037,0.0022264873
2020-02-09 16:00:00,346.43878,347.95795,345.95776,346.87787,109179.0,0.0,1.9719238,0.001255924
2020-02-10 16:00:00,346.7874,347.30374,344.66257,345.85715,104633.0,0.0,-4.6259766,-0.0029426022
2020-02-11 16:00:00,345.85626,346.5094,344.62744,345.44827,103584.0,0.0,-1.8530273,-0.0011821969
2020-02-12 16:00:00,345.54294,348.25253,345.362,347.6665,114114.0,0.0,10.053101,0.006421282
2020-02-13 16:00:00,347.70908,349.715,347.07425,349.39197,101625.0,0.0,7.8199463,0.0049630157
2020-02-16 16:00:00,349.10358,349.45065,348.29666,348.76,63156.0,0.0,-2.8640137,-0.0018087014
2020-02-17 16:00:00,348.76,354.177,348.76,353.2944,107426.0,0.0,20.550049,0.013001423
2020-02-18 16:00:00,353.34955,355.89145,352.8862,355.56577,112088.0,0.0,10.293945,0.006429095
2020-02-19 16:00:00,355.72485,358.23587,353.90118,357.35217,122520.0,0.0,8.096069,0.0050241086
2020-02-20 16:00:00,357.4627,363.88693,357.1668,362.52267,128117.0,0.0,23.432983,0.014468913
2020-02-23 16:00:00,365.12457,372.72708,364.27176,366.0619,136580.0,0.0,16.039917,0.009762739
2020-02-24 16:00:00,366.0546,367.12564,358.59506,360.631,142267.0,0.0,-24.612915,-0.014835879
2020-02-25 16:00:00,360.80423,365.16428,358.5216,362.01074,138872.0,0.0,6.2529297,0.0038258256
2020-02-26 16:00:00,362.06857,366.32712,360.81595,362.87064,140200.0,0.0,3.8970947,0.0023753315
2020-02-27 16:00:00,362.97214,363.95316,344.84525,349.89352,142532.0,0.0,-58.81299,-0.03576236
2020-03-01 16:00:00,349.94492,355.4495,347.55634,350.62476,142532.0,0.0,3.3139648,0.0020898578
2020-03-02 16:00:00,349.7867,363.8962,349.7867,361.93704,133109.0,0.0,51.267944,0.032263245
2020-03-03 16:00:00,361.977,364.6215,360.0485,361.0944,131770.0,0.0,-3.8189697,-0.0023281872
2020-03-04 16:00:00,361.0944,369.49344,360.7409,368.9275,126937.0,0.0,35.5,0.021692637
2020-03-05 16:00:00,369.02322,373.32944,362.26605,369.3242,138795.0,0.0,1.7979736,0.0010753431
2020-03-08 16:00:00,373.99957,375.7897,365.67508,370.7099,134118.0,0.0,6.2800293,0.0037519638
2020-03-09 16:00:00,370.61942,370.78757,362.20648,363.83487,136933.0,0.0,-31.157959,-0.018545544
2020-03-10 16:00:00,363.89774,368.72888,360.31107,360.78546,132702.0,0.0,-13.820068,-0.008381285
2020-03-11 16:00:00,360.5527,364.11728,344.37085,347.85538,133806.0,0.0,-58.599976,-0.03583877
2020-03-12 16:00:00,348.36884,352.5585,332.04135,337.3961,133302.0,0.0,-47.401978,-0.030067857
2020-03-15 16:00:00,344.69058,347.57913,320.1858,334.08676,132723.0,0.0,-14.998047,-0.009808428
2020-03-16 16:00:00,333.51926,342.86868,323.38965,337.35242,126023.0,0.0,14.800049,0.009774816
2020-03-17 16:00:00,337.08698,341.17142,324.97504,327.8865,126057.0,0.0,-42.900024,-0.028059404
2020-03-18 16:00:00,327.8684,331.19626,323.02115,324.70914,108997.0,0.0,-14.400024,-0.009690461
2020-03-19 16:00:00,324.18134,334.55014,321.0254,330.68832,107382.0,0.0,27.098022,0.018413987
2020-03-22 16:00:00,331.8092,344.5015,327.05466,342.7804,127464.0,0.0,54.802002,0.036566406
2020-03-23 16:00:00,357.07635,357.07635,357.07635,357.07635,1.0,0.0,64.79004,0.04170585
2020-03-24 16:00:00,357.07635,362.52863,352.3125,356.7295,66969.0,0.0,-1.5720215,-0.00097140897
2020-03-25 16:00:00,359.995,360.1213,357.75815,359.56326,18.0,0.0,12.842773,0.007943731
2020-03-26 16:00:00,359.995,360.85168,354.9934,358.7109,93405.0,0.0,-3.862793,-0.0023704504
2020-03-29 16:00:00,358.01413,358.0638,355.79657,355.79657,24.0,0.0,-13.208008,-0.008124515
2020-03-30 16:00:00,358.01413,358.601,347.0213,347.82822,103920.0,0.0,-36.113037,-0.022395821
2020-03-31 16:00:00,347.52615,353.39368,345.95114,350.90936,100412.0,0.0,13.963989,0.00885828
2020-04-01 16:00:00,355.42368,355.42368,355.42368,355.42368,1.0,0.0,20.459106,0.012864604
2020-04-02 16:00:00,355.42368,358.88788,354.2471,356.61475,104240.0,0.0,5.397949,0.0033510982
2020-04-05 16:00:00,356.30408,368.45087,352.04773,366.30173,108066.0,0.0,43.901978,0.027163737
2020-04-06 16:00:00,366.78717,370.07486,362.24176,363.20822,109300.0,0.0,-14.02002,-0.008445286
2020-04-07 16:00:00,363.20822,365.68393,361.977,362.81326,92322.0,0.0,-1.789917,-0.0010873815
2020-04-08 16:00:00,362.6566,372.96515,362.37418,371.95038,102702.0,0.0,41.409912,0.025184069
2020-04-09 16:00:00,371.08987,371.08987,369.58942,369.58942,37.0,0.0,-10.699951,-0.0063474826
2020-04-12 16:00:00,371.6084,380.33508,369.26727,377.95428,104309.0,0.0,37.910034,0.022632856
2020-04-13 16:00:00,381.19586,381.46704,381.08606,381.33963,47.0,0.0,15.342529,0.008956997
2020-04-14 16:00:00,381.2095,382.2989,376.62817,378.45956,108659.0,0.0,-13.052612,-0.007552491
2020-04-15 16:00:00,378.37134,378.37134,378.37134,378.37134,1.0,0.0,-0.39990234,-0.00023315202
2020-04-16 16:00:00,378.37134,379.49664,370.19623,371.09604,116257.0,0.0,-32.972046,-0.019227924
2020-04-19 16:00:00,373.34048,373.34048,373.34048,373.34048,1.0,0.0,10.171997,0.006048179
2020-04-20 16:00:00,371.818,371.818,371.818,371.818,1.0,0.0,-6.9000244,-0.0040780287
2020-04-21 16:00:00,371.818,379.2281,370.3176,378.1083,109458.0,0.0,28.508057,0.016917724
2020-04-22 16:00:00,381.85538,382.11612,381.63474,382.11612,17.0,0.0,18.163574,0.0105996085
2020-04-23 16:00:00,381.85538,383.1153,377.3858,381.11972,107812.0,0.0,-4.515625,-0.0026075176
2020-04-26 16:00:00,381.4163,381.4163,376.3199,378.05246,104438.0,0.0,-13.901001,-0.008048026
2020-04-27 16:00:00,376.8468,376.93475,376.2972,376.2972,24.0,0.0,-7.954956,-0.0046429117
2020-04-28 16:00:00,377.59708,377.7482,377.59708,377.62408,17.0,0.0,6.0134277,0.0035261097
2020-04-29 16:00:00,371.7518,371.7518,371.7518,371.7518,1.0,0.0,-26.613403,-0.01555054
2020-04-30 16:00:00,371.7518,376.32147,368.29803,374.86252,105427.0,0.0,14.0979,0.0083677
2020-05-03 16:00:00,374.82986,378.23892,373.15878,375.23938,90745.0,0.0,1.7080078,0.0010053623
2020-05-04 16:00:00,376.49063,376.6691,376.4854,376.49103,41.0,0.0,5.6724854,0.0033355672
2020-05-05 16:00:00,371.90625,371.90625,371.90625,371.90625,1.0,0.0,-20.778442,-0.012177639
2020-05-06 16:00:00,378.54782,378.54782,378.50372,378.50372,2.0,0.0,29.900024,0.017739557
2020-05-07 16:00:00,378.54782,380.25787,375.03262,375.12122,106255.0,0.0,-15.329712,-0.008936523
2020-05-10 16:00:00,375.33408,377.77335,372.98746,374.24072,104429.0,0.0,-3.9903564,-0.0023471713
2020-05-11 16:00:00,375.216,375.216,375.216,375.216,1.0,0.0,4.420044,0.0026060352
2020-05-12 16:00:00,378.4728,378.47504,378.2524,378.31854,41.0,0.0,14.060791,0.008268622
2020-05-13 16:00:00,378.4728,383.1506,377.22394,381.75058,106490.0,0.0,15.554199,0.009071827
2020-05-14 16:00:00,381.56104,386.43167,380.97498,384.26385,111138.0,0.0,11.390381,0.0065835975
2020-05-17 16:00:00,381.61044,382.21503,381.57297,382.18857,22.0,0.0,-9.4053955,-0.005400727
2020-05-18 16:00:00,384.96875,384.96875,384.96875,384.96875,1.0,0.0,12.599976,0.007274393
2020-05-19 16:00:00,385.96652,385.96652,385.96652,385.96652,1.0,0.0,4.5219727,0.002591834
2020-05-20 16:00:00,380.7299,380.82275,380.2027,380.2027,18.0,0.0,-26.121948,-0.014933467
2020-05-21 16:00:00,380.7299,383.94165,380.0703,382.4077,99325.0,0.0,9.993164,0.0057995263
2020-05-24 16:00:00,382.6952,382.90567,379.84967,380.92557,69756.0,0.0,-6.717163,-0.0038758235
2020-05-25 16:00:00,377.02533,377.4306,377.02533,377.28247,48.0,0.0,-16.51062,-0.009563745
2020-05-26 16:00:00,377.02533,378.61978,373.6913,377.0827,104610.0,0.0,-0.9053955,-0.00052951276
2020-05-27 16:00:00,379.4569,379.6511,379.4569,379.6511,2.0,0.0,11.640015,0.0068111685
2020-05-28 16:00:00,379.4569,383.40213,377.7976,381.57428,107945.0,0.0,8.716064,0.005065712
2020-05-31 16:00:00,383.82043,383.82413,383.63382,383.81696,17.0,0.0,10.16394,0.005877434
2020-06-01 16:00:00,380.86465,380.86465,380.86465,380.86465,1.0,0.0,-13.380005,-0.0076919566
2020-06-02 16:00:00,380.86465,382.14,372.7646,374.9424,112859.0,0.0,-26.839966,-0.015549485
2020-06-03 16:00:00,377.09155,377.4323,377.09155,377.27185,15.0,0.0,10.557129,0.0062127803
2020-06-04 16:00:00,377.09155,378.731,368.59207,371.74298,111726.0,0.0,-25.057129,-0.014654859
2020-06-07 16:00:00,371.29636,375.23807,369.8101,374.5408,110492.0,0.0,12.679932,0.007526254
2020-06-08 16:00:00,374.43182,379.69412,373.1419,378.38235,113862.0,0.0,17.410034,0.0102566425
2020-06-09 16:00:00,383.0898,383.17557,383.04764,383.17557,14.0,0.0,21.723145,0.012667664
2020-06-10 16:00:00,381.12946,381.12946,381.12946,381.12946,1.0,0.0,-9.273071,-0.005339868
2020-06-11 16:00:00,381.12946,384.6113,379.78348,381.5843,108977.0,0.0,2.0614014,0.001193424
2020-06-14 16:00:00,380.68594,380.69476,380.4653,380.642,9.0,0.0,-4.27063,-0.0024694838
2020-06-15 16:00:00,380.68594,382.34525,378.7926,380.86465,109389.0,0.0,1.0091553,0.00058498676
2020-06-16 16:00:00,380.91208,381.76712,377.94324,380.98734,104663.0,0.0,0.5560303,0.00032213097
2020-06-17 16:00:00,380.8534,383.3688,378.90088,380.1873,104730.0,0.0,-3.6259766,-0.0020999995
2020-06-18 16:00:00,379.99484,385.0835,379.69522,384.6572,101546.0,0.0,20.257935,0.011757157
2020-06-21 16:00:00,386.62363,386.62363,386.62363,386.62363,1.0,0.0,8.911987,0.0051121716
2020-06-22 16:00:00,386.62363,390.77408,385.41006,390.09888,114133.0,0.0,15.75,0.0089887
2020-06-23 16:00:00,390.1554,392.60327,388.31073,388.56537,114938.0,0.0,-6.949951,-0.003931079
2020-06-24 16:00:00,389.12042,389.12912,388.83157,389.1051,48.0,0.0,2.446167,0.0013890783
2020-06-25 16:00:00,389.12042,390.9775,385.54245,390.74936,105817.0,0.0,7.451782,0.004225693
2020-06-28 16:00:00,390.74097,391.7935,389.5341,391.08252,111242.0,0.0,1.5100098,0.0008526803
2020-06-29 16:00:00,392.89343,393.1549,392.878,392.8824,17.0,0.0,8.156982,0.0046022036
2020-06-30 16:00:00,392.89343,394.77667,388.12405,390.4762,4.0,0.0,-10.904907,-0.0061244084
2020-07-01 16:00:00,390.49783,392.65622,387.7944,391.56357,103038.0,0.0,4.9279785,0.0027847036
2020-07-02 16:00:00,391.7114,392.1399,391.06766,391.50223,72946.0,0.0,-0.2779541,-0.00015663021
2020-07-05 16:00:00,393.75568,393.83176,393.75568,393.83176,21.0,0.0,10.557495,0.0059501976
2020-07-06 16:00:00,395.92386,396.06512,395.9075,396.06302,45.0,0.0,10.112305,0.005665577
2020-07-07 16:00:00,399.3673,399.49615,399.1897,399.36148,30.0,0.0,14.94873,0.008328077
2020-07-08 16:00:00,399.3673,400.67688,396.1928,397.85474,111720.0,0.0,-6.8286133,-0.0037728634
2020-07-09 16:00:00,397.48758,399.50388,395.7652,396.6189,107881.0,0.0,-5.600952,-0.0031062905
2020-07-12 16:00:00,397.75415,397.88208,397.74442,397.88208,27.0,0.0,5.7248535,0.0031848995
2020-07-13 16:00:00,398.85403,398.93152,398.67117,398.75906,12.0,0.0,3.9744873,0.0022041008
2020-07-14 16:00:00,399.68338,399.69565,399.49197,399.57315,11.0,0.0,3.6895752,0.0020415995
2020-07-15 16:00:00,396.32123,396.44778,396.29916,396.44257,30.0,0.0,-14.187988,-0.007834824
2020-07-16 16:00:00,396.32123,399.7978,396.1337,399.14908,99221.0,0.0,12.265991,0.006826956
2020-07-19 16:00:00,400.81613,400.81613,400.61288,400.758,32.0,0.0,7.291748,0.004030893
2020-07-20 16:00:00,406.5349,406.58813,406.43805,406.58557,36.0,0.0,26.410889,0.014541377
2020-07-21 16:00:00,406.5349,413.0664,405.99673,412.69348,129362.0,0.0,27.681396,0.01502245
2020-07-22 16:00:00,412.9556,418.8697,411.19745,416.35187,131201.0,0.0,16.580078,0.008864693
2020-07-23 16:00:00,416.3115,420.7031,415.103,419.36972,121214.0,0.0,13.677002,0.0072482824
2020-07-26 16:00:00,419.66537,429.2897,419.1431,428.5759,136387.0,0.0,41.7229,0.021952407
2020-07-27 16:00:00,432.33136,432.35916,432.2852,432.35477,30.0,0.0,17.126099,0.0088172965
2020-07-28 16:00:00,432.33136,437.04202,428.35095,434.7254,124559.0,0.0,10.7438965,0.0054831016
2020-07-29 16:00:00,432.10788,432.3536,431.63632,431.63632,40.0,0.0,-14.0,-0.0071058776
2020-07-30 16:00:00,432.10788,437.51312,431.27005,435.81897,126365.0,0.0,18.956055,0.009690244
2020-08-02 16:00:00,436.7841,438.64154,432.55865,436.1001,116844.0,0.0,1.2740479,0.0006450366
2020-08-03 16:00:00,436.04184,445.6772,434.13852,445.5594,115252.0,0.0,42.869995,0.02169062
2020-08-04 16:00:00,449.9172,449.98352,449.9172,449.98352,4.0,0.0,20.050537,0.009929449
2020-08-05 16:00:00,449.9172,456.66467,448.84705,455.06586,125863.0,0.0,23.033447,0.011294501
2020-08-06 16:00:00,455.27856,457.78558,444.69882,448.93884,134402.0,0.0,-27.768066,-0.013464062
2020-08-09 16:00:00,447.19604,447.19604,447.01566,447.01566,16.0,0.0,-8.715942,-0.004283827
2020-08-10 16:00:00,421.7512,421.7512,421.7512,421.7512,1.0,0.0,-114.5,-0.05651809
2020-08-11 16:00:00,423.6267,423.6267,423.08557,423.08795,3.0,0.0,6.0583496,0.0031695876
2020-08-12 16:00:00,431.0295,431.0516,430.84897,431.03238,39.0,0.0,36.004517,0.018777208
2020-08-13 16:00:00,431.0295,432.97125,426.31863,428.91965,125369.0,0.0,-9.574951,-0.004901527
2020-08-16 16:00:00,438.40366,438.6529,438.40366,438.63986,23.0,0.0,44.05249,0.022662053
2020-08-17 16:00:00,441.506,441.506,441.26993,441.26993,9.0,0.0,11.919556,0.005995932
2020-08-18 16:00:00,441.506,442.72708,424.62717,425.50665,130401.0,0.0,-71.43994,-0.03572247
2020-08-19 16:00:00,425.3844,431.44302,424.68582,429.4519,133761.0,0.0,17.880005,0.0092718415
2020-08-20 16:00:00,429.50153,431.5657,421.73572,427.99072,122194.0,0.0,-6.6220703,-0.0034023891
2020-08-23 16:00:00,426.3694,426.44977,426.3694,426.44977,8.0,0.0,-6.9837646,-0.0036004763
2020-08-24 16:00:00,425.34778,425.34778,425.34778,425.34778,1.0,0.0,-4.9942627,-0.0025840935
2020-08-25 16:00:00,430.7758,430.7758,430.7758,430.7758,1.0,0.0,24.600098,0.012761373
2020-08-26 16:00:00,430.7758,436.0714,421.433,425.75378,122181.0,0.0,-22.76001,-0.011658049
2020-08-27 16:00:00,425.7518,435.52505,424.33157,433.4796,124708.0,0.0,35.013916,0.01814625
2020-08-30 16:00:00,434.1076,434.1076,434.1076,434.1076,1.0,0.0,2.8460693,0.0014487102
2020-08-31 16:00:00,434.59302,434.59302,434.59302,434.59302,1.0,0.0,2.1999512,0.0011182022
2020-09-01 16:00:00,434.59302,435.40726,426.41132,428.52295,122686.0,0.0,-27.51001,-0.013967308
2020-09-02 16:00:00,428.59335,430.49557,424.00848,425.9016,123018.0,0.0,-11.880005,-0.0061171236
2020-09-03 16:00:00,426.13528,430.04764,422.8573,426.68668,121959.0,0.0,3.5579834,0.0018433142
2020-09-06 16:00:00,426.0532,428.36188,424.60013,425.40073,86705.0,0.0,-5.828003,-0.0030138069
2020-09-07 16:00:00,425.64456,428.2438,420.6391,426.06842,119840.0,0.0,3.026001,0.0015695514
2020-09-08 16:00:00,426.27585,430.46246,423.63113,429.4519,114440.0,0.0,15.334106,0.0079411585
2020-09-09 16:00:00,431.27005,431.45264,429.29742,429.29742,13.0,0.0,-0.70007324,-0.00035969442
2020-09-10 16:00:00,429.29742,431.30093,427.39984,427.99228,113272.0,0.0,-5.914917,-0.0030401507
2020-09-13 16:00:00,428.31906,433.02643,427.3822,431.5922,108021.0,0.0,16.314941,0.008411129
2020-09-14 16:00:00,431.2877,431.5431,431.2171,431.48474,45.0,0.0,-0.48693848,-0.00024894605
2020-09-15 16:00:00,432.21002,432.21002,432.21002,432.21002,1.0,0.0,3.2869873,0.0016808823
2020-09-16 16:00:00,428.5362,429.04465,428.2361,428.92233,55.0,0.0,-14.900024,-0.0076067103
2020-09-17 16:00:00,428.5362,432.49023,428.2361,430.08316,114967.0,0.0,5.2609863,0.0027064078
2020-09-20 16:00:00,430.3292,431.5304,415.39468,421.79532,123089.0,0.0,-37.561035,-0.01927036
2020-09-21 16:00:00,421.96237,423.619,418.04425,419.1475,126748.0,0.0,-12.0,-0.006277464
2020-09-22 16:00:00,419.2241,420.51776,409.45654,411.10214,135002.0,0.0,-36.462036,-0.019194586
2020-09-23 16:00:00,411.13483,414.15927,407.89432,412.04654,136167.0,0.0,4.2800293,0.0022972154
2020-09-24 16:00:00,412.0,413.75702,408.75003,410.67563,125529.0,0.0,-6.2130127,-0.0033270605
2020-09-27 16:00:00,410.02362,415.48914,407.9548,415.0763,122633.0,0.0,19.944092,0.010715688
2020-09-28 16:00:00,415.0317,419.0041,413.7857,418.64,122519.0,0.0,16.151001,0.00858571
2020-09-29 16:00:00,418.6504,419.74768,415.10034,416.09372,124608.0,0.0,-11.540039,-0.006082348
2020-09-30 16:00:00,420.4714,420.4714,420.4714,420.4714,1.0,0.0,19.839966,0.010520939
2020-10-01 16:00:00,420.4714,422.99344,416.95267,418.8781,120932.0,0.0,-7.2209473,-0.0037893301
2020-10-04 16:00:00,421.9277,421.9277,421.9277,421.9277,1.0,0.0,13.820923,0.007280381
2020-10-05 16:00:00,421.9277,423.81427,413.6246,414.34393,119163.0,0.0,-34.369995,-0.01797406
2020-10-06 16:00:00,416.3673,416.3673,416.3673,416.3673,1.0,0.0,9.170044,0.0048833196
2020-10-07 16:00:00,417.77948,417.77948,417.77948,417.77948,1.0,0.0,6.4000244,0.0033916398
2020-10-08 16:00:00,417.77948,425.94662,417.60294,425.82285,120064.0,0.0,36.453003,0.019252669
2020-10-11 16:00:00,424.08347,424.1545,424.08347,424.1543,7.0,0.0,-7.5620117,-0.003918439
2020-10-12 16:00:00,424.08347,424.8844,416.23227,417.23227,123266.0,0.0,-31.370972,-0.016319575
2020-10-13 16:00:00,419.08353,419.37256,419.08353,419.37256,12.0,0.0,9.699951,0.005129752
2020-10-14 16:00:00,420.7693,420.90137,420.7362,420.7362,8.0,0.0,6.1800537,0.003251599
2020-10-15 16:00:00,420.7693,422.29398,418.57382,419.0299,116162.0,0.0,-7.733032,-0.0040555024
2020-10-18 16:00:00,418.92465,423.29794,418.5491,420.1221,118124.0,0.0,4.949951,0.0026065174
2020-10-19 16:00:00,420.01663,422.34473,418.04425,420.59497,119825.0,0.0,2.1430664,0.00112555
2020-10-20 16:00:00,420.92352,426.14743,420.92154,424.57858,121797.0,0.0,18.053955,0.009471375
2020-10-21 16:00:00,424.4727,424.97046,418.04425,420.095,120496.0,0.0,-20.319946,-0.010560128
2020-10-22 16:00:00,420.03607,422.3734,417.9659,419.47073,115975.0,0.0,-2.8291016,-0.0014859553
2020-10-25 16:00:00,419.9522,421.12454,417.2969,419.60864,119864.0,0.0,0.625,0.0003287631
2020-10-26 16:00:00,419.48886,421.74234,418.7062,420.95197,113976.0,0.0,6.0880127,0.0032013697
2020-10-27 16:00:00,420.95883,421.63425,412.47263,414.01297,120754.0,0.0,-31.447998,-0.016484099
2020-10-28 16:00:00,414.0103,415.91937,410.16705,412.04654,120392.0,0.0,-8.911987,-0.004749691
2020-10-29 16:00:00,411.8945,416.96085,411.29236,414.5997,123443.0,0.0,11.571045,0.00619628
2020-11-01 16:00:00,414.08533,418.34213,413.3572,418.15457,119362.0,0.0,16.110962,0.008574272
2020-11-02 16:00:00,417.77948,421.5548,416.33972,421.23047,113841.0,0.0,13.940063,0.007355846
2020-11-03 16:00:00,421.06717,422.82797,415.33026,419.84277,136094.0,0.0,-6.2890625,-0.0032943587
2020-11-04 16:00:00,419.86398,430.86182,419.67706,430.01895,127669.0,0.0,46.11902,0.024238074
2020-11-05 16:00:00,429.81155,432.53305,426.9806,430.44135,126100.0,0.0,1.9143066,0.0009822649
2020-11-08 16:00:00,431.85696,433.6972,408.20325,410.95364,137659.0,0.0,-88.319336,-0.04527376
2020-11-09 16:00:00,410.54214,417.10074,410.3497,414.05933,134078.0,0.0,14.075073,0.0075572287
2020-11-10 16:00:00,414.1167,415.80026,409.59885,411.56042,116308.0,0.0,-11.325073,-0.006035082
2020-11-11 16:00:00,411.53506,415.66013,410.89517,414.08887,119270.0,0.0,11.458984,0.0061435197
2020-11-12 16:00:00,413.97104,418.5215,413.38852,416.85272,113212.0,0.0,12.526001,0.006674575
2020-11-15 16:00:00,415.242,419.01624,411.43005,416.65637,116861.0,0.0,-0.8898926,-0.00047104203
2020-11-16 16:00:00,416.47986,417.80597,414.10785,414.8135,114333.0,0.0,-8.352051,-0.0044230293
2020-11-17 16:00:00,414.72964,415.8819,411.21954,413.07962,115655.0,0.0,-7.858032,-0.0041798977
2020-11-18 16:00:00,413.29147,413.51212,408.77252,411.6531,115670.0,0.0,-6.464966,-0.003453323
2020-11-19 16:00:00,411.77777,414.77423,410.49802,412.79233,112384.0,0.0,5.162964,0.002767403
2020-11-22 16:00:00,412.75262,413.97327,403.94467,405.38666,111932.0,0.0,-33.56299,-0.017940467
2020-11-23 16:00:00,405.44513,405.77167,397.19278,398.72632,128626.0,0.0,-30.184937,-0.016429545
2020-11-24 16:00:00,398.7594,401.05728,397.45758,398.8256,118886.0,0.0,0.44995117,0.00024899762
2020-11-25 16:00:00,398.6888,401.1923,398.443,398.9624,85027.0,0.0,0.6199951,0.0003430125
2020-11-26 16:00:00,399.55267,400.20578,391.4338,394.4126,97902.0,0.0,-20.619995,-0.011404107
2020-11-29 16:00:00,394.7877,394.93112,389.3126,392.02957,123798.0,0.0,-10.800049,-0.0060419855
2020-11-30 16:00:00,391.9916,400.999,391.69858,400.47937,118779.0,0.0,38.295044,0.02155403
2020-12-01 16:00:00,400.4933,404.34628,398.67117,403.84717,117636.0,0.0,15.263062,0.008409424
2020-12-02 16:00:00,403.77258,406.84515,402.33395,406.16223,117056.0,0.0,10.491943,0.005732494
2020-12-03 16:00:00,405.9888,407.7893,403.58063,405.60687,108527.0,0.0,-2.5169678,-0.0013673599
2020-12-06 16:00:00,405.48438,412.28418,401.90808,410.88968,116586.0,0.0,23.942017,0.013024473
2020-12-07 16:00:00,410.94595,413.7769,410.2553,412.63235,112728.0,0.0,7.897949,0.0042412495
2020-12-08 16:00:00,412.73917,412.78836,402.8388,405.8361,121057.0,0.0,-30.801025,-0.016470494
2020-12-09 16:00:00,405.8423,408.19,403.4372,405.23285,121105.0,0.0,-2.7340088,-0.0014864625
2020-12-10 16:00:00,405.1362,407.68253,402.4917,405.83084,114117.0,0.0,2.710083,0.0014756477
2020-12-13 16:00:00,406.04086,406.26175,401.46017,403.0559,112540.0,0.0,-12.57605,-0.006837604
2020-12-14 16:00:00,403.15424,409.38593,402.70905,408.87183,115917.0,0.0,26.358032,0.014429538
2020-12-15 16:00:00,408.81534,411.65732,407.01172,411.2438,119094.0,0.0,10.75,0.005801309
2020-12-16 16:00:00,411.2524,418.39508,410.78485,415.90903,119765.0,0.0,21.142944,0.01134412
2020-12-17 16:00:00,415.8929,416.96085,414.13876,415.09637,115460.0,0.0,-3.6829834,-0.001953917
2020-12-20 16:00:00,413.0355,420.70532,409.28665,413.92252,129771.0,0.0,-5.3199463,-0.0028278935
2020-12-21 16:00:00,414.10565,415.74594,410.03467,410.2972,124906.0,0.0,-16.430054,-0.008758398
2020-12-22 16:00:00,410.61057,414.48074,409.8096,413.25613,118597.0,0.0,13.410034,0.007211673
2020-12-23 16:00:00,413.20737,415.56967,412.43973,414.5955,91825.0,0.0,6.0699463,0.0032409346
2020-12-24 16:00:00,414.5955,414.5955,414.5955,414.5955,102.0,0.0,0.0,0.0
2020-12-27 16:00:00,415.33313,419.2722,412.51697,413.37088,119140.0,0.0,-5.5499268,-0.002953707
2020-12-28 16:00:00,413.2601,416.23492,412.97702,414.2601,112445.0,0.0,4.029907,0.0021510965
2020-12-29 16:00:00,414.3594,418.00787,413.89603,417.96704,108185.0,0.0,16.800049,0.008948334
2020-12-30 16:00:00,417.91937,419.44757,415.97012,418.7554,106516.0,0.0,3.572998,0.0018862336
2020-12-31 16:00:00,418.7724,418.7724,418.7724,418.7724,1.0,0.0,0.07702637,4.0586696e-05
2021-01-03 16:00:00,420.1272,429.03046,420.05215,428.68402,127488.0,0.0,44.91992,0.023668224
2021-01-04 16:00:00,428.39496,430.917,426.73788,430.15353,125714.0,0.0,6.660034,0.0034280245
2021-01-05 16:00:00,430.01785,432.29605,419.41452,423.26,134623.0,0.0,-31.241943,-0.016025783
2021-01-06 16:00:00,423.45438,425.3412,420.72296,422.15277,127306.0,0.0,-5.0180664,-0.0026159768
2021-01-07 16:00:00,422.42792,423.0795,403.39084,407.83917,129211.0,0.0,-64.869995,-0.033906188
2021-01-10 16:00:00,408.0415,409.64078,400.9412,406.68076,134857.0,0.0,-5.25,-0.002840371
2021-01-11 16:00:00,407.0113,411.19528,405.3789,409.18845,127317.0,0.0,11.36499,0.0061662365
2021-01-12 16:00:00,409.111,411.0739,406.448,407.06137,123314.0,0.0,-9.640015,-0.005198273
2021-01-13 16:00:00,407.22247,409.8493,403.69162,407.2913,125975.0,0.0,1.0419922,0.000564819
2021-01-14 16:00:00,407.22137,409.67938,402.1574,403.31982,124893.0,0.0,-17.998901,-0.00975092
2021-01-17 16:00:00,403.4919,406.1534,398.42294,405.33258,106330.0,0.0,9.121948,0.004990485
2021-01-18 16:00:00,405.46454,407.17502,404.43454,405.95264,118097.0,0.0,2.8100586,0.0015297082
2021-01-19 16:00:00,405.9138,413.03772,404.34253,413.03772,126639.0,0.0,32.109985,0.017452976
2021-01-20 16:00:00,412.71515,413.73495,410.04016,412.55338,124858.0,0.0,-2.1950684,-0.0011726356
2021-01-21 16:00:00,412.5708,412.8038,405.3767,409.34665,126186.0,0.0,-14.532959,-0.0077728205
2021-01-24 16:00:00,409.36078,412.13742,407.55014,409.43887,126345.0,0.0,0.41796875,0.00022529798
2021-01-25 16:00:00,409.32062,410.78705,407.83145,408.27383,121000.0,0.0,-5.2800293,-0.0028454566
2021-01-26 16:00:00,408.18295,408.87402,404.05722,406.81976,124973.0,0.0,-6.589966,-0.0035615277
2021-01-27 16:00:00,406.96472,411.3056,404.5184,406.50974,131993.0,0.0,-1.4050293,-0.0007620581
2021-01-28 16:00:00,406.50424,413.84967,405.82022,407.54416,138160.0,0.0,4.6879883,0.0025446045
2021-01-31 16:00:00,410.92563,412.968,407.89432,410.4495,143304.0,0.0,13.167114,0.0071288696
2021-02-01 16:00:00,410.50198,411.31882,403.66666,405.46277,136169.0,0.0,-22.600098,-0.012149414
2021-02-02 16:00:00,405.3357,407.08673,403.6508,404.60773,128284.0,0.0,-3.875,-0.0021087518
2021-02-03 16:00:00,404.40366,404.84274,393.82788,395.7784,130895.0,0.0,-40.015015,-0.021821948
2021-02-04 16:00:00,395.7784,400.50388,395.27313,400.24527,125107.0,0.0,20.244019,0.011286242
2021-02-07 16:00:00,400.90747,405.78824,398.8256,403.85645,127596.0,0.0,16.366089,0.009022428
2021-02-08 16:00:00,403.83215,407.88333,403.32687,405.50912,125889.0,0.0,7.48999,0.0040922198
2021-02-09 16:00:00,405.4054,409.365,404.62872,406.5925,123466.0,0.0,4.909912,0.0026716392
2021-02-10 16:00:00,406.62558,407.6492,401.6058,402.73663,117323.0,0.0,-17.474976,-0.009483354
2021-02-11 16:00:00,402.83923,403.93698,399.46548,402.4498,114344.0,0.0,-1.2999268,-0.0007122008
2021-02-14 16:00:00,402.52814,403.13492,400.50253,401.0233,94807.0,0.0,-6.465088,-0.0035446018
2021-02-15 16:00:00,401.27924,403.00253,394.74356,395.94568,128605.0,0.0,-23.011963,-0.012661606
2021-02-16 16:00:00,395.9064,396.10278,390.4442,391.85306,132124.0,0.0,-18.547974,-0.0103363115
2021-02-17 16:00:00,391.59488,394.84726,390.1695,391.78464,133054.0,0.0,-0.3100586,-0.00017459237
2021-02-18 16:00:00,391.64563,395.2952,388.43298,393.68774,136136.0,0.0,8.625,0.0048575406
2021-02-21 16:00:00,393.1946,399.93768,392.86804,399.2007,139005.0,0.0,24.984985,0.0140033495
2021-02-22 16:00:00,399.2338,400.70334,396.1897,398.29163,134709.0,0.0,-4.119995,-0.002277247
2021-02-23 16:00:00,398.1714,400.19363,393.48587,398.24088,134873.0,0.0,-0.22998047,-0.00012740736
2021-02-24 16:00:00,398.13275,398.36444,389.57593,390.50464,140776.0,0.0,-35.061035,-0.01942601
2021-02-25 16:00:00,390.38794,391.8089,378.81262,382.4732,146379.0,0.0,-36.398926,-0.020566817
2021-02-28 16:00:00,383.38007,388.28714,379.38632,380.4869,139495.0,0.0,-9.002075,-0.005193335
2021-03-01 16:00:00,380.4322,383.72562,376.6613,383.49042,138683.0,0.0,13.612061,0.00789385
2021-03-02 16:00:00,383.3845,384.0383,375.48077,377.43137,134522.0,0.0,-27.45996,-0.015799748
2021-03-03 16:00:00,377.04742,380.174,373.00067,374.50244,140954.0,0.0,-13.274048,-0.0077601504
2021-03-04 16:00:00,374.532,376.7705,372.26767,375.10037,137682.0,0.0,2.709961,0.0015966624
2021-03-07 16:00:00,375.86252,378.24554,369.9204,371.26636,138478.0,0.0,-17.375977,-0.010221307
2021-03-08 16:00:00,371.33478,379.648,370.71475,378.5765,133288.0,0.0,33.130005,0.019689769
2021-03-09 16:00:00,378.51035,381.00146,376.82678,380.92422,132204.0,0.0,10.640015,0.0062014507
2021-03-10 16:00:00,380.91983,383.8986,379.3201,379.973,132433.0,0.0,-4.311035,-0.0024971676
2021-03-11 16:00:00,379.92468,381.5361,374.88504,380.99463,130764.0,0.0,4.630005,0.002688645
2021-03-14 16:00:00,381.74063,382.16498,381.74063,382.0628,125.0,0.0,4.8410645,0.002803669
2021-03-15 16:00:00,381.63913,381.85318,381.63913,381.85318,107.0,0.0,-0.95007324,-0.00054869003
2021-03-16 16:00:00,385.046,385.0526,385.046,385.0526,99.0,0.0,14.5,0.008378694
2021-03-17 16:00:00,383.1153,383.12192,383.1153,383.12192,108.0,0.0,-8.75,-0.005014097
2021-03-18 16:00:00,383.1153,385.44757,381.15152,385.07248,127403.0,0.0,8.840088,0.005091249
2021-03-21 16:00:00,383.67352,383.67352,383.66693,383.67352,97.0,0.0,-6.340088,-0.003632934
2021-03-22 16:00:00,381.22873,381.23535,381.01913,381.22873,96.0,0.0,-11.079956,-0.0063720755
2021-03-23 16:00:00,381.22873,383.57425,380.39447,382.62985,121867.0,0.0,6.3499756,0.0036752862
2021-03-24 16:00:00,381.0412,381.04782,381.0412,381.0412,75.0,0.0,-7.199951,-0.004151982
2021-03-25 16:00:00,381.0412,383.21017,379.8276,382.29446,118817.0,0.0,5.6799316,0.0032890912
2021-03-28 16:00:00,377.76013,377.76013,377.75348,377.75348,107.0,0.0,-20.579956,-0.011878215
2021-03-29 16:00:00,371.82242,371.82242,371.8158,371.8158,107.0,0.0,-26.910034,-0.015718479
2021-03-30 16:00:00,376.76498,376.76498,376.75836,376.76498,106.0,0.0,22.430054,0.013310893
2021-03-31 16:00:00,376.76498,381.83112,376.2972,381.67862,119617.0,0.0,22.26892,0.013041675
2021-04-01 16:00:00,381.6811,383.43967,381.5928,382.78873,1018.0,0.0,5.031006,0.0029084508
2021-04-04 16:00:00,381.44254,382.49084,379.73935,381.2967,103790.0,0.0,-6.761963,-0.0038977894
2021-04-05 16:00:00,384.52966,384.80988,384.4745,384.80325,65.0,0.0,15.891968,0.009196432
2021-04-06 16:00:00,383.33597,383.33597,383.33597,383.33597,1.0,0.0,-6.6499023,-0.0038131268
2021-04-07 16:00:00,387.36063,387.36063,387.36063,387.36063,1.0,0.0,18.23999,0.010499044
2021-04-08 16:00:00,387.36063,387.75027,381.9679,384.73688,120884.0,0.0,-11.890991,-0.0067734094
2021-04-11 16:00:00,384.67267,385.0217,380.97498,382.2989,117512.0,0.0,-11.049072,-0.0063367523
2021-04-12 16:00:00,382.2148,385.88666,380.11444,385.06122,127872.0,0.0,12.519043,0.007225582
2021-04-13 16:00:00,385.03848,386.0014,382.1665,383.02396,125067.0,0.0,-9.233032,-0.005290775
2021-04-14 16:00:00,383.06653,390.49384,382.5637,389.11697,124917.0,0.0,27.614014,0.015907735
2021-04-15 16:00:00,389.16,393.59842,388.23438,391.98236,122718.0,0.0,12.985962,0.0073637436
2021-04-18 16:00:00,392.32083,394.97305,389.80762,390.7935,125806.0,0.0,-5.3879395,-0.0030329197
2021-04-19 16:00:00,390.55783,392.8504,389.02872,392.43954,127644.0,0.0,7.459961,0.0042120544
2021-04-20 16:00:00,395.64822,395.64822,395.64822,395.64822,2.0,0.0,14.541992,0.008176282
2021-04-21 16:00:00,393.50793,393.50793,393.50793,393.50793,1.0,0.0,-9.699951,-0.005409599
2021-04-22 16:00:00,393.50793,396.24133,390.48502,391.96515,124252.0,0.0,-6.9920654,-0.0039206375
2021-04-25 16:00:00,391.62952,393.52338,390.2423,392.97726,123209.0,0.0,4.587036,0.0025821975
2021-04-26 16:00:00,392.1024,392.1024,392.1024,392.1024,1.0,0.0,-3.9649658,-0.0022262644
2021-04-27 16:00:00,392.1024,393.31818,388.85223,393.0203,120552.0,0.0,4.159912,0.0023409352
2021-04-28 16:00:00,393.0684,394.9532,387.47754,390.9263,125799.0,0.0,-9.48999,-0.0053278934
2021-04-29 16:00:00,391.05142,391.3698,389.22733,390.28204,122259.0,0.0,-2.9199219,-0.0016480905
2021-05-02 16:00:00,395.5666,395.5666,395.229,395.55997,88.0,0.0,23.919922,0.013523401
2021-05-03 16:00:00,392.47308,392.49954,392.47308,392.49954,57.0,0.0,-13.869995,-0.0077369306
2021-05-04 16:00:00,392.47308,394.5141,390.59314,394.17297,120037.0,0.0,7.5839844,0.004263468
2021-05-05 16:00:00,400.3481,400.3481,400.3481,400.3481,1.0,0.0,27.986084,0.01566607
2021-05-06 16:00:00,400.3481,406.6867,399.95093,403.93588,123171.0,0.0,16.26001,0.008961646
2021-05-09 16:00:00,404.60178,407.15958,403.74612,405.04794,131187.0,0.0,5.039917,0.00275306
2021-05-10 16:00:00,405.4076,405.4076,405.401,405.4076,108.0,0.0,1.6300049,0.00088794733
2021-05-11 16:00:00,405.4076,406.78183,399.88474,400.518,131726.0,0.0,-22.159912,-0.012060932
2021-05-12 16:00:00,402.98486,403.02017,402.98486,403.02017,82.0,0.0,11.339966,0.0062473295
2021-05-13 16:00:00,402.98486,407.3118,401.4337,406.58478,122798.0,0.0,16.15503,0.008844753
2021-05-16 16:00:00,406.99805,412.27646,406.1931,411.844,123124.0,0.0,23.83496,0.012935048
2021-05-17 16:00:00,411.78616,413.70187,411.09375,412.39075,117528.0,0.0,2.4780273,0.0013276332
2021-05-18 16:00:00,412.51587,417.0169,408.44595,412.50592,126409.0,0.0,0.52197266,0.0002792824
2021-05-19 16:00:00,413.84967,413.94727,413.82983,413.84485,9.0,0.0,6.067993,0.003245784
2021-05-20 16:00:00,413.84967,416.89688,412.52798,415.00256,119572.0,0.0,5.2469482,0.002797525
2021-05-23 16:00:00,414.82056,415.03015,414.72568,415.03015,15.0,0.0,0.125,6.6460554e-05
2021-05-24 16:00:00,419.0129,419.09454,418.88272,419.06027,12.0,0.0,18.264648,0.009710384
2021-05-25 16:00:00,419.0129,422.04245,417.12195,418.41937,124047.0,0.0,-2.904541,-0.001529346
2021-05-26 16:00:00,418.41937,418.41937,418.41937,418.41937,1.0,0.0,0.0,0.0
2021-05-27 16:00:00,418.41937,420.5043,415.28613,420.01468,115970.0,0.0,7.2299805,0.0038126775
2021-05-30 16:00:00,419.9723,421.57465,419.4123,420.3037,86975.0,0.0,1.3099365,0.00068816176
2021-05-31 16:00:00,420.87012,422.88312,417.53677,419.2552,117298.0,0.0,-4.751953,-0.0024946732
2021-06-01 16:00:00,419.19824,421.23267,417.77948,420.9423,112160.0,0.0,7.645996,0.0040240223
2021-06-02 16:00:00,412.4839,412.69568,412.46182,412.69568,7.0,0.0,-37.374023,-0.019590793
2021-06-03 16:00:00,412.4839,418.38187,409.408,417.15833,120496.0,0.0,20.224976,0.010813413
2021-06-06 16:00:00,416.45557,419.2556,414.9772,418.971,108695.0,0.0,8.215088,0.0043452624
2021-06-07 16:00:00,417.57867,417.69464,417.57748,417.693,15.0,0.0,-5.791992,-0.0030503434
2021-06-08 16:00:00,416.6527,416.65927,416.41144,416.41144,13.0,0.0,-5.8081055,-0.0030681884
2021-06-09 16:00:00,418.8259,418.82993,418.5076,418.78558,30.0,0.0,10.759766,0.0057014446
2021-06-10 16:00:00,418.8259,419.88007,413.5209,414.1006,116481.0,0.0,-21.232666,-0.011187101
2021-06-13 16:00:00,411.73364,411.7338,411.42474,411.42474,16.0,0.0,-12.127075,-0.0064618215
2021-06-14 16:00:00,410.1251,410.12744,409.76987,410.12125,35.0,0.0,-5.9074707,-0.0031682241
2021-06-15 16:00:00,399.8015,399.8015,399.5648,399.75748,40.0,0.0,-46.96924,-0.025270043
2021-06-16 16:00:00,391.2816,391.28375,390.8579,391.2693,17.0,0.0,-38.468994,-0.021233372
2021-06-17 16:00:00,391.2816,396.5198,388.49915,389.1962,127922.0,0.0,-9.395264,-0.0052983174
2021-06-20 16:00:00,393.40936,393.41415,393.30713,393.30713,33.0,0.0,18.630981,0.010562625
2021-06-21 16:00:00,393.40936,394.97964,391.04547,392.39365,122263.0,0.0,-4.1400146,-0.0023226019
2021-06-22 16:00:00,392.4786,392.48492,392.2656,392.4052,15.0,0.0,0.052490234,2.9516257e-05
2021-06-23 16:00:00,391.69373,391.70428,391.69373,391.69852,22.0,0.0,-3.2028809,-0.0018009876
2021-06-24 16:00:00,391.69373,395.02048,391.1249,393.11298,112326.0,0.0,6.4104004,0.003611087
2021-06-27 16:00:00,392.3624,392.3673,392.18402,392.18402,26.0,0.0,-4.209961,-0.0023630094
2021-06-28 16:00:00,388.58426,388.5864,388.48813,388.48813,18.0,0.0,-16.75,-0.009423877
2021-06-29 16:00:00,390.50528,390.50873,390.49826,390.5057,17.0,0.0,9.143677,0.0051933527
2021-06-30 16:00:00,391.9906,392.00323,391.8376,391.8376,25.0,0.0,6.036255,0.003410711
2021-07-01 16:00:00,391.9906,396.08292,391.2794,394.12573,119020.0,0.0,10.369995,0.00583952
2021-07-04 16:00:00,395.32236,395.32785,395.31543,395.32785,31.0,0.0,5.447998,0.0030500493
2021-07-05 16:00:00,396.44257,396.4845,396.34415,396.42804,24.0,0.0,4.986084,0.0027829597
2021-07-06 16:00:00,397.92316,397.92426,397.92316,397.92316,5.0,0.0,6.776001,0.0037714976
2021-07-07 16:00:00,397.72015,397.7378,397.71167,397.7356,36.0,0.0,-0.8499756,-0.00047131575
2021-07-08 16:00:00,397.72015,399.89133,396.3764,398.9465,126099.0,0.0,5.487915,0.0030445117
2021-07-11 16:00:00,398.4698,398.4749,398.4698,398.4748,16.0,0.0,-2.1379395,-0.0011824573
2021-07-12 16:00:00,398.81348,398.8194,398.691,398.73734,28.0,0.0,1.1899414,0.0006589151
2021-07-13 16:00:00,403.1441,403.16315,402.8878,403.16315,26.0,0.0,20.057983,0.0110995425
2021-07-14 16:00:00,403.60855,403.6149,403.499,403.499,30.0,0.0,1.5220947,0.00083303946
2021-07-15 16:00:00,403.60855,404.23376,399.11246,399.8097,124582.0,0.0,-16.720093,-0.0091432575
2021-07-18 16:00:00,399.89908,399.89914,399.88474,399.89355,25.0,0.0,0.38000488,0.00020972035
2021-07-19 16:00:00,399.38065,399.39368,399.37823,399.39368,26.0,0.0,-2.265503,-0.001250043
2021-07-20 16:00:00,397.9034,397.9035,397.80008,397.8028,28.0,0.0,-7.209961,-0.00398324
2021-07-21 16:00:00,398.64798,398.6492,398.64172,398.64688,27.0,0.0,3.8254395,0.0021218674
2021-07-22 16:00:00,398.64798,399.44565,394.93332,397.5635,117700.0,0.0,-4.909912,-0.0027176286
2021-07-25 16:00:00,397.60718,399.706,396.1337,396.5882,121026.0,0.0,-4.420044,-0.002453154
2021-07-26 16:00:00,396.56836,398.31808,395.5379,396.88165,120839.0,0.0,1.329956,0.00073994976
2021-07-27 16:00:00,396.89218,399.3375,395.4982,398.67776,122928.0,0.0,8.140015,0.004525524
2021-07-28 16:00:00,398.6874,404.3794,398.31808,403.26068,120574.0,0.0,20.77002,0.011495282
2021-07-29 16:00:00,403.3379,404.06384,399.2007,400.22894,117883.0,0.0,-13.73999,-0.007518051
2021-08-01 16:00:00,400.23294,401.47342,398.36224,400.11752,118894.0,0.0,-0.5050049,-0.0002784145
2021-08-02 16:00:00,400.12305,400.47034,398.70203,399.4335,110694.0,0.0,-3.0999756,-0.001709525
2021-08-03 16:00:00,399.45667,404.16974,398.57184,399.68616,110662.0,0.0,1.1450195,0.0006325184
2021-08-04 16:00:00,399.68393,400.44077,396.67426,398.02243,113869.0,0.0,-7.540039,-0.0041625476
2021-08-05 16:00:00,398.05527,398.22543,387.9696,388.93826,116281.0,0.0,-41.170044,-0.022823304
2021-08-08 16:00:00,389.00977,389.33765,370.74344,381.54428,129057.0,0.0,-33.509888,-0.019010654
2021-08-09 16:00:00,381.60657,383.5522,378.74643,381.43835,120102.0,0.0,-0.48010254,-0.00027764752
2021-08-10 16:00:00,381.44485,387.10245,380.33508,386.45947,119849.0,0.0,22.756104,0.013163709
2021-08-11 16:00:00,386.44934,387.9343,384.27594,386.71188,117451.0,0.0,1.1439209,0.00065312564
2021-08-12 16:00:00,386.67807,392.80847,386.29266,392.53665,114852.0,0.0,26.398071,0.015062234
2021-08-15 16:00:00,392.63196,394.77448,390.52914,394.2802,123867.0,0.0,7.9019775,0.0044418136
2021-08-16 16:00:00,394.35727,396.1778,392.73566,394.02426,118839.0,0.0,-1.1600342,-0.00064918806
2021-08-17 16:00:00,394.07178,395.8049,392.16153,394.48938,120764.0,0.0,2.1080322,0.001180481
2021-08-18 16:00:00,394.43024,395.48322,391.4338,392.7811,127709.0,0.0,-7.7420654,-0.004330382
2021-08-19 16:00:00,392.79413,394.61783,392.22815,392.8899,115508.0,0.0,0.493042,0.00027697338
2021-08-22 16:00:00,392.64124,398.5818,391.85306,398.33002,114077.0,0.0,24.65503,0.01384648
2021-08-23 16:00:00,398.31653,399.27133,397.0604,397.75015,111829.0,0.0,-2.6280518,-0.0014557794
2021-08-24 16:00:00,397.74677,397.84238,393.30713,395.0503,114702.0,0.0,-12.235962,-0.006787854
2021-08-25 16:00:00,395.11594,396.77133,392.73566,395.42978,115806.0,0.0,1.7199707,0.0009606682
2021-08-26 16:00:00,395.4412,401.4017,393.82565,400.88315,119040.0,0.0,24.714966,0.013790987
2021-08-29 16:00:00,400.88647,402.2779,398.67117,399.44476,110985.0,0.0,-6.518921,-0.0035880841
2021-08-30 16:00:00,399.41364,401.4028,397.51935,400.10977,119748.0,0.0,3.013916,0.0016648655
2021-08-31 16:00:00,400.105,401.58154,399.0242,400.23337,116802.0,0.0,0.5600586,0.0003088581
2021-09-01 16:00:00,400.18005,400.94165,398.22986,399.26382,112239.0,0.0,-4.394043,-0.0024224552
2021-09-02 16:00:00,399.24817,404.6574,398.86972,403.2095,111039.0,0.0,17.88208,0.009882409
2021-09-05 16:00:00,403.76993,403.84763,401.62787,402.24533,76153.0,0.0,-4.369629,-0.0023912145
2021-09-06 16:00:00,402.24542,403.19888,395.42758,395.88544,118633.0,0.0,-28.823364,-0.015810965
2021-09-07 16:00:00,395.91376,397.62747,393.2573,394.65753,119793.0,0.0,-5.5650635,-0.0031017393
2021-09-08 16:00:00,394.7245,397.37152,393.5962,395.90973,119814.0,0.0,5.675049,0.0031728821
2021-09-09 16:00:00,396.05093,398.02686,394.2802,394.36407,117635.0,0.0,-7.005005,-0.0039040647
2021-09-12 16:00:00,394.54898,396.8177,393.5653,395.64822,117756.0,0.0,5.8199463,0.0032563147
2021-09-13 16:00:00,395.7352,399.0992,393.19904,398.1725,113208.0,0.0,11.440063,0.0063800476
2021-09-14 16:00:00,398.10428,398.6751,394.9863,395.7665,112407.0,0.0,-10.904053,-0.006042566
2021-09-15 16:00:00,395.7674,396.33224,385.10117,386.86636,121601.0,0.0,-40.335938,-0.022488363
2021-09-16 16:00:00,386.92703,389.98856,385.54245,387.15518,116890.0,0.0,1.30896,0.0007465693
2021-09-19 16:00:00,386.86194,389.90692,384.39374,389.21762,120541.0,0.0,9.347046,0.005327139
2021-09-20 16:00:00,389.20193,393.1328,387.81516,391.49097,115606.0,0.0,10.3029785,0.005840836
2021-09-21 16:00:00,391.4867,394.32742,389.36853,390.10992,123535.0,0.0,-6.259033,-0.0035276886
2021-09-22 16:00:00,390.09665,391.9943,383.38007,384.4745,127266.0,0.0,-25.54004,-0.014445723
2021-09-23 16:00:00,384.49854,387.8061,384.01996,386.1404,121780.0,0.0,7.550049,0.0043329825
2021-09-26 16:00:00,386.40717,388.52783,384.96875,386.05435,120910.0,0.0,-0.39001465,-0.00022286424
2021-09-27 16:00:00,386.10458,387.1157,381.06326,382.5544,125432.0,0.0,-15.861938,-0.0090659335
2021-09-28 16:00:00,382.5431,385.16293,379.8276,380.82495,121180.0,0.0,-7.8380127,-0.004520823
2021-09-29 16:00:00,380.86465,389.25378,379.93793,387.63644,111866.0,0.0,30.869995,0.01788611
2021-09-30 16:00:00,387.60223,389.27032,385.96167,388.53006,110204.0,0.0,4.0499268,0.0023052993
2021-10-03 16:00:00,388.7834,390.6483,385.41006,390.3747,111480.0,0.0,8.359985,0.004747726
2021-10-04 16:00:00,390.4409,390.54016,385.81387,388.33325,108644.0,0.0,-9.251953,-0.005229456
2021-10-05 16:00:00,388.33926,389.47223,385.16733,388.90823,113458.0,0.0,2.605957,0.0014807011
2021-10-06 16:00:00,388.86914,389.87384,386.49124,387.3297,103018.0,0.0,-7.1539307,-0.0040588435
2021-10-07 16:00:00,387.33655,393.0313,386.64572,387.68054,103710.0,0.0,1.5899658,0.00090575696
2021-10-10 16:00:00,387.68475,388.54773,386.00583,387.0376,102706.0,0.0,-2.9139404,-0.0016584843
2021-10-11 16:00:00,386.99118,390.378,386.0941,388.3266,107927.0,0.0,5.841919,0.0033304822
2021-10-12 16:00:00,388.2956,396.3146,387.86368,395.5851,107679.0,0.0,32.895996,0.018691778
2021-10-13 16:00:00,395.54544,397.2612,394.1699,396.2321,100910.0,0.0,2.9320068,0.0016354216
2021-10-14 16:00:00,396.18994,396.37088,389.33765,389.944,103793.0,0.0,-28.497925,-0.015869686
2021-10-17 16:00:00,389.97092,391.00357,388.14612,389.39633,110170.0,0.0,-2.4820557,-0.001404475
2021-10-18 16:00:00,389.3553,393.82788,388.7176,390.33643,111641.0,0.0,4.260498,0.0024142
2021-10-19 16:00:00,390.33044,394.55823,389.6068,393.096,109503.0,0.0,12.506592,0.0070697595
2021-10-20 16:00:00,393.15985,394.79654,391.76257,393.30713,121183.0,0.0,0.9569092,0.0005371268
2021-10-21 16:00:00,393.3259,400.23114,393.1328,395.4607,110555.0,0.0,9.76001,0.005475492
2021-10-24 16:00:00,395.5174,399.38385,395.229,398.84503,106033.0,0.0,15.338013,0.008557965
2021-10-25 16:00:00,398.81967,399.00653,393.2586,395.43643,103750.0,0.0,-15.447998,-0.008546194
2021-10-26 16:00:00,395.5379,396.97214,393.35345,396.39844,108104.0,0.0,4.3599854,0.0024328374
2021-10-27 16:00:00,396.4079,399.4346,395.40552,396.8596,111534.0,0.0,2.0899658,0.0011633541
2021-10-28 16:00:00,396.86856,397.41565,390.9263,393.3901,116980.0,0.0,-15.723999,-0.008742403
2021-10-31 16:00:00,393.3729,396.22635,392.33847,395.6588,104643.0,0.0,10.281982,0.005767109
2021-11-01 16:00:00,395.63333,396.3808,393.9051,394.4876,98115.0,0.0,-5.3079834,-0.002960148
2021-11-02 16:00:00,394.38303,394.57477,388.06668,390.48038,104693.0,0.0,-18.16101,-0.010158074
2021-11-03 16:00:00,390.44577,396.9214,390.15625,395.36273,107297.0,0.0,22.127075,0.0125034405
2021-11-04 16:00:00,395.34048,401.183,393.87134,401.13095,107149.0,0.0,26.141968,0.014589731
2021-11-07 16:00:00,401.2104,402.9948,399.8406,402.43433,103624.0,0.0,5.9069824,0.0032492583
2021-11-08 16:00:00,402.44324,404.3783,401.34103,404.2863,108660.0,0.0,8.393066,0.004601828
2021-11-09 16:00:00,404.15442,412.2588,402.003,408.75488,108498.0,0.0,20.251953,0.011053063
2021-11-10 16:00:00,408.00623,411.71823,406.48218,410.95035,104345.0,0.0,9.949951,0.0053710938
2021-11-11 16:00:00,410.80856,412.3067,407.05588,411.71466,108017.0,0.0,3.4639893,0.00185991
2021-11-14 16:00:00,411.33868,412.65817,409.43887,411.09818,102815.0,0.0,-2.7939453,-0.0014973602
2021-11-15 16:00:00,410.98663,414.17407,407.87228,408.3151,105739.0,0.0,-12.613037,-0.006769847
2021-11-16 16:00:00,408.3713,412.17053,407.93848,411.9102,103683.0,0.0,16.29309,0.008804663
2021-11-17 16:00:00,412.00162,412.82367,409.29767,410.58694,101194.0,0.0,-5.9970703,-0.0032124866
2021-11-18 16:00:00,410.10654,411.6035,406.6353,407.50998,109818.0,0.0,-13.944946,-0.0074940477
2021-11-21 16:00:00,407.45703,407.99805,397.52377,398.32693,108550.0,0.0,-41.618042,-0.02253451
2021-11-22 16:00:00,398.13498,399.90018,392.97836,394.96423,108719.0,0.0,-15.23999,-0.008442085
2021-11-23 16:00:00,394.72693,396.36624,392.42676,394.53662,104650.0,0.0,-1.9379883,-0.0010826751
2021-11-24 16:00:00,394.5985,396.0719,393.9051,394.62,69024.0,0.0,0.3779297,0.00021136274
2021-11-25 16:00:00,394.66223,400.57977,392.872,395.36594,103568.0,0.0,3.3806152,0.0018902593
2021-11-28 16:00:00,395.35257,397.0273,392.59952,393.56088,108618.0,0.0,-8.180542,-0.004565492
2021-11-29 16:00:00,393.68445,399.06567,390.46295,390.7586,114428.0,0.0,-12.700073,-0.0071203117
2021-11-30 16:00:00,391.5993,395.79828,390.8822,392.41348,111097.0,0.0,7.5,0.004235039
2021-12-01 16:00:00,393.16702,393.48367,388.65363,390.004,106198.0,0.0,-10.919922,-0.006140169
2021-12-02 16:00:00,389.82526,394.1059,389.44797,393.36804,110055.0,0.0,15.245972,0.008625628
2021-12-05 16:00:00,393.7385,394.4457,391.7999,392.56796,105297.0,0.0,-3.6259766,-0.002033905
2021-12-06 16:00:00,392.42688,394.4501,391.04947,393.91394,98492.0,0.0,6.0999756,0.003428609
2021-12-07 16:00:00,393.58847,395.64383,392.6474,393.97525,101480.0,0.0,0.2779541,0.00015569566
2021-12-08 16:00:00,393.3911,394.43686,391.3235,391.71957,98005.0,0.0,-10.2229,-0.0057254536
2021-12-09 16:00:00,391.68427,394.7855,390.3085,393.35324,93933.0,0.0,7.4039307,0.004170535
2021-12-12 16:00:00,393.33493,395.27267,393.11075,394.32037,93441.0,0.0,4.3830566,0.0024586634
2021-12-13 16:00:00,394.16562,394.86273,389.73483,390.78598,95185.0,0.0,-16.018066,-0.0089632515
2021-12-14 16:00:00,390.702,392.93863,386.7097,392.2723,99638.0,0.0,6.736084,0.0038034108
2021-12-15 16:00:00,392.17117,396.97525,391.63242,396.97525,105204.0,0.0,21.313965,0.011988955
2021-12-16 16:00:00,396.96393,400.30396,396.06747,396.27487,102433.0,0.0,-3.1740723,-0.0017642418
2021-12-19 16:00:00,397.0622,398.07495,394.50085,394.6242,102131.0,0.0,-7.480957,-0.0041654827
2021-12-20 16:00:00,395.0377,397.25458,393.68445,394.5185,95276.0,0.0,-0.4790039,-0.00026783053
2021-12-21 16:00:00,394.8743,398.2625,393.86096,398.22766,92683.0,0.0,16.810059,0.009401704
2021-12-22 16:00:00,397.93637,399.53387,396.88388,399.0926,87994.0,0.0,3.9199219,0.0021719546
2021-12-23 16:00:00,398.90283,399.88474,397.58997,397.58997,190.0,0.0,-6.8099365,-0.0037650794
2021-12-26 16:00:00,399.0255,400.13846,397.7996,399.93216,85258.0,0.0,10.61499,0.0058909985
2021-12-27 16:00:00,399.61993,401.6102,398.11954,398.37106,84828.0,0.0,-7.0750732,-0.0039034563
2021-12-28 16:00:00,398.5252,398.85098,394.74356,398.13275,92341.0,0.0,-1.079956,-0.0005981678
2021-12-29 16:00:00,398.15152,400.95047,396.1778,400.8556,89293.0,0.0,12.339966,0.0068389713
2021-12-30 16:00:00,400.33374,403.86304,400.17157,403.65012,83987.0,0.0,12.665039,0.0069714533
2022-01-02 16:00:00,403.4831,404.15433,396.6853,397.5304,90382.0,0.0,-27.734985,-0.015160991
2022-01-03 16:00:00,397.41397,400.8547,396.81326,400.48712,104239.0,0.0,13.400024,0.0074377228
2022-01-04 16:00:00,400.3161,403.7086,398.84766,399.36575,101607.0,0.0,-5.0820312,-0.0027999708
2022-01-05 16:00:00,399.46494,399.70468,394.05957,394.4788,113651.0,0.0,-22.14795,-0.012236788
2022-01-06 16:00:00,394.74356,396.853,393.26523,396.23074,99647.0,0.0,7.9399414,0.00444118
2022-01-09 16:00:00,395.8424,397.68045,394.9863,397.38916,104453.0,0.0,5.25,0.002923586
2022-01-10 16:00:00,397.47623,402.2898,396.9942,402.22916,120380.0,0.0,21.935059,0.0121794455
2022-01-11 16:00:00,401.87445,403.3445,400.2819,403.1724,118861.0,0.0,4.2749023,0.0023450784
2022-01-12 16:00:00,402.89053,403.38425,399.81854,401.9787,117787.0,0.0,-5.409912,-0.0029607664
2022-01-13 16:00:00,402.0052,403.59387,400.21573,400.82028,120438.0,0.0,-5.25,-0.002881781
2022-01-16 16:00:00,401.0299,402.28543,399.9068,401.25717,84875.0,0.0,1.9799805,0.0010899735
2022-01-17 16:00:00,401.42267,402.18832,398.3843,400.16495,125885.0,0.0,-4.9500732,-0.002722034
2022-01-18 16:00:00,400.15005,406.72885,399.22278,406.5682,125572.0,0.0,29.02002,0.016001599
2022-01-19 16:00:00,405.99673,407.7487,405.0038,405.51132,125262.0,0.0,-4.789917,-0.0025995567
2022-01-20 16:00:00,405.69666,406.7006,403.32687,404.19403,129933.0,0.0,-5.970093,-0.0032484997
2022-01-23 16:00:00,404.7997,406.93604,403.6137,406.34314,128102.0,0.0,9.73999,0.005317082
2022-01-24 16:00:00,406.61237,409.04834,404.8317,407.61368,126880.0,0.0,5.7580566,0.003126711
2022-01-25 16:00:00,407.70337,408.2231,400.49374,401.0299,117720.0,0.0,-29.838013,-0.016151983
2022-01-26 16:00:00,401.4163,402.05594,395.14075,396.0101,129390.0,0.0,-22.75,-0.012517263
2022-01-27 16:00:00,396.5431,397.03833,392.73566,394.67297,123867.0,0.0,-6.0599365,-0.0033764984
2022-01-30 16:00:00,395.2098,397.12772,393.8389,397.06262,120050.0,0.0,10.829956,0.0060547194
2022-01-31 16:00:00,396.48892,399.1014,396.00128,397.3936,116690.0,0.0,1.5,0.00083356025
2022-02-01 16:00:00,397.46204,399.54492,395.75858,398.7594,111095.0,0.0,6.1899414,0.003436928
2022-02-02 16:00:00,398.92267,399.14774,394.61118,398.2837,113044.0,0.0,-2.1560059,-0.0011930091
2022-02-03 16:00:00,398.00922,400.454,395.42538,398.8918,119362.0,0.0,2.7561035,0.00152689
2022-02-06 16:00:00,398.6729,402.36926,398.64026,401.90897,124986.0,0.0,13.67395,0.007563862
2022-02-07 16:00:00,401.6768,403.5122,400.41428,403.11835,117314.0,0.0,5.480957,0.0030090779
2022-02-08 16:00:00,402.80835,405.07224,402.44427,404.4853,114195.0,0.0,6.1950684,0.0033909257
2022-02-09 16:00:00,404.55038,406.4138,401.9412,403.15125,118116.0,0.0,-6.0460205,-0.0032981592
2022-02-10 16:00:00,402.99646,411.59644,401.74258,410.65027,129406.0,0.0,33.985962,0.018601
2022-02-13 16:00:00,410.2405,413.5187,408.26944,413.03992,131165.0,0.0,10.830078,0.0058192126
2022-02-14 16:00:00,412.80554,414.71243,406.94556,408.9314,124036.0,0.0,-18.619995,-0.009947004
2022-02-15 16:00:00,408.9357,413.1723,408.0488,413.12683,118260.0,0.0,19.013916,0.010259491
2022-02-16 16:00:00,412.51968,419.48068,411.844,418.9145,125167.0,0.0,26.22998,0.014009392
2022-02-17 16:00:00,418.84302,419.77856,416.1246,418.55197,122180.0,0.0,-1.6429443,-0.00086537073
2022-02-20 16:00:00,419.31808,421.0451,416.46725,420.3667,112142.0,0.0,8.224487,0.0043357494
2022-02-21 16:00:00,420.44714,422.34253,417.29404,419.36374,134930.0,0.0,-4.545532,-0.002385949
2022-02-22 16:00:00,418.9738,421.53275,416.89688,421.30106,119679.0,0.0,8.780029,0.004619658
2022-02-23 16:00:00,421.17474,435.62347,414.38586,418.68195,141764.0,0.0,-11.869995,-0.0062167402
2022-02-24 16:00:00,420.17117,423.94223,415.44058,417.15503,133598.0,0.0,-6.920044,-0.0036469463
2022-02-27 16:00:00,423.41223,425.93207,417.1396,421.42902,138060.0,0.0,19.369995,0.010245585
2022-02-28 16:00:00,421.15872,429.47836,419.30197,429.26212,132432.0,0.0,35.5,0.018586973
2022-03-01 16:00:00,429.06326,429.7983,422.26752,424.79837,131769.0,0.0,-20.22998,-0.010398666
2022-03-02 16:00:00,425.54404,428.342,423.91354,427.35437,127915.0,0.0,11.583984,0.006016998
2022-03-03 16:00:00,427.2244,434.74973,425.74936,434.02817,136656.0,0.0,30.246094,0.015616578
2022-03-06 16:00:00,435.98755,441.85245,432.66455,440.64328,141785.0,0.0,29.97998,0.015241165
2022-03-07 16:00:00,440.82516,456.79224,437.1005,452.5502,139389.0,0.0,53.96289,0.027021708
2022-03-08 16:00:00,452.53302,454.3567,436.01273,439.35114,138209.0,0.0,-59.81897,-0.029166002
2022-03-09 16:00:00,439.4307,443.30872,434.79163,440.53162,130764.0,0.0,5.3500977,0.0026869196
2022-03-10 16:00:00,440.5963,441.07883,432.1681,437.4615,117863.0,0.0,-13.9140625,-0.0069691786
2022-03-13 16:00:00,437.8759,439.04135,430.1359,430.42273,127297.0,0.0,-31.900024,-0.016089994
2022-03-14 16:00:00,430.50546,431.27887,420.7821,423.14127,127590.0,0.0,-33.0,-0.016917005
2022-03-15 16:00:00,423.16885,425.73834,418.1325,425.12714,122715.0,0.0,9.0,0.004693122
2022-03-16 16:00:00,425.25677,430.2065,424.32617,428.6112,125691.0,0.0,15.790039,0.008195381
2022-03-17 16:00:00,428.6085,429.2202,423.0751,423.9599,116287.0,0.0,-21.079956,-0.010852028
2022-03-20 16:00:00,423.95923,428.21402,423.05304,427.07108,113357.0,0.0,14.099976,0.007338348
2022-03-21 16:00:00,427.08926,427.69992,421.57465,423.95038,118100.0,0.0,-14.143066,-0.0073071523
2022-03-22 16:00:00,423.9685,429.8932,422.58963,428.8451,117604.0,0.0,22.183105,0.011545481
2022-03-23 16:00:00,428.8023,433.80533,427.3557,431.85696,123223.0,0.0,13.649902,0.0070231804
2022-03-24 16:00:00,431.8669,433.40152,428.73343,432.02023,125143.0,0.0,0.73999023,0.00037808617
2022-03-27 16:00:00,432.18927,432.2581,422.95108,424.21805,129120.0,0.0,-35.359985,-0.01805979
2022-03-28 16:00:00,424.35287,425.68628,417.02484,423.4855,126456.0,0.0,-3.3199463,-0.0017268183
2022-03-29 16:00:00,423.4653,427.72418,422.61172,426.38486,123014.0,0.0,13.140015,0.0068463963
2022-03-30 16:00:00,426.5283,430.2065,423.40607,427.4109,124544.0,0.0,4.6500244,0.0024063466
2022-03-31 16:00:00,427.44934,427.94925,423.03094,424.752,123255.0,0.0,-12.050049,-0.0062208246
2022-04-03 16:00:00,424.4846,427.36893,422.6382,426.3939,115607.0,0.0,7.44104,0.0038654753
2022-04-04 16:00:00,426.51437,429.0525,423.00888,424.4138,118644.0,0.0,-8.973999,-0.004643867
2022-04-05 16:00:00,424.40475,426.61432,422.57642,424.7346,125659.0,0.0,1.4539795,0.000755916
2022-04-06 16:00:00,424.76028,427.5543,423.56052,426.1355,126210.0,0.0,6.348999,0.0032983166
2022-04-07 16:00:00,426.2196,429.84906,425.12714,429.68314,120131.0,0.0,16.078003,0.008325093
2022-04-10 16:00:00,429.41614,434.5092,428.01767,431.02756,127610.0,0.0,6.0930176,0.0031288797
2022-04-11 16:00:00,431.0874,436.56567,430.02557,433.9346,126449.0,0.0,13.174927,0.0067444714
2022-04-12 16:00:00,433.92776,437.21658,432.93814,436.3739,122905.0,0.0,11.055054,0.0056213588
2022-04-13 16:00:00,436.33594,436.9562,432.6019,435.4571,120570.0,0.0,-4.1550293,-0.0021009708
2022-04-14 16:00:00,435.45248,435.85156,435.2241,435.65216,3749.0,0.0,0.8840332,0.00044794835
2022-04-17 16:00:00,435.52374,440.94556,434.8415,436.55682,119817.0,0.0,4.0999756,0.0020765678
2022-04-18 16:00:00,436.55652,437.31146,428.90466,430.25064,125191.0,0.0,-28.579956,-0.014445265
2022-04-19 16:00:00,430.28815,432.08423,427.81906,431.9011,129647.0,0.0,7.4799805,0.0038360448
2022-04-20 16:00:00,431.8967,431.94522,427.31155,430.48895,127515.0,0.0,-6.4000244,-0.0032696559
2022-04-21 16:00:00,430.60245,431.50394,425.09406,426.0755,127536.0,0.0,-20.001953,-0.010252154
2022-04-24 16:00:00,425.97067,426.83716,417.31613,418.68414,127835.0,0.0,-33.498047,-0.01734753
2022-04-25 16:00:00,418.72827,421.696,418.19873,420.3825,121673.0,0.0,7.6970215,0.004056401
2022-04-26 16:00:00,420.4626,420.77148,415.08752,416.0933,117907.0,0.0,-19.438965,-0.010203126
2022-04-27 16:00:00,416.11636,418.50323,413.05536,417.97076,116547.0,0.0,8.508911,0.0045121964
2022-04-28 16:00:00,417.9939,423.60663,417.3823,418.5224,119862.0,0.0,2.5,0.0013197717
2022-05-01 16:00:00,418.27264,419.21814,409.22266,410.9967,116509.0,0.0,-34.106934,-0.017981615
2022-05-02 16:00:00,411.0215,414.41898,408.2253,412.17184,115103.0,0.0,5.3259277,0.0028593128
2022-05-03 16:00:00,412.12643,416.92776,410.58627,415.0209,111516.0,0.0,12.911987,0.0069122505
2022-05-04 16:00:00,415.03348,421.3827,413.13657,414.14493,128409.0,0.0,-3.9699707,-0.0021106785
2022-05-05 16:00:00,414.12573,417.55884,411.73364,415.5688,125846.0,0.0,6.453003,0.0034380665
2022-05-08 16:00:00,415.50897,416.06723,408.44595,409.06885,128906.0,0.0,-29.458008,-0.015641024
2022-05-09 16:00:00,409.25577,411.588,404.9813,405.51132,132137.0,0.0,-16.122925,-0.008696653
2022-05-10 16:00:00,405.5947,409.9592,404.0771,408.7178,124577.0,0.0,14.531982,0.00790727
2022-05-11 16:00:00,408.691,410.17368,401.69406,401.8485,129059.0,0.0,-31.13208,-0.016806966
2022-05-12 16:00:00,401.97318,403.54312,396.94565,399.7837,121958.0,0.0,-9.35791,-0.0051383213
2022-05-15 16:00:00,399.29956,403.093,394.23605,402.3997,118984.0,0.0,11.855957,0.006543593
2022-05-16 16:00:00,402.3598,405.134,399.86264,400.45663,119370.0,0.0,-8.80603,-0.004828667
2022-05-17 16:00:00,400.40512,402.60092,398.71527,400.7519,121345.0,0.0,1.3380127,0.00073724095
2022-05-18 16:00:00,400.77405,407.99365,399.3993,406.4087,124324.0,0.0,25.636963,0.014115483
2022-05-19 16:00:00,406.47226,408.09512,404.29065,407.33566,117384.0,0.0,4.20105,0.0022808649
2022-05-22 16:00:00,406.9802,411.577,406.6168,408.88727,114882.0,0.0,7.0319824,0.0038091675
2022-05-23 16:00:00,408.87054,412.5346,407.87228,411.7994,110596.0,0.0,13.197998,0.007122119
2022-05-24 16:00:00,411.7906,412.20145,406.52167,408.88727,111756.0,0.0,-13.197998,-0.007071753
2022-05-25 16:00:00,408.89487,409.43225,406.18607,408.2253,109502.0,0.0,-3.0,-0.0016189088
2022-05-26 16:00:00,408.19537,410.82236,407.6075,408.91858,104123.0,0.0,3.1419678,0.0016982692
2022-05-29 16:00:00,408.7564,411.2725,407.69574,409.41684,83051.0,0.0,2.2580566,0.0012184359
2022-05-30 16:00:00,409.46317,409.7853,404.7611,405.32996,117048.0,0.0,-18.521973,-0.0099822
2022-05-31 16:00:00,405.29626,408.1922,403.3048,407.35992,116640.0,0.0,9.199951,0.005008199
2022-06-01 16:00:00,407.31622,412.6979,406.68076,412.26013,107006.0,0.0,22.208008,0.01202918
2022-06-02 16:00:00,412.1788,413.48782,407.4751,408.4058,103620.0,0.0,-17.468018,-0.009349255
2022-06-05 16:00:00,408.42764,409.90643,405.99673,406.22623,108929.0,0.0,-9.87793,-0.0053367736
2022-06-06 16:00:00,406.24976,409.42346,405.18036,408.6816,108514.0,0.0,11.12793,0.0060443715
2022-06-07 16:00:00,408.6424,410.3259,406.99408,408.84314,104451.0,0.0,0.73205566,0.0003952426
2022-06-08 16:00:00,408.88147,409.39917,405.93054,407.69574,105026.0,0.0,-5.2000732,-0.0028064512
2022-06-09 16:00:00,407.66217,413.91104,402.68036,412.94943,110910.0,0.0,23.810059,0.012886323
2022-06-12 16:00:00,413.51385,414.58887,401.12918,401.38913,126039.0,0.0,-52.391968,-0.02799449
2022-06-13 16:00:00,401.38174,404.12915,398.20776,398.91388,126114.0,0.0,-11.218018,-0.0061667343
2022-06-14 16:00:00,398.9889,406.4023,398.7307,404.56473,126658.0,0.0,25.609985,0.014165598
2022-06-15 16:00:00,404.57025,409.86697,400.56653,409.73016,126265.0,0.0,23.410034,0.012767879
2022-06-16 16:00:00,409.7095,409.93756,404.56253,405.7955,118837.0,0.0,-17.832031,-0.009603015
2022-06-19 16:00:00,405.97467,407.32022,404.77875,405.51132,98047.0,0.0,-1.2879639,-0.00070032745
2022-06-20 16:00:00,405.38818,406.77322,403.34894,404.36392,108471.0,0.0,-5.2000732,-0.0028295098
2022-06-21 16:00:00,404.35052,407.73105,402.22363,405.43185,114203.0,0.0,4.839966,0.0026410378
2022-06-22 16:00:00,405.388,407.2809,401.93677,402.12653,114705.0,0.0,-14.97998,-0.008152637
2022-06-23 16:00:00,402.08057,404.16754,400.83353,402.96237,112686.0,0.0,3.788086,0.0020785565
2022-06-26 16:00:00,405.57355,406.21298,401.69406,402.15698,112752.0,0.0,-3.6500244,-0.0019986467
2022-06-27 16:00:00,402.1558,403.67108,401.09833,401.42047,107511.0,0.0,-3.3380127,-0.0018314585
2022-06-28 16:00:00,401.51752,404.42792,399.81146,401.0513,112538.0,0.0,-1.6729736,-0.0009195902
2022-06-29 16:00:00,401.00046,402.67816,397.72235,398.7528,115398.0,0.0,-10.416992,-0.0057312204
2022-06-30 16:00:00,398.66895,399.74353,393.68445,399.6195,121830.0,0.0,3.9279785,0.0021735523
2022-07-03 16:00:00,399.78302,400.30176,397.8989,398.76602,89236.0,0.0,-3.868042,-0.002135744
2022-07-04 16:00:00,398.87784,399.83618,389.13904,389.31558,119487.0,0.0,-42.829956,-0.023699228
2022-07-05 16:00:00,389.30295,391.17786,382.1665,383.6581,125294.0,0.0,-25.640015,-0.01453186
2022-07-06 16:00:00,383.627,385.9083,383.09323,383.94055,117417.0,0.0,1.2800293,0.00073617365
2022-07-07 16:00:00,383.86652,386.6561,382.39157,384.33682,113175.0,0.0,1.7960205,0.0010321719
2022-07-10 16:00:00,384.56012,384.9308,381.81348,382.59677,112107.0,0.0,-7.8861084,-0.0045274687
2022-07-11 16:00:00,382.53778,384.86353,380.1586,380.75433,118459.0,0.0,-8.349976,-0.0048155803
2022-07-12 16:00:00,380.7993,385.0985,376.69437,382.90283,120977.0,0.0,9.737061,0.0056427103
2022-07-13 16:00:00,382.83963,383.1109,374.532,377.19745,129142.0,0.0,-25.857056,-0.014900307
2022-07-14 16:00:00,377.2356,378.7729,374.8409,376.82388,117794.0,0.0,-1.6929932,-0.0009903556
2022-07-17 16:00:00,376.70276,380.36157,376.2972,377.10898,117801.0,0.0,1.2919922,0.00075653003
2022-07-18 16:00:00,377.12234,379.15903,376.0986,377.63168,109194.0,0.0,2.3690186,0.0013861376
2022-07-19 16:00:00,377.3541,378.2963,373.42435,374.24515,113055.0,0.0,-15.348022,-0.008967858
2022-07-20 16:00:00,374.31973,379.5584,370.7368,379.1877,115110.0,0.0,22.400024,0.013206783
2022-07-21 16:00:00,379.1458,383.7662,377.88586,381.0959,117132.0,0.0,8.647949,0.005032266
2022-07-24 16:00:00,381.17557,383.09985,378.261,379.44986,111058.0,0.0,-7.459961,-0.0043192366
2022-07-25 16:00:00,379.3368,381.30576,378.0624,378.8457,109308.0,0.0,-2.738037,-0.0015921709
2022-07-26 16:00:00,378.83075,383.97583,377.6211,382.5769,110935.0,0.0,16.910034,0.00984888
2022-07-27 16:00:00,382.5249,387.69382,382.3982,387.35358,120242.0,0.0,21.648071,0.012485478
2022-07-28 16:00:00,387.35565,390.08563,386.55746,389.62402,120061.0,0.0,10.289917,0.0058615035
2022-07-31 16:00:00,389.4343,391.65225,387.77103,390.99252,112451.0,0.0,6.2020264,0.003512308
2022-08-01 16:00:00,390.8579,394.52072,388.2388,388.42813,121175.0,0.0,-11.621948,-0.0065586613
2022-08-02 16:00:00,388.19907,391.14917,387.06494,389.38174,116896.0,0.0,4.3218994,0.0024550974
2022-08-03 16:00:00,389.44705,396.03836,388.87427,395.14075,110386.0,0.0,26.100098,0.014790105
2022-08-04 16:00:00,395.12332,396.03436,389.40823,391.62335,110142.0,0.0,-15.94104,-0.0089016305
2022-08-07 16:00:00,391.65225,394.95538,390.6395,394.699,107062.0,0.0,13.938965,0.007853562
2022-08-08 16:00:00,394.6816,397.259,393.24313,395.8464,102890.0,0.0,5.2000732,0.002907021
2022-08-09 16:00:00,395.8204,398.8918,394.25815,395.43863,105554.0,0.0,-1.8480225,-0.001030114
2022-08-10 16:00:00,395.34787,396.99863,393.33142,394.86273,108180.0,0.0,-2.6099854,-0.0014563431
2022-08-11 16:00:00,394.7976,397.76648,393.61826,397.5979,104356.0,0.0,12.395996,0.0069269175
2022-08-14 16:00:00,397.68,397.7025,391.16904,392.60107,107073.0,0.0,-22.645996,-0.012567592
2022-08-15 16:00:00,392.67993,393.44836,390.83807,391.76633,104881.0,0.0,-3.783081,-0.0021261745
2022-08-16 16:00:00,391.69543,393.2586,388.16818,388.67966,109324.0,0.0,-13.989014,-0.007878884
2022-08-17 16:00:00,388.57358,391.06754,387.3231,387.9034,107397.0,0.0,-3.5179443,-0.0019971095
2022-08-18 16:00:00,388.1395,388.23438,385.0129,385.42288,108342.0,0.0,-11.241943,-0.0063947346
2022-08-21 16:00:00,385.4674,385.95508,381.10736,383.07117,110751.0,0.0,-10.658081,-0.0061016358
2022-08-22 16:00:00,382.91672,387.02502,381.85757,385.72537,109150.0,0.0,12.029053,0.0069287787
2022-08-23 16:00:00,385.7269,387.41138,384.39505,386.3081,108940.0,0.0,2.6409912,0.0015107531
2022-08-24 16:00:00,386.26617,389.54504,385.9396,388.0358,107674.0,0.0,7.829956,0.004472293
2022-08-25 16:00:00,387.95636,388.10422,382.5637,383.3218,109573.0,0.0,-21.364014,-0.012148308
2022-08-28 16:00:00,382.95157,385.12717,379.5187,383.20355,117328.0,0.0,-0.53601074,-0.00030854228
2022-08-29 16:00:00,383.51358,384.03983,379.60696,380.4143,115693.0,0.0,-12.640991,-0.0072787423
2022-08-30 16:00:00,380.25186,380.9529,377.0695,377.61426,117320.0,0.0,-12.689941,-0.007360503
2022-08-31 16:00:00,377.5152,377.61227,372.59027,374.61142,120598.0,0.0,-13.609009,-0.007952118
2022-09-01 16:00:00,374.17462,379.07297,373.75974,377.68222,113295.0,0.0,13.916992,0.008197267
2022-09-04 16:00:00,377.88544,378.58536,376.62817,377.26364,89310.0,0.0,-1.8969727,-0.0011082538
2022-09-05 16:00:00,377.3806,380.97278,374.88504,375.56442,121788.0,0.0,-7.70105,-0.004504117
2022-09-06 16:00:00,375.216,379.40173,373.05362,379.08844,122299.0,0.0,15.971069,0.009383271
2022-09-07 16:00:00,378.945,381.31702,375.81177,376.96533,119988.0,0.0,-9.62207,-0.0056005763
2022-09-08 16:00:00,376.97238,381.60162,376.78262,378.7325,114785.0,0.0,8.009033,0.0046879547
2022-09-11 16:00:00,378.86954,382.8483,377.66522,380.46088,114761.0,0.0,7.833008,0.0045635276
2022-09-12 16:00:00,380.5072,382.11356,374.44574,375.53772,118855.0,0.0,-22.312012,-0.012939976
2022-09-13 16:00:00,375.38608,376.65024,373.51703,374.39963,124221.0,0.0,-5.157959,-0.003030603
2022-09-14 16:00:00,374.08533,374.7019,366.2576,367.39175,119588.0,0.0,-31.76001,-0.01871759
2022-09-15 16:00:00,367.11658,370.74783,364.88956,369.56738,120524.0,0.0,9.859985,0.005921771
2022-09-18 16:00:00,369.8209,370.6662,366.14728,369.75006,114873.0,0.0,0.8280029,0.0004943596
2022-09-19 16:00:00,369.66003,370.55807,366.1914,367.34277,120320.0,0.0,-10.910034,-0.0065106233
2022-09-20 16:00:00,367.0332,372.4314,364.9633,369.25845,122043.0,0.0,8.682007,0.0052149887
2022-09-21 16:00:00,369.19226,371.76062,365.26468,368.7066,130839.0,0.0,-2.5009766,-0.0014944586
2022-09-22 16:00:00,368.7951,369.7814,361.62396,362.6716,125433.0,0.0,-27.351074,-0.016368097
2022-09-25 16:00:00,362.65878,363.99817,357.49777,357.9788,138763.0,0.0,-21.267944,-0.012939476
2022-09-26 16:00:00,357.86185,362.40063,357.7405,359.40222,131702.0,0.0,6.45105,0.003976288
2022-09-27 16:00:00,359.24756,366.87762,356.17386,366.202,130576.0,0.0,30.816895,0.01891964
2022-09-28 16:00:00,366.18698,367.35645,361.99905,366.30173,129139.0,0.0,0.45202637,0.0002723628
2022-09-29 16:00:00,366.3172,369.64902,365.97076,366.20245,127324.0,0.0,-0.44995117,-0.0002710386
2022-10-02 16:00:00,366.7408,375.42123,366.03696,375.02847,124374.0,0.0,40.0,0.024101466
2022-10-03 16:00:00,374.88284,381.59482,373.8259,380.7985,127328.0,0.0,26.150024,0.015385535
2022-10-04 16:00:00,380.79407,381.2243,375.19617,378.6052,125284.0,0.0,-9.940063,-0.0057596844
2022-10-05 16:00:00,378.45245,380.7177,376.56198,377.8788,121635.0,0.0,-3.2919922,-0.0019185669
2022-10-06 16:00:00,377.49863,378.3691,373.00952,373.8387,115909.0,0.0,-18.309937,-0.01069151
2022-10-09 16:00:00,374.33563,375.08585,367.40497,368.15915,116651.0,0.0,-25.740112,-0.015192557
2022-10-10 16:00:00,368.04486,371.55765,366.41205,367.64108,123082.0,0.0,-2.3479004,-0.0014071772
2022-10-11 16:00:00,367.60138,370.25137,366.3238,368.976,69793.0,0.0,6.0499268,0.003631038
2022-10-12 16:00:00,369.1018,371.16046,362.31018,367.55063,79583.0,0.0,-6.459961,-0.0038631049
2022-10-13 16:00:00,367.42484,368.81714,361.73428,362.70294,87515.0,0.0,-21.96997,-0.0131891575
2022-10-16 16:00:00,362.69852,368.0868,362.57053,363.9915,80182.0,0.0,5.8397217,0.0035525959
2022-10-17 16:00:00,364.02682,366.42972,363.03613,364.46082,83114.0,0.0,2.1270752,0.0012894258
2022-10-18 16:00:00,364.37988,365.04184,358.88788,359.3932,81117.0,0.0,-22.966797,-0.013904466
2022-10-19 16:00:00,359.49814,363.05597,357.76257,359.12155,83786.0,0.0,-1.2310791,-0.0007558243
2022-10-20 16:00:00,358.9982,365.82025,356.79172,365.6155,99359.0,0.0,29.43103,0.018082928
2022-10-23 16:00:00,365.63315,368.506,362.57272,364.00476,100625.0,0.0,-7.300049,-0.0044056084
2022-10-24 16:00:00,363.97827,366.89087,361.27972,364.64465,92732.0,0.0,2.9000244,0.0017579208
2022-10-25 16:00:00,364.47034,369.53647,363.7488,367.21524,94787.0,0.0,11.650024,0.0070495554
2022-10-26 16:00:00,367.074,368.6715,365.17422,366.88205,98216.0,0.0,-1.5100098,-0.00090732693
2022-10-27 16:00:00,366.90344,367.8176,361.0944,362.78433,96788.0,0.0,-18.571045,-0.011169008
2022-10-30 16:00:00,362.43372,363.1023,360.011,360.3883,95367.0,0.0,-10.858887,-0.006604524
2022-10-31 16:00:00,360.35522,365.59125,359.86755,363.56567,93821.0,0.0,14.399902,0.008816446
2022-11-01 16:00:00,363.52155,368.30963,360.5185,360.82077,94787.0,0.0,-12.439941,-0.007549883
2022-11-02 16:00:00,360.90683,362.07407,356.4828,359.31592,97496.0,0.0,-6.8200684,-0.0041706325
2022-11-03 16:00:00,359.59836,371.06555,359.1372,370.91995,98532.0,0.0,52.590088,0.032294765
2022-11-06 16:00:00,370.93317,371.08987,367.5727,369.53204,92675.0,0.0,-6.290039,-0.0037417768
2022-11-07 16:00:00,369.14813,378.81042,367.21744,377.7215,93494.0,0.0,37.11499,0.022161644
2022-11-08 16:00:00,377.9172,380.00192,375.4102,376.23984,96191.0,0.0,-6.714966,-0.0039226254
2022-11-09 16:00:00,376.43076,387.4599,375.80075,387.19513,96400.0,0.0,49.650024,0.029117858
2022-11-10 16:00:00,387.137,390.12317,385.31738,390.02164,103506.0,0.0,12.809937,0.0072999825
2022-11-13 16:00:00,389.7105,391.63904,386.72516,390.9903,100156.0,0.0,4.3900146,0.002483602
2022-11-14 16:00:00,390.66318,394.11252,389.72156,392.46866,97862.0,0.0,6.699951,0.0037810323
2022-11-15 16:00:00,392.49844,393.85876,390.40115,391.43823,101199.0,0.0,-4.669922,-0.002625484
2022-11-16 16:00:00,391.2078,391.59488,386.9524,388.5808,100170.0,0.0,-12.950073,-0.007299846
2022-11-17 16:00:00,388.31882,390.01062,385.3615,385.87344,98547.0,0.0,-12.269897,-0.0069672973
2022-11-20 16:00:00,385.91757,386.79794,382.11795,383.7022,95201.0,0.0,-9.840088,-0.0056267655
2022-11-21 16:00:00,383.34036,386.0632,383.06015,383.84787,94899.0,0.0,0.6600342,0.00037955685
2022-11-22 16:00:00,383.72937,386.84207,381.30374,386.3059,94174.0,0.0,11.140015,0.0064037056
2022-11-23 16:00:00,386.15213,388.02698,385.75208,387.23264,81260.0,0.0,4.199951,0.0023989303
2022-11-24 16:00:00,387.3543,388.60287,385.0548,387.493,91633.0,0.0,1.1800537,0.0006724106
2022-11-27 16:00:00,387.09363,389.1589,383.625,383.98026,96667.0,0.0,-15.920044,-0.009065362
2022-11-28 16:00:00,384.06085,388.10864,383.5566,385.87122,100081.0,0.0,8.570068,0.004924704
2022-11-29 16:00:00,386.04617,390.52475,384.76578,390.5137,97519.0,0.0,21.039917,0.012031128
2022-11-30 16:00:00,389.96936,398.02243,389.86722,397.8503,101423.0,0.0,33.25,0.018787116
2022-12-01 16:00:00,397.82605,398.15262,392.2723,396.63235,99154.0,0.0,-5.5198975,-0.0030613714
2022-12-04 16:00:00,396.47165,399.35297,389.43912,389.88043,95773.0,0.0,-30.600098,-0.01702313
2022-12-05 16:00:00,389.7822,392.93204,389.43692,390.9594,94092.0,0.0,4.8900146,0.0027674735
2022-12-06 16:00:00,390.4844,395.07898,390.07462,394.42365,91279.0,0.0,15.700073,0.008860837
2022-12-07 16:00:00,393.8868,396.0123,392.83493,394.61118,86947.0,0.0,0.8499756,0.0004754975
2022-12-08 16:00:00,394.70044,398.50348,394.36407,396.13147,89986.0,0.0,6.8900146,0.0038526137
2022-12-11 16:00:00,396.2793,396.52643,392.03177,392.74008,94400.0,0.0,-15.369995,-0.008561288
2022-12-12 16:00:00,392.96475,402.54135,392.69815,399.51184,95996.0,0.0,30.689941,0.017242314
2022-12-13 16:00:00,399.56415,400.2422,396.2484,398.74838,99463.0,0.0,-3.459961,-0.0019109367
2022-12-14 16:00:00,398.74396,399.0661,391.27716,392.2039,98596.0,0.0,-29.660034,-0.016412603
2022-12-15 16:00:00,391.88394,395.89758,391.34555,395.51144,97336.0,0.0,14.98999,0.008433235
2022-12-18 16:00:00,395.03482,396.8596,393.52557,394.35742,97484.0,0.0,-5.2299805,-0.0029177344
2022-12-19 16:00:00,394.3205,401.80438,393.5653,401.3035,101299.0,0.0,31.47998,0.017613642
2022-12-20 16:00:00,401.0194,402.4156,399.54272,400.35913,104171.0,0.0,-4.2800293,-0.0023533066
2022-12-21 16:00:00,400.11298,401.6698,393.58295,395.4629,104182.0,0.0,-22.189941,-0.012229569
2022-12-22 16:00:00,395.18015,397.8371,394.8848,396.60147,95312.0,0.0,5.160034,0.0028790657
2022-12-26 16:00:00,396.1072,404.39847,396.1072,399.83618,94267.0,0.0,14.659912,0.008156085
2022-12-27 16:00:00,399.85364,400.38342,396.37418,398.16144,95537.0,0.0,-7.589966,-0.004188538
2022-12-28 16:00:00,397.5651,401.62125,397.47302,400.3856,92972.0,0.0,10.079956,0.0055860416
2022-12-29 16:00:00,399.41476,402.8966,399.225,402.3207,102736.0,0.0,8.77002,0.004833112
2023-01-01 16:00:00,402.98486,402.98486,402.39792,402.39792,2.0,0.0,0.3499756,0.00019194203
2023-01-02 16:00:00,402.66162,408.179,402.50385,405.48044,76713.0,0.0,13.970093,0.0076603442
2023-01-03 16:00:00,406.0246,411.48874,404.9685,409.38373,85030.0,0.0,17.689941,0.009626341
2023-01-04 16:00:00,409.32,410.17584,402.56122,404.61105,97837.0,0.0,-21.630005,-0.0116581805
2023-01-05 16:00:00,404.98175,412.603,403.83215,411.87045,99325.0,0.0,32.900024,0.017941684
2023-01-08 16:00:00,412.03372,415.15375,411.33426,412.7685,95810.0,0.0,4.0699463,0.0021803828
2023-01-09 16:00:00,412.88766,414.975,411.89032,414.37924,95940.0,0.0,7.300049,0.0039023296
2023-01-10 16:00:00,414.11844,416.2548,411.87488,414.0902,93728.0,0.0,-1.3099365,-0.0006975205
2023-01-11 16:00:00,413.9556,419.54248,413.39294,418.9092,97266.0,0.0,21.839966,0.0116375545
2023-01-12 16:00:00,418.65546,424.03934,417.3426,423.77014,96610.0,0.0,22.03003,0.011603791
2023-01-15 16:00:00,423.40094,425.63464,421.54376,422.80887,86807.0,0.0,-4.3565674,-0.0022683956
2023-01-16 16:00:00,422.7237,423.4237,419.91977,421.0848,98157.0,0.0,-7.8134766,-0.004077603
2023-01-17 16:00:00,421.1113,424.9175,418.4304,420.06763,101736.0,0.0,-4.6099854,-0.0024156538
2023-01-18 16:00:00,420.5751,426.99164,419.2137,426.55698,99484.0,0.0,29.410034,0.015448312
2023-01-19 16:00:00,426.28995,427.50797,423.7591,425.27277,92789.0,0.0,-5.8200684,-0.003010619
2023-01-22 16:00:00,424.9727,427.0446,421.72693,425.9656,95488.0,0.0,3.1400146,0.0016291791
2023-01-23 16:00:00,425.42725,428.60236,422.92062,427.4991,96852.0,0.0,6.949951,0.0036000784
2023-01-24 16:00:00,427.11966,429.81375,423.60245,429.30847,98624.0,0.0,8.200073,0.004232405
2023-01-25 16:00:00,429.4806,430.0675,423.3597,425.70523,94059.0,0.0,-16.330078,-0.008393122
2023-01-26 16:00:00,425.57504,426.94748,422.87366,425.4515,92951.0,0.0,-1.1499023,-0.0005960143
2023-01-29 16:00:00,425.2926,426.83057,423.7569,424.08786,93623.0,0.0,-6.1800537,-0.0032051394
2023-01-30 16:00:00,423.94885,426.0605,419.4101,425.4316,91803.0,0.0,6.089966,0.0031685731
2023-01-31 16:00:00,425.41177,431.25238,423.7352,430.99423,74850.0,0.0,25.210083,0.013075227
2023-02-01 16:00:00,429.75638,432.38654,421.70224,421.9608,70398.0,0.0,-40.940063,-0.020959541
2023-02-02 16:00:00,422.00714,423.32,410.6776,411.53064,69514.0,0.0,-47.27002,-0.024718288
2023-02-05 16:00:00,410.57303,415.08533,410.49802,412.44855,70326.0,0.0,4.160034,0.0022304857
2023-02-06 16:00:00,412.7461,415.74728,411.45343,412.5876,70515.0,0.0,0.6300049,0.00033703799
2023-02-07 16:00:00,412.89648,416.1533,412.3934,413.72394,69274.0,0.0,5.1500244,0.0027542152
2023-02-08 16:00:00,413.90927,417.069,410.11853,410.53772,77413.0,0.0,-14.440063,-0.007701285
2023-02-09 16:00:00,410.5002,413.07742,408.7473,411.3078,74395.0,0.0,3.4899902,0.001875754
2023-02-12 16:00:00,411.2041,411.83072,408.2463,409.1388,74521.0,0.0,-9.829956,-0.0052733836
2023-02-13 16:00:00,408.94464,412.67142,406.61456,409.38373,68486.0,0.0,1.1099854,0.0005986201
2023-02-14 16:00:00,409.38538,410.3987,403.70197,405.3745,73065.0,0.0,-18.169922,-0.009793258
2023-02-15 16:00:00,404.6447,407.16177,403.06207,405.42307,72631.0,0.0,0.2199707,0.000119732795
2023-02-16 16:00:00,405.24875,406.769,401.05417,406.43582,74778.0,0.0,4.589966,0.0024980765
2023-02-19 16:00:00,406.12912,407.63397,405.31873,406.2483,60103.0,0.0,-0.8499756,-0.0004614442
2023-02-20 16:00:00,406.29242,406.833,403.59164,404.82507,77508.0,0.0,-6.4500732,-0.003503304
2023-02-21 16:00:00,404.2801,407.2964,402.1574,402.66272,77109.0,0.0,-9.799927,-0.005341462
2023-02-22 16:00:00,402.77304,404.59784,400.98798,402.281,81290.0,0.0,-1.7299805,-0.0009479916
2023-02-23 16:00:00,402.25894,403.3004,399.10803,399.6773,77934.0,0.0,-11.800049,-0.0064723054
2023-02-26 16:00:00,399.55154,401.58817,398.629,400.93283,75319.0,0.0,5.6900635,0.0031413212
2023-02-27 16:00:00,400.7122,404.04178,398.1416,403.15698,76626.0,0.0,10.079956,0.005547429
2023-02-28 16:00:00,402.9959,406.98526,402.22205,405.3723,75599.0,0.0,10.040039,0.005494978
2023-03-01 16:00:00,405.52234,405.7143,403.5034,405.08987,74820.0,0.0,-1.2800293,-0.0006967397
2023-03-02 16:00:00,405.01706,409.60437,404.9575,409.26678,71530.0,0.0,18.929932,0.010311038
2023-03-05 16:00:00,409.49625,410.01038,407.09778,407.4089,74941.0,0.0,-8.419922,-0.004539482
2023-03-06 16:00:00,407.5391,408.532,399.9487,400.36575,92208.0,0.0,-31.920044,-0.017287718
2023-03-07 16:00:00,400.31943,402.51047,399.2169,400.23337,75174.0,0.0,-0.5999756,-0.0003306598
2023-03-08 16:00:00,399.81854,404.9685,399.70822,403.95795,72466.0,0.0,16.880005,0.009306021
2023-03-09 16:00:00,404.05722,412.62952,403.26465,412.48608,78319.0,0.0,38.650024,0.021111464
2023-03-12 16:00:00,412.06683,422.45285,412.06683,422.2631,82734.0,0.0,44.309937,0.02370263
2023-03-13 16:00:00,422.04684,422.32928,418.0884,420.125,81581.0,0.0,-9.689941,-0.005063406
2023-03-14 16:00:00,419.9992,427.4616,416.07825,423.2428,76775.0,0.0,14.130005,0.0074211042
2023-03-15 16:00:00,423.66864,426.59888,420.89066,423.44357,81127.0,0.0,0.9099121,0.00047436715
2023-03-16 16:00:00,423.5495,438.87366,423.2494,438.87366,78943.0,0.0,69.93005,0.036439553
2023-03-19 16:00:00,438.3154,443.37494,433.66632,436.62964,80814.0,0.0,-10.170044,-0.0051131444
2023-03-20 16:00:00,436.60538,437.98883,427.0008,428.11252,76175.0,0.0,-38.599976,-0.019506464
2023-03-21 16:00:00,428.07504,436.62082,426.7798,434.67688,77043.0,0.0,29.75,0.015333233
2023-03-22 16:00:00,434.1959,442.02014,433.3596,439.79816,79875.0,0.0,23.20996,0.011781826
2023-03-23 16:00:00,439.95706,441.91644,435.8044,436.35602,76267.0,0.0,-15.599976,-0.0078266375
2023-03-26 16:00:00,436.28323,436.687,428.812,431.6562,79175.0,0.0,-21.299927,-0.010770649
2023-03-27 16:00:00,431.85037,435.85077,429.95938,435.40472,75739.0,0.0,16.988525,0.008684052
2023-03-28 16:00:00,435.20422,435.6345,432.11954,433.38608,74245.0,0.0,-9.14856,-0.004636223
2023-03-29 16:00:00,432.9448,437.8013,431.41162,436.94296,83403.0,0.0,16.119995,0.008207194
2023-03-30 16:00:00,436.46414,438.49634,433.949,434.45972,47261.0,0.0,-11.25415,-0.0056831967
2023-04-02 16:00:00,434.7232,439.18036,430.1977,437.8391,39484.0,0.0,15.315552,0.0077783563
2023-04-03 16:00:00,437.7682,446.79282,436.16537,445.75574,37480.0,0.0,35.87854,0.018081104
2023-04-04 16:00:00,445.7293,448.33734,443.461,445.844,45357.0,0.0,0.4000244,0.00019801327
2023-04-05 16:00:00,445.65866,445.99847,441.4452,442.93143,68298.0,0.0,-13.199951,-0.006532721
2023-04-09 16:00:00,442.88287,443.5774,437.23862,439.33514,63644.0,0.0,-16.298584,-0.008119291
2023-04-10 16:00:00,439.1252,442.94244,438.7739,442.06424,68955.0,0.0,12.36853,0.006211935
2023-04-11 16:00:00,442.03778,447.52094,441.5634,444.551,70198.0,0.0,11.27002,0.005625278
2023-04-12 16:00:00,444.36124,452.04425,443.98172,450.05826,68958.0,0.0,24.959229,0.012388374
2023-04-13 16:00:00,450.16434,451.75745,439.5996,442.15216,73893.0,0.0,-35.83081,-0.017566798
2023-04-16 16:00:00,441.5744,444.60175,437.15036,440.13797,67996.0,0.0,-9.128418,-0.0045554205
2023-04-17 16:00:00,440.15784,443.89566,439.34515,442.3803,68377.0,0.0,10.1623535,0.0050946013
2023-04-18 16:00:00,442.90494,443.11014,434.48132,440.09143,71908.0,0.0,-10.373291,-0.005173989
2023-04-19 16:00:00,439.82608,444.0523,439.17093,442.28,72587.0,0.0,9.918701,0.004972979
2023-04-20 16:00:00,442.16357,442.51437,434.988,437.50342,71645.0,0.0,-21.647705,-0.0107998885
2023-04-23 16:00:00,436.85248,439.26862,435.56168,438.83646,67596.0,0.0,6.041382,0.0030469096
2023-04-24 16:00:00,439.31494,442.115,436.003,440.61017,77027.0,0.0,8.038574,0.004041858
2023-04-25 16:00:00,441.12207,443.35727,437.61374,438.88248,79222.0,0.0,-7.829956,-0.0039211144
2023-04-26 16:00:00,438.51178,441.98703,435.60245,438.60004,72981.0,0.0,-1.2800293,-0.0006435412
2023-04-27 16:00:00,438.36395,440.1799,435.91693,439.03253,73765.0,0.0,1.9599609,0.0009860148
2023-04-30 16:00:00,439.14285,442.60043,436.20157,437.39752,66304.0,0.0,-7.409912,-0.003724098
2023-05-01 16:00:00,437.4946,445.55496,436.512,444.96582,74814.0,0.0,34.299927,0.017303009
2023-05-02 16:00:00,444.4826,450.20404,443.04175,449.92603,70435.0,0.0,22.47998,0.011147411
2023-05-03 16:00:00,449.35233,457.22955,447.94287,452.32892,78623.0,0.0,10.890015,0.005340625
2023-05-04 16:00:00,452.63123,452.99307,441.0581,444.98126,76641.0,0.0,-33.299927,-0.016244026
2023-05-07 16:00:00,444.6547,447.76367,444.3502,445.95322,98553.0,0.0,4.404907,0.0021842371
2023-05-08 16:00:00,445.75574,449.573,445.5663,448.85587,72740.0,0.0,13.155029,0.0065088947
2023-05-09 16:00:00,448.66833,451.88983,446.01022,447.89935,77093.0,0.0,-4.334961,-0.0021309978
2023-05-10 16:00:00,447.96783,450.36734,443.74374,444.59512,76089.0,0.0,-14.974976,-0.0073771803
2023-05-11 16:00:00,444.47598,446.21912,441.51074,443.5051,73977.0,0.0,-4.9400635,-0.0024517295
2023-05-14 16:00:00,443.83167,446.13086,442.80643,444.87424,80723.0,0.0,6.204956,0.0030870582
2023-05-15 16:00:00,444.65247,445.42584,438.0462,438.81613,55779.0,0.0,-27.455688,-0.013617576
2023-05-16 16:00:00,438.7501,439.732,435.65216,437.1771,41299.0,0.0,-7.4281006,-0.0037350801
2023-05-17 16:00:00,437.11176,438.18744,430.65048,431.7818,35705.0,0.0,-24.451782,-0.0123412125
2023-05-18 16:00:00,431.81064,437.74612,431.10675,436.35223,37152.0,0.0,20.713379,0.010585012
2023-05-21 16:00:00,436.26776,437.41516,434.21793,435.0242,45450.0,0.0,-6.0186768,-0.0030434667
2023-05-22 16:00:00,434.988,436.35602,431.1667,435.7458,37913.0,0.0,3.2702637,0.0016587238
2023-05-23 16:00:00,435.69406,437.98883,431.70688,431.72238,38447.0,0.0,-18.234375,-0.009233416
2023-05-24 16:00:00,431.7665,433.48758,427.75845,428.2462,37351.0,0.0,-15.754272,-0.008051903
2023-05-25 16:00:00,428.1037,431.85477,427.30936,429.36725,32851.0,0.0,5.0806885,0.0026177838
2023-05-28 16:00:00,428.76566,430.1579,428.08163,428.68842,26254.0,0.0,-3.076416,-0.00158096
2023-05-29 16:00:00,428.8539,433.2228,426.24445,432.27335,35763.0,0.0,16.24707,0.008362536
2023-05-30 16:00:00,432.20892,435.71613,431.02576,433.00903,38496.0,0.0,3.3341064,0.0017018674
2023-05-31 16:00:00,432.91388,437.52548,430.97214,436.28943,36746.0,0.0,14.867065,0.0075758793
2023-06-01 16:00:00,436.39517,437.61374,429.64825,429.69238,36214.0,0.0,-29.898193,-0.015120807
2023-06-04 16:00:00,429.65543,433.33313,427.59604,432.7874,34469.0,0.0,14.026855,0.0072029
2023-06-05 16:00:00,432.83005,433.8649,430.99646,433.1688,49274.0,0.0,1.7283936,0.0008811964
2023-06-06 16:00:00,433.13452,434.67908,427.9713,427.98654,39134.0,0.0,-23.486206,-0.01196356
2023-06-07 16:00:00,428.05957,434.7453,427.92236,434.06805,36068.0,0.0,27.561646,0.014209531
2023-06-08 16:00:00,434.15173,435.2969,431.71515,432.65457,34652.0,0.0,-6.405884,-0.0032563116
2023-06-11 16:00:00,432.4737,433.97302,429.84906,431.83157,46012.0,0.0,-3.7298584,-0.0019021982
2023-06-12 16:00:00,431.81064,434.76736,428.01544,428.80978,38799.0,0.0,-13.694946,-0.006997625
2023-06-13 16:00:00,428.6774,432.49466,427.94067,428.5392,35789.0,0.0,-1.2263184,-0.00063102023
2023-06-14 16:00:00,428.73257,432.49466,424.74982,431.94025,37525.0,0.0,15.413696,0.007936353
2023-06-15 16:00:00,431.85257,434.19366,430.99423,431.85477,33626.0,0.0,-0.38745117,-0.00019792381
2023-06-18 16:00:00,431.85477,432.18573,429.7387,430.29477,30287.0,0.0,-7.0699463,-0.0036122943
2023-06-19 16:00:00,430.3102,431.74442,425.75385,427.20987,36257.0,0.0,-13.980957,-0.00716928
2023-06-20 16:00:00,426.9409,427.9272,423.44797,426.38263,37712.0,0.0,-3.7490234,-0.00193634
2023-06-21 16:00:00,426.25024,426.8901,421.92548,422.24442,48231.0,0.0,-18.754639,-0.00970541
2023-06-22 16:00:00,422.10202,427.31155,421.44006,423.8763,36707.0,0.0,7.395874,0.0038648292
2023-06-25 16:00:00,424.48505,426.55914,423.95547,424.29663,35738.0,0.0,1.9049072,0.0009916066
2023-06-26 16:00:00,424.24673,425.98544,421.67834,422.14615,37161.0,0.0,-9.746216,-0.005068403
2023-06-27 16:00:00,422.10202,422.98462,419.8293,420.76822,36434.0,0.0,-6.244751,-0.0032640519
2023-06-28 16:00:00,420.90057,422.10202,417.6515,421.02075,36801.0,0.0,1.1444092,0.0006001269
2023-06-29 16:00:00,421.0076,424.2423,419.30487,423.55176,35977.0,0.0,11.470703,0.0060116164
2023-07-02 16:00:00,423.3818,426.0075,421.39816,423.93173,32672.0,0.0,1.7220459,0.0008971043
2023-07-03 16:00:00,423.9312,425.98544,423.5583,424.77188,27253.0,0.0,3.8076172,0.0019818104
2023-07-04 16:00:00,424.89435,426.93427,422.43134,422.5304,34444.0,0.0,-10.158569,-0.0052769324
2023-07-05 16:00:00,422.45505,425.2794,419.77634,421.60507,36118.0,0.0,-4.1936035,-0.0021899499
2023-07-06 16:00:00,421.6221,426.8901,421.29037,424.5733,35377.0,0.0,13.452148,0.00704029
2023-07-09 16:00:00,424.66156,425.43384,421.9848,424.7467,34365.0,0.0,0.7858887,0.00040842572
2023-07-10 16:00:00,424.7057,427.70654,424.5529,426.23935,34384.0,0.0,6.7647705,0.0035142107
2023-07-11 16:00:00,426.29437,432.40637,426.25024,431.85477,32736.0,0.0,25.44934,0.013174306
2023-07-12 16:00:00,431.7996,433.20074,430.80423,432.50912,35070.0,0.0,2.9656982,0.0015152838
2023-07-13 16:00:00,432.4726,433.2669,430.44482,431.28107,35897.0,0.0,-5.565674,-0.002839404
2023-07-16 16:00:00,431.1928,432.40637,429.31726,431.29218,34691.0,0.0,0.05029297,2.57307e-05
2023-07-17 16:00:00,431.14868,437.81232,431.14868,436.51315,36553.0,0.0,23.661865,0.012105484
2023-07-18 16:00:00,436.5502,437.04004,434.60406,436.003,34838.0,0.0,-2.3121338,-0.0011687465
2023-07-19 16:00:00,436.04712,438.5184,433.62216,434.50623,36454.0,0.0,-6.7834473,-0.003432936
2023-07-20 16:00:00,434.56876,435.49548,431.73563,432.80048,35563.0,0.0,-7.730591,-0.003925739
2023-07-23 16:00:00,432.7815,434.17157,430.98267,431.2304,34667.0,0.0,-7.1156006,-0.0036276767
2023-07-24 16:00:00,431.33405,433.70822,430.91156,433.47925,29886.0,0.0,10.191895,0.0052149515
2023-07-25 16:00:00,433.44345,436.46634,432.86954,435.03427,34720.0,0.0,7.0474854,0.003587324
2023-07-26 16:00:00,435.06592,437.3269,428.5739,429.2875,37363.0,0.0,-26.044678,-0.013209921
2023-07-27 16:00:00,429.33936,433.2228,429.21585,432.36322,37874.0,0.0,13.939331,0.0071647065
2023-07-30 16:00:00,432.16367,435.16452,430.3345,433.53522,40273.0,0.0,5.3115234,0.0027106602
2023-07-31 16:00:00,433.51184,433.7744,428.26257,428.93774,31475.0,0.0,-20.83606,-0.0106046405
2023-08-01 16:00:00,429.05362,431.28107,426.45102,426.8187,46968.0,0.0,-9.603638,-0.0049402197
2023-08-02 16:00:00,426.7721,427.7948,425.67654,426.6474,36435.0,0.0,-0.7762451,-0.0004012917
2023-08-03 16:00:00,426.65402,429.53793,425.61258,428.6031,42034.0,0.0,8.863281,0.0045838472
2023-08-06 16:00:00,428.5009,429.4938,426.1311,427.2008,32893.0,0.0,-6.3552246,-0.0032717516
2023-08-07 16:00:00,427.23654,427.59622,424.20218,424.7404,34969.0,0.0,-11.150757,-0.005759397
2023-08-08 16:00:00,424.66376,426.32126,422.28003,422.31195,33576.0,0.0,-11.005859,-0.005717486
2023-08-09 16:00:00,422.42194,425.83102,421.8757,421.9034,39342.0,0.0,-1.8514404,-0.0009673444
2023-08-10 16:00:00,421.9034,423.8231,421.5945,422.17432,33057.0,0.0,1.2276611,0.000642052
2023-08-13 16:00:00,422.16382,422.76398,419.5888,420.72488,52603.0,0.0,-6.5688477,-0.0034332238
2023-08-14 16:00:00,420.734,421.749,418.28696,419.49832,65769.0,0.0,-5.558838,-0.0029153489
2023-08-15 16:00:00,419.45422,420.80017,417.1396,417.31964,65042.0,0.0,-9.873901,-0.0051935376
2023-08-16 16:00:00,417.40546,419.96173,415.63916,416.82678,65673.0,0.0,-2.2336426,-0.0011809991
2023-08-17 16:00:00,416.7623,418.5054,416.03635,416.8064,64838.0,0.0,-0.09240723,-4.8916463e-05
2023-08-20 16:00:00,416.82462,418.9026,415.70535,417.99872,52694.0,0.0,5.4035645,0.0028605575
2023-08-21 16:00:00,417.99792,420.1382,416.58795,418.57535,65214.0,0.0,2.6134033,0.0013795461
2023-08-22 16:00:00,418.61572,423.66864,418.48334,422.5302,61361.0,0.0,17.923706,0.009448414
2023-08-23 16:00:00,422.1877,424.35263,421.6188,422.85223,66079.0,0.0,1.4593506,0.00076209055
2023-08-24 16:00:00,423.08014,424.11215,419.8536,422.45505,64839.0,0.0,-1.8000488,-0.0009392915
2023-08-27 16:00:00,422.5433,424.94843,422.05127,423.556,31350.0,0.0,4.989502,0.002606042
2023-08-28 16:00:00,423.47888,427.64035,422.17044,427.41858,44352.0,0.0,17.505493,0.009119442
2023-08-29 16:00:00,427.39542,430.0013,426.8901,428.49274,33865.0,0.0,4.868164,0.002513139
2023-08-30 16:00:00,428.52734,429.75858,427.8147,428.00565,39258.0,0.0,-2.2075195,-0.0011367522
2023-08-31 16:00:00,427.9713,430.86182,426.82394,427.9651,45209.0,0.0,-0.18383789,-9.477423e-05
2023-09-03 16:00:00,428.01544,429.40555,427.04678,427.6627,34692.0,0.0,-1.3704834,-0.0007065944
2023-09-04 16:00:00,427.6183,427.81686,424.752,424.89557,38477.0,0.0,-12.5407715,-0.0064703478
2023-09-05 16:00:00,424.89767,425.63242,422.369,422.8177,38535.0,0.0,-9.417114,-0.004890355
2023-09-06 16:00:00,422.8467,424.41885,422.69998,423.4918,33735.0,0.0,3.0551758,0.0015943651
2023-09-07 16:00:00,423.49432,425.74274,423.01312,423.388,36828.0,0.0,-0.47045898,-0.00024512154
2023-09-10 16:00:00,423.35312,425.94135,422.76398,424.02255,50267.0,0.0,2.8758545,0.0014987634
2023-09-11 16:00:00,424.17615,424.61743,420.69205,422.18677,47167.0,0.0,-8.319946,-0.0043294854
2023-09-12 16:00:00,422.11526,422.6757,420.36108,420.57822,39376.0,0.0,-7.289917,-0.0038099801
2023-09-13 16:00:00,420.5994,422.0579,419.41452,421.52383,33596.0,0.0,4.2855225,0.0022483387
2023-09-14 16:00:00,421.52832,425.91928,421.32974,424.45667,37103.0,0.0,13.291748,0.0069576837
2023-09-17 16:00:00,424.44092,426.7798,423.9577,426.62112,42954.0,0.0,9.809448,0.005099363
2023-09-18 16:00:00,426.44662,427.46384,425.73224,425.98663,38195.0,0.0,-2.8754883,-0.0014872157
2023-09-19 16:00:00,426.11783,429.67035,425.32715,425.79227,39196.0,0.0,-0.88098145,-0.00045632632
2023-09-20 16:00:00,425.94135,426.13992,422.03802,423.52094,41705.0,0.0,-10.293701,-0.0053343135
2023-09-21 16:00:00,423.44687,425.61035,423.41766,424.74927,41759.0,0.0,5.5668945,0.0029002994
2023-09-24 16:00:00,424.69467,425.19113,422.5176,422.67514,30160.0,0.0,-9.4001465,-0.0048832246
2023-09-25 16:00:00,422.66248,422.89636,419.00348,419.28568,35224.0,0.0,-15.361206,-0.008019058
2023-09-26 16:00:00,419.27768,420.07205,413.11273,413.64957,41095.0,0.0,-25.543213,-0.013442196
2023-09-27 16:00:00,413.79846,414.68817,409.86197,411.3967,47851.0,0.0,-10.210083,-0.0054462985
2023-09-28 16:00:00,411.5288,414.75433,407.33646,407.8312,44378.0,0.0,-16.159058,-0.008666824
2023-10-01 16:00:00,407.7068,407.93628,402.9297,403.25845,53932.0,0.0,-20.723877,-0.011212315
2023-10-02 16:00:00,403.2527,404.4941,400.23776,402.15442,56774.0,0.0,-5.003662,-0.0027378472
2023-10-03 16:00:00,402.2556,403.85425,400.59082,401.791,49801.0,0.0,-1.6469727,-0.0009036459
2023-10-04 16:00:00,401.41714,403.58945,399.79648,401.5702,47993.0,0.0,-1.0007324,-0.0005495693
2023-10-05 16:00:00,401.58154,404.84717,399.2669,404.36172,45291.0,0.0,12.651367,0.006951535
2023-10-08 16:00:00,404.2845,411.15778,404.26355,410.58408,59866.0,0.0,28.200073,0.015388098
2023-10-09 16:00:00,410.57965,411.5549,408.6666,410.41086,55382.0,0.0,-0.7850342,-0.0004218822
2023-10-10 16:00:00,410.27515,414.1299,410.0549,413.50613,45312.0,0.0,14.027954,0.0075418907
2023-10-11 16:00:00,413.41058,415.8797,412.11005,412.31152,41090.0,0.0,-5.4140625,-0.00288899
2023-10-12 16:00:00,412.2897,426.41257,412.26102,426.38263,44275.0,0.0,63.77112,0.034127407
2023-10-15 16:00:00,426.4665,426.91827,420.75827,423.50046,55880.0,0.0,-13.062256,-0.0067596375
2023-10-16 16:00:00,423.459,426.13992,421.685,424.21283,56335.0,0.0,3.2285156,0.0016821075
2023-10-17 16:00:00,424.24454,433.00214,424.19818,429.60413,42927.0,0.0,24.433716,0.012708973
2023-10-18 16:00:00,429.69238,436.35602,429.13544,435.55725,38753.0,0.0,26.979858,0.013857215
2023-10-19 16:00:00,435.41165,440.65872,435.04614,437.06213,48409.0,0.0,6.8201904,0.003455063
2023-10-22 16:00:00,437.09082,437.48132,433.38297,435.23016,42305.0,0.0,-8.302612,-0.0041915663
2023-10-23 16:00:00,435.2263,437.06213,430.9523,434.82916,47640.0,0.0,-1.8172607,-0.0009213041
2023-10-24 16:00:00,434.87106,438.40808,433.1566,436.7532,40137.0,0.0,8.719849,0.0044248137
2023-10-25 16:00:00,436.77084,439.82025,434.924,437.81232,48456.0,0.0,4.7999268,0.0024249526
2023-10-26 16:00:00,437.91824,443.35065,435.98315,442.6225,47369.0,0.0,21.800049,0.010986876
2023-10-29 16:00:00,442.2253,442.77695,439.05017,440.34833,41221.0,0.0,-10.306641,-0.005137932
2023-10-30 16:00:00,440.34006,442.97552,436.59872,437.61383,43774.0,0.0,-12.392944,-0.006209875
2023-10-31 16:00:00,437.48685,439.51135,434.59485,437.3269,42050.0,0.0,-1.300415,-0.00065568567
2023-11-01 16:00:00,437.58395,439.26862,436.59872,438.0771,48061.0,0.0,3.3999023,0.0017153984
2023-11-02 16:00:00,438.07712,442.11398,437.5634,439.5985,31418.0,0.0,6.8952637,0.0034730022
2023-11-05 16:00:00,439.44513,439.75406,436.27902,436.46634,41220.0,0.0,-14.19519,-0.0071250796
2023-11-06 16:00:00,436.29205,436.4884,431.48187,434.32574,42556.0,0.0,-9.701416,-0.0049044364
2023-11-07 16:00:00,434.20026,434.8777,429.66315,430.19986,39286.0,0.0,-18.698608,-0.00949945
2023-11-08 16:00:00,429.76077,433.6641,428.8561,431.87024,43275.0,0.0,7.5701904,0.0038827662
2023-11-09 16:00:00,432.0754,432.627,426.5062,427.19904,43736.0,0.0,-21.170166,-0.010816225
2023-11-12 16:00:00,427.30054,430.0675,426.1974,429.373,36061.0,0.0,9.852417,0.005088822
2023-11-13 16:00:00,429.30847,434.81146,428.67963,433.2228,38233.0,0.0,17.447632,0.008966161
2023-11-14 16:00:00,432.958,435.82645,431.41962,432.32233,47343.0,0.0,-4.0810547,-0.0020785755
2023-11-15 16:00:00,432.3843,438.6067,431.65594,437.09723,45883.0,0.0,21.640137,0.01104478
2023-11-16 16:00:00,436.9893,439.82025,436.53256,436.93735,52722.0,0.0,-0.7246094,-0.000365789
2023-11-19 16:00:00,436.86353,437.98883,433.51184,436.3393,48232.0,0.0,-2.7103271,-0.0013686969
2023-11-20 16:00:00,436.30087,442.90936,436.30087,441.01175,56986.0,0.0,21.175781,0.010708283
2023-11-21 16:00:00,440.84625,442.66663,438.36176,439.0662,52633.0,0.0,-8.817383,-0.004411581
2023-11-22 16:00:00,438.9619,440.96762,438.85602,439.4893,42453.0,0.0,1.9174805,0.00096361974
2023-11-23 16:00:00,439.9405,442.0709,439.337,441.73547,42934.0,0.0,10.179932,0.005110946
2023-11-26 16:00:00,441.8028,445.233,441.3427,444.2553,44190.0,0.0,11.420044,0.0057044034
2023-11-27 16:00:00,444.39212,450.74246,443.79416,450.21317,46033.0,0.0,27.001343,0.013410886
2023-11-28 16:00:00,450.34967,452.7283,448.97946,450.9631,52913.0,0.0,3.3986816,0.0016657008
2023-11-29 16:00:00,450.97855,451.66916,448.27115,449.31125,48557.0,0.0,-7.486328,-0.0036629634
2023-11-30 16:00:00,449.23538,457.86948,448.67053,456.94516,51296.0,0.0,34.597412,0.0169903
2023-12-03 16:00:00,456.92065,465.87903,445.73367,447.70966,51902.0,0.0,-41.855835,-0.020211412
2023-12-04 16:00:00,447.65112,450.36734,443.4698,445.48938,57160.0,0.0,-10.0625,-0.004959229
2023-12-05 16:00:00,445.44684,449.1758,445.05875,446.838,54074.0,0.0,6.1121826,0.0030273574
2023-12-06 16:00:00,446.8259,450.0584,445.71826,447.53638,51107.0,0.0,3.165039,0.001562909
2023-12-07 16:00:00,447.4746,448.77866,440.0849,442.32022,281.0,0.0,-23.640015,-0.011655318
2023-12-10 16:00:00,442.0113,443.1415,435.939,437.22482,47680.0,0.0,-23.092651,-0.011519715
2023-12-11 16:00:00,437.1614,440.4822,436.21924,436.72452,44317.0,0.0,-2.267334,-0.0011442355
2023-12-12 16:00:00,436.6826,447.34033,435.29547,447.33722,44352.0,0.0,48.09729,0.024300642
2023-12-13 16:00:00,447.6121,451.8236,446.55008,449.24268,47393.0,0.0,8.63562,0.0042595454
2023-12-14 16:00:00,449.1979,451.18375,444.74075,445.65866,220.0,0.0,-16.24292,-0.007977886
2023-12-17 16:00:00,445.49097,448.6904,444.78488,447.2628,46432.0,0.0,7.2700195,0.0035994651
2023-12-18 16:00:00,447.18115,451.64713,446.03888,450.11063,48043.0,0.0,12.906616,0.006367286
2023-12-19 16:00:00,450.0849,450.85278,447.30807,448.1712,41587.0,0.0,-8.789673,-0.004308818
2023-12-20 16:00:00,448.23804,451.42645,448.1829,451.35373,39779.0,0.0,14.423462,0.0071011763
2023-12-21 16:00:00,451.32715,456.83237,451.32166,453.01517,111.0,0.0,7.529663,0.003680978
2023-12-24 16:00:00,453.01736,453.01736,453.01736,453.01736,1.0,0.0,0.010009766,4.875463e-06
2023-12-25 16:00:00,453.54028,456.5014,453.0372,456.20242,39659.0,0.0,14.434814,0.007030741
2023-12-26 16:00:00,456.21237,459.92148,454.60605,458.38965,45536.0,0.0,9.912598,0.004794404
2023-12-27 16:00:00,458.3549,460.78204,455.50845,455.685,45056.0,0.0,-12.257568,-0.0059003024
2023-12-28 16:00:00,455.64972,457.75916,453.87787,455.1687,153.0,0.0,-2.3398438,-0.001132992
2024-01-01 16:00:00,455.12454,458.6638,453.65503,454.26147,46055.0,0.0,-4.1115723,-0.0019931511
2024-01-02 16:00:00,454.22873,455.83945,448.0196,450.34528,52195.0,0.0,-17.748535,-0.008621073
2024-01-03 16:00:00,450.35852,452.48557,449.26407,450.78656,52484.0,0.0,2.0,0.0009799167
2024-01-04 16:00:00,450.78656,455.3761,449.24423,451.36688,237.0,0.0,2.630005,0.0012873312
2024-01-07 16:00:00,450.7794,451.55884,444.98346,447.40796,46880.0,0.0,-17.942017,-0.008770943
2024-01-08 16:00:00,447.56506,450.49973,447.02182,447.87457,53677.0,0.0,2.114746,0.0010429398
2024-01-09 16:00:00,447.8718,450.1246,445.75793,446.57233,52213.0,0.0,-5.9018555,-0.002907615
2024-01-10 16:00:00,446.8987,450.01428,444.19974,447.78174,55622.0,0.0,5.481079,0.002708189
2024-01-11 16:00:00,447.64673,455.02304,447.38855,452.14795,259.0,0.0,19.787964,0.0097507825
2024-01-14 16:00:00,451.7133,454.20663,451.36575,453.32404,42443.0,0.0,5.330078,0.002601104
2024-01-15 16:00:00,453.36047,453.4868,446.6158,447.4563,52734.0,0.0,-26.593018,-0.012943854
2024-01-16 16:00:00,447.48343,448.558,441.68033,442.58902,49704.0,0.0,-22.058716,-0.010877632
2024-01-17 16:00:00,442.60266,446.4177,442.40952,446.3208,54080.0,0.0,16.912598,0.008431686
2024-01-18 16:00:00,446.29413,449.90396,445.7427,447.8519,181.0,0.0,6.939087,0.0034305197
2024-01-21 16:00:00,447.65335,448.38147,444.9614,445.97638,51768.0,0.0,-8.5,-0.0041878317
2024-01-22 16:00:00,445.9852,449.6392,445.57703,447.67285,52965.0,0.0,7.6884766,0.0038039356
2024-01-23 16:00:00,447.52094,449.3744,443.7416,444.31543,47206.0,0.0,-15.215942,-0.007499682
2024-01-24 16:00:00,444.21118,446.8369,443.461,445.81937,44360.0,0.0,6.815918,0.0033848363
2024-01-25 16:00:00,445.79987,447.12378,444.7736,445.38504,156.0,0.0,-1.9683838,-0.0009742167
2024-01-28 16:00:00,445.21735,449.44257,445.0844,448.43845,32870.0,0.0,13.838135,0.0068556187
2024-01-29 16:00:00,448.28662,451.91852,447.66656,449.37,34654.0,0.0,4.2218018,0.0020773024
2024-01-30 16:00:00,449.35455,453.63293,448.09766,450.07037,51191.0,0.0,3.1741943,0.0015585982
2024-01-31 16:00:00,449.8179,455.685,447.65555,453.30197,56277.0,0.0,14.645752,0.0071801906
2024-02-01 16:00:00,453.28214,453.9639,447.21426,450.03635,233.0,0.0,-14.799927,-0.0072040497
2024-02-04 16:00:00,449.851,450.56592,444.3237,446.77075,45929.0,0.0,-14.799927,-0.0072563244
2024-02-05 16:00:00,446.63834,449.85983,446.1772,449.18478,45358.0,0.0,10.940552,0.0054033017
2024-02-06 16:00:00,448.9982,451.11755,448.00638,448.98767,39674.0,0.0,-0.89331055,-0.0004388157
2024-02-07 16:00:00,449.02246,449.79364,445.51523,448.7975,46296.0,0.0,-0.8619385,-0.00042359086
2024-02-08 16:00:00,448.7566,449.4847,445.7364,446.74207,156.0,0.0,-9.315308,-0.004579853
2024-02-11 16:00:00,446.60193,447.3665,443.88684,445.65277,41433.0,0.0,-4.9367676,-0.0024383194
2024-02-12 16:00:00,445.62555,447.8519,439.08896,439.7285,37628.0,0.0,-26.849121,-0.013293466
2024-02-13 16:00:00,439.6967,440.39395,437.79025,439.51172,44971.0,0.0,-0.9824219,-0.0004929673
2024-02-14 16:00:00,439.38556,443.0638,439.09482,442.0828,44362.0,0.0,11.652222,0.0058498266
2024-02-15 16:00:00,442.00467,444.60837,440.22183,444.2443,1929.0,0.0,9.7960205,0.0048893467
2024-02-18 16:00:00,444.14722,446.32944,443.77042,444.90558,41914.0,0.0,2.9970703,0.0014886062
2024-02-19 16:00:00,445.00552,448.09464,444.576,446.59976,43702.0,0.0,7.6781006,0.003807945
2024-02-20 16:00:00,446.53464,448.3594,445.7116,446.98712,41481.0,0.0,1.7556152,0.00086739234
2024-02-21 16:00:00,446.92517,448.95517,445.62335,446.60013,45553.0,0.0,-1.7539062,-0.000865797
2024-02-22 16:00:00,446.63834,450.38937,444.54437,449.14932,161.0,0.0,11.553101,0.005708006
2024-02-25 16:00:00,448.71246,449.41855,446.79858,448.09464,41510.0,0.0,-4.779907,-0.002348191
2024-02-26 16:00:00,448.00638,449.97018,447.6004,447.92947,42735.0,0.0,-0.74853516,-0.0003685931
2024-02-27 16:00:00,447.92917,449.6392,446.66702,448.82056,47344.0,0.0,4.038452,0.0019893446
2024-02-28 16:00:00,448.81616,452.46353,447.3025,450.9584,44187.0,0.0,9.688843,0.004763256
2024-02-29 16:00:00,450.98737,460.75995,449.64142,459.6148,172.0,0.0,39.2312,0.019195518
2024-03-03 16:00:00,459.1713,467.71045,458.77524,466.45114,40385.0,0.0,30.982666,0.01487406
2024-03-04 16:00:00,466.45496,472.54272,465.6496,469.46497,53026.0,0.0,13.658936,0.0064612334
2024-03-05 16:00:00,469.3212,474.85956,468.53568,473.94095,50556.0,0.0,20.2854,0.009534218
2024-03-06 16:00:00,473.9196,477.50735,473.0929,476.51443,57070.0,0.0,11.663086,0.005429927
2024-03-07 16:00:00,476.5034,484.32544,475.25107,480.8281,258.0,0.0,19.549805,0.009052553
2024-03-10 16:00:00,481.5011,481.50348,481.23633,481.42297,15.0,0.0,2.696045,0.001237206
2024-03-11 16:00:00,481.5011,482.0307,474.51752,476.17905,54419.0,0.0,-23.76587,-0.010892602
2024-03-12 16:00:00,476.16138,480.94946,475.49942,479.7017,47241.0,0.0,15.964844,0.007397741
2024-03-13 16:00:00,479.6804,480.33163,474.97522,477.01196,47324.0,0.0,-12.189941,-0.0056070588
2024-03-14 16:00:00,476.95572,479.3608,475.5215,475.62137,48499.0,0.0,-6.302246,-0.0029152164
2024-03-17 16:00:00,475.49942,477.35284,473.44955,476.59146,47296.0,0.0,4.3964844,0.0020396183
2024-03-18 16:00:00,476.55853,477.19843,473.604,475.96878,52506.0,0.0,-2.8220215,-0.0013065282
2024-03-19 16:00:00,476.02896,482.9133,474.2657,482.25134,46294.0,0.0,28.4729,0.013199515
2024-03-20 16:00:00,482.2626,490.37122,478.0369,481.20895,53606.0,0.0,-4.724121,-0.0021614854
2024-03-21 16:00:00,481.14807,482.33957,475.9205,477.70593,85358.0,0.0,-15.875977,-0.007279666
2024-03-24 16:00:00,477.61768,481.25842,477.33304,479.149,77385.0,0.0,6.540039,0.0030208172
2024-03-25 16:00:00,479.11026,485.38455,478.25754,480.67273,76884.0,0.0,6.9057617,0.0031801364
2024-03-26 16:00:00,480.7087,484.866,479.55936,484.1617,73899.0,0.0,15.812256,0.0072585368
2024-03-27 16:00:00,484.04633,493.15146,482.5763,492.84256,73774.0,0.0,39.34204,0.017929623
2024-03-31 16:00:00,494.14438,499.8813,491.6731,496.81427,77620.0,0.0,18.0,0.008058775
2024-04-01 16:00:00,496.48108,503.27927,495.685,503.08072,79929.0,0.0,28.399902,0.012613265
2024-04-02 16:00:00,502.8867,507.6923,499.8394,507.27765,83050.0,0.0,19.020752,0.008342472
2024-04-03 16:00:00,507.23557,508.59918,503.05862,505.34567,79514.0,0.0,-8.755859,-0.0038085335
2024-04-04 16:00:00,505.08646,514.1287,500.34756,513.9852,84703.0,0.0,39.15503,0.017096363
2024-04-07 16:00:00,512.1715,519.36475,508.07437,516.04297,82721.0,0.0,9.325684,0.004003453
2024-04-08 16:00:00,516.04395,521.85144,515.5672,519.0023,83763.0,0.0,13.412109,0.0057347696
2024-04-09 16:00:00,519.0602,520.71063,511.7523,514.81335,76508.0,0.0,-18.984863,-0.0080712885
2024-04-10 16:00:00,514.7046,524.6162,513.1424,523.38055,82092.0,0.0,38.82715,0.016641423
2024-04-11 16:00:00,523.6233,536.46515,514.9296,517.0258,75610.0,0.0,-28.800049,-0.012141724
2024-04-14 16:00:00,517.0527,526.77856,512.8555,525.7655,91659.0,0.0,39.608887,0.01690383
2024-04-15 16:00:00,525.6687,529.07336,521.30865,525.6924,92480.0,0.0,-0.33154297,-0.00013914015
2024-04-16 16:00:00,525.7437,528.5328,519.47504,520.5562,90339.0,0.0,-23.277344,-0.009770268
2024-04-17 16:00:00,520.8254,527.948,520.81604,524.91284,91628.0,0.0,19.744385,0.0083691375
2024-04-18 16:00:00,524.72876,533.44226,523.5648,527.66113,88344.0,0.0,12.455566,0.005235776
2024-04-21 16:00:00,526.8227,526.93304,513.03204,513.36304,85842.0,0.0,-64.799805,-0.02709713
2024-04-22 16:00:00,513.25934,515.062,505.552,512.30383,79453.0,0.0,-4.800293,-0.002063231
2024-04-23 16:00:00,512.2818,515.6357,510.0775,510.93497,79750.0,0.0,-6.2038574,-0.0026720152
2024-04-24 16:00:00,510.96014,517.3348,508.597,514.4663,78074.0,0.0,16.00415,0.0069114906
2024-04-25 16:00:00,514.4817,519.01166,513.23315,515.74603,72611.0,0.0,5.7998047,0.002487489
2024-04-28 16:00:00,515.43933,517.7716,511.90674,515.32904,102904.0,0.0,-1.8898926,-0.0008085483
2024-04-29 16:00:00,515.1591,515.45703,504.16852,504.3605,102470.0,0.0,-49.70996,-0.021284504
2024-04-30 16:00:00,504.2766,513.705,503.41046,511.50955,94902.0,0.0,32.399902,0.014174487
2024-05-01 16:00:00,511.8008,513.3123,504.29428,508.15567,103381.0,0.0,-15.199951,-0.0065568187
2024-05-02 16:00:00,508.1182,512.0369,502.4629,508.0538,101849.0,0.0,-0.46166992,-0.00020046545
2024-05-05 16:00:00,507.93723,514.51044,505.64862,512.69226,99281.0,0.0,21.021729,0.009129846
2024-05-06 16:00:00,512.3789,514.1,509.70023,510.6159,99435.0,0.0,-9.410156,-0.0040499046
2024-05-07 16:00:00,510.6402,512.2002,508.31012,509.20157,95770.0,0.0,-6.409912,-0.0027698895
2024-05-08 16:00:00,509.39133,517.89734,508.939,517.68115,102275.0,0.0,38.42993,0.016652698
2024-05-09 16:00:00,517.5929,524.7574,517.3833,520.76624,104529.0,0.0,13.981934,0.0059594973
2024-05-12 16:00:00,521.2469,521.72345,514.5766,515.43933,104629.0,0.0,-24.141846,-0.010228981
2024-05-13 16:00:00,515.84094,520.6599,515.15027,520.25397,100034.0,0.0,21.820068,0.009340783
2024-05-14 16:00:00,520.25397,527.36554,518.9197,526.42334,101654.0,0.0,27.95996,0.011858394
2024-05-15 16:00:00,526.40125,528.96967,523.1158,524.2808,104071.0,0.0,-9.709961,-0.0040699313
2024-05-16 16:00:00,524.625,534.5653,523.78436,532.8222,102912.0,0.0,38.70996,0.01629159
2024-05-19 16:00:00,532.76483,540.5692,531.12317,535.3089,106242.0,0.0,11.27002,0.0046671
2024-05-20 16:00:00,535.4016,537.0168,530.94885,534.06,98626.0,0.0,-5.6601562,-0.0023330748
2024-05-21 16:00:00,534.7197,535.4016,524.0028,524.83026,104207.0,0.0,-41.829834,-0.017282272
2024-05-22 16:00:00,524.72876,525.96216,513.40717,513.8617,104909.0,0.0,-49.70996,-0.020899182
2024-05-23 16:00:00,513.6631,517.9305,513.0541,514.9208,101789.0,0.0,4.7998047,0.0020610192
2024-05-26 16:00:00,515.0576,520.36426,514.549,518.6884,90980.0,0.0,17.075195,0.007316948
2024-05-27 16:00:00,518.9388,521.59326,516.34406,521.0394,101881.0,0.0,10.654785,0.004532553
2024-05-28 16:00:00,520.8464,521.28436,515.10614,515.6578,101900.0,0.0,-24.389893,-0.010328661
2024-05-29 16:00:00,516.14984,518.8947,512.46277,516.953,100908.0,0.0,5.870117,0.0025118282
2024-05-30 16:00:00,517.2222,520.62683,511.99115,513.44244,104253.0,0.0,-15.910156,-0.006790912
2024-06-02 16:00:00,513.04083,519.54126,510.72247,518.6696,104813.0,0.0,23.689941,0.010180684
2024-06-03 16:00:00,518.7469,519.13745,510.89392,513.33215,104905.0,0.0,-24.189941,-0.01029079
2024-06-04 16:00:00,513.59247,520.2518,513.1666,519.64056,100444.0,0.0,28.590088,0.012289148
2024-06-05 16:00:00,520.0178,524.78394,519.2566,524.25214,99945.0,0.0,20.899902,0.008874542
2024-06-06 16:00:00,524.294,526.8315,504.51984,505.9933,99079.0,0.0,-82.75,-0.03482832
2024-06-09 16:00:00,506.1235,510.50558,504.7577,509.71127,102306.0,0.0,16.850098,0.0073478855
2024-06-10 16:00:00,509.8238,511.8648,506.96417,511.17856,102146.0,0.0,6.6499023,0.0028786957
2024-06-11 16:00:00,510.82336,516.63745,509.83484,512.7893,99214.0,0.0,7.300049,0.0031510685
2024-06-12 16:00:00,513.0674,513.3211,506.4986,508.35202,99778.0,0.0,-20.110107,-0.008653267
2024-06-13 16:00:00,507.72763,515.53644,507.72763,514.6715,101177.0,0.0,28.640137,0.012431263
2024-06-16 16:00:00,514.2699,514.6752,509.67157,511.58237,92884.0,0.0,-14.0,-0.0060020923
2024-06-17 16:00:00,511.03738,514.7752,508.92133,513.9071,79894.0,0.0,10.535889,0.00454423
2024-06-18 16:00:00,513.84845,515.20105,512.72314,513.30347,76619.0,0.0,-2.7358398,-0.0011746561
2024-06-19 16:00:00,513.46454,521.91547,513.46454,520.7195,102079.0,0.0,33.609863,0.014447652
2024-06-20 16:00:00,520.7019,522.63257,511.15656,512.273,101362.0,0.0,-38.28003,-0.016220832
2024-06-23 16:00:00,512.01483,515.1414,511.23593,515.0444,97944.0,0.0,12.560059,0.005409971
2024-06-24 16:00:00,514.7509,515.671,510.91382,511.72357,100226.0,0.0,-15.050049,-0.006447599
2024-06-25 16:00:00,511.82727,512.6812,506.08157,507.04138,99769.0,0.0,-21.21997,-0.009149852
2024-06-26 16:00:00,507.37015,514.2898,506.69058,513.6079,96135.0,0.0,29.76001,0.012950734
2024-06-27 16:00:00,513.55304,516.21826,511.6971,513.30347,99072.0,0.0,-1.3798828,-0.0005928096
2024-06-30 16:00:00,513.1843,515.99536,511.54932,514.4486,100213.0,0.0,5.1899414,0.0022309662
2024-07-01 16:00:00,514.45746,515.5695,511.74344,513.93005,103509.0,0.0,-2.3500977,-0.0010079724
2024-07-02 16:00:00,513.9963,521.7985,513.40717,519.7994,102489.0,0.0,26.600098,0.011420469
2024-07-03 16:00:00,519.26105,521.2733,518.6586,519.9715,229.0,0.0,0.7800293,0.00033111576
2024-07-04 16:00:00,520.1304,527.98114,519.31616,527.6148,103562.0,0.0,34.639893,0.014699471
2024-07-07 16:00:00,526.249,527.5839,518.7398,520.4238,98810.0,0.0,-32.589844,-0.013629189
2024-07-08 16:00:00,520.3444,523.193,518.39386,521.5602,96050.0,0.0,5.1499023,0.0021834665
2024-07-09 16:00:00,521.49176,526.5888,521.2535,523.17316,93895.0,0.0,7.3100586,0.0030925814
2024-07-10 16:00:00,523.2416,534.9537,523.0875,532.8619,91601.0,0.0,43.909912,0.018519184
2024-07-11 16:00:00,533.11127,533.56354,527.65234,532.0238,98451.0,0.0,-3.7983398,-0.0015728376
2024-07-14 16:00:00,531.9859,538.2767,529.8212,534.44617,99354.0,0.0,10.9782715,0.0045531048
2024-07-15 16:00:00,534.4859,544.9072,533.95447,544.6998,96252.0,0.0,46.470215,0.019185603
2024-07-16 16:00:00,544.66003,547.9831,540.90015,542.5176,99708.0,0.0,-9.890137,-0.0040063583
2024-07-17 16:00:00,542.4161,546.048,538.44214,539.54095,98639.0,0.0,-13.48999,-0.005486591
2024-07-18 16:00:00,539.06,539.61383,528.19073,529.7353,85069.0,0.0,-44.43994,-0.018174136
2024-07-21 16:00:00,529.5411,532.22864,525.9843,528.7203,88228.0,0.0,-4.6000977,-0.0019160766
2024-07-22 16:00:00,528.80634,532.20215,526.9242,531.6505,108242.0,0.0,13.280029,0.0055421437
2024-07-23 16:00:00,531.43427,536.57544,528.7644,529.016,103687.0,0.0,-11.939941,-0.0049554226
2024-07-24 16:00:00,529.144,529.8015,519.1944,521.6595,102449.0,0.0,-33.340088,-0.013906015
2024-07-25 16:00:00,521.5845,527.4869,519.7842,526.55566,97080.0,0.0,22.189941,0.009385854
2024-07-28 16:00:00,526.4873,530.1766,522.8532,526.0151,102096.0,0.0,-2.4499512,-0.0010266392
2024-07-29 16:00:00,525.9048,532.339,524.34705,531.8822,97252.0,0.0,26.590088,0.011153888
2024-07-30 16:00:00,531.73883,540.7656,530.3928,540.0352,107270.0,0.0,36.94995,0.015328622
2024-07-31 16:00:00,540.0926,543.26117,536.2004,539.7484,103046.0,0.0,-1.3000488,-0.0005311807
2024-08-01 16:00:00,539.7837,546.59296,531.9087,539.13495,103982.0,0.0,-2.7800293,-0.0011364825
2024-08-04 16:00:00,538.8614,542.4911,521.6595,531.88885,93314.0,0.0,-32.839844,-0.01344028
2024-08-05 16:00:00,531.7211,533.55035,525.49884,527.39636,90638.0,0.0,-20.360107,-0.008446249
2024-08-06 16:00:00,527.1713,531.0592,524.8942,525.7503,106368.0,0.0,-7.459961,-0.0031210745
2024-08-07 16:00:00,525.58484,535.65753,525.3016,535.6421,105984.0,0.0,44.83008,0.018814586
2024-08-08 16:00:00,535.47327,537.70074,533.2657,536.38477,104962.0,0.0,3.3657227,0.0013864632
2024-08-11 16:00:00,536.33716,545.6574,534.78815,545.653,104686.0,0.0,42.00415,0.017279075
2024-08-12 16:00:00,544.6932,546.5202,542.4249,543.83484,106713.0,0.0,-8.23999,-0.003332076
2024-08-13 16:00:00,544.3335,546.8158,537.9435,540.0551,106513.0,0.0,-17.129883,-0.0069501167
2024-08-14 16:00:00,540.0308,544.98663,536.64166,542.0454,105194.0,0.0,9.02002,0.0036853107
2024-08-15 16:00:00,541.9858,553.75525,540.7237,553.3449,103615.0,0.0,51.20996,0.020846037
2024-08-18 16:00:00,553.325,553.6979,548.4685,552.54834,102588.0,0.0,-3.6101074,-0.0014395573
2024-08-19 16:00:00,551.9018,558.5897,551.00244,554.6247,100113.0,0.0,9.410156,0.0037577795
2024-08-20 16:00:00,554.38855,556.0082,550.3021,554.2517,103771.0,0.0,-1.6901855,-0.0006724189
2024-08-21 16:00:00,554.3003,554.8629,545.15875,548.217,106327.0,0.0,-27.349854,-0.010888115
2024-08-22 16:00:00,547.6322,555.63965,547.4778,554.30444,101002.0,0.0,27.588867,0.01110417
2024-08-25 16:00:00,553.8171,557.5218,553.5214,555.5845,104754.0,0.0,5.8010254,0.0023091978
2024-08-26 16:00:00,555.64624,557.3651,552.3542,556.99005,103017.0,0.0,6.370117,0.0025298924
2024-08-27 16:00:00,556.5774,558.0072,550.1807,552.577,102981.0,0.0,-20.0,-0.007922957
2024-08-28 16:00:00,552.5406,557.91895,552.3828,556.2883,102580.0,0.0,16.819824,0.0067163506
2024-08-29 16:00:00,556.16925,557.5439,550.344,552.24164,100849.0,0.0,-18.339844,-0.007274454
2024-09-01 16:00:00,551.4914,551.4914,551.4914,551.4914,375.0,0.0,-3.4001465,-0.0013585425
2024-09-02 16:00:00,551.6525,552.9896,545.7567,550.0792,105115.0,0.0,-6.3999023,-0.0025605857
2024-09-03 16:00:00,549.96893,551.6238,545.4225,550.58673,98681.0,0.0,2.3000488,0.0009226065
2024-09-04 16:00:00,550.5117,556.7231,550.2117,555.31085,100047.0,0.0,21.409912,0.00858013
2024-09-05 16:00:00,555.75214,558.04034,548.314,550.9699,100128.0,0.0,-19.67334,-0.0078171175
2024-09-08 16:00:00,550.9244,553.1904,548.4045,552.95654,99870.0,0.0,9.003418,0.0036056556
2024-09-09 16:00:00,553.0691,555.6727,551.61597,555.2844,100718.0,0.0,10.550049,0.0042098654
2024-09-10 16:00:00,555.0064,557.9785,551.80255,554.201,101871.0,0.0,-4.9101562,-0.0019511225
2024-09-11 16:00:00,554.169,564.86285,554.0179,564.56055,98702.0,0.0,46.950195,0.018692821
2024-09-12 16:00:00,564.03094,570.59973,564.03094,568.70215,103322.0,0.0,18.769775,0.0073358975
2024-09-15 16:00:00,568.7397,571.3897,568.2167,569.80756,100598.0,0.0,5.01001,0.0019438307
2024-09-16 16:00:00,569.7105,570.77625,564.99524,566.9259,99506.0,0.0,-13.059814,-0.0050572394
2024-09-17 16:00:00,567.354,573.6734,561.9723,564.56494,102162.0,0.0,-10.700195,-0.0041645695
2024-09-18 16:00:00,564.5495,572.4885,562.8776,570.6814,110394.0,0.0,27.720215,0.010833965
2024-09-19 16:00:00,570.7542,579.3375,570.3261,578.51447,104710.0,0.0,35.5,0.0137258535
2024-09-22 16:00:00,578.4042,581.3697,576.64777,579.94653,104168.0,0.0,6.48999,0.002475338
2024-09-23 16:00:00,579.9619,587.84796,578.67334,586.2659,106267.0,0.0,28.639893,0.010896529
2024-09-24 16:00:00,585.9261,589.15643,584.6331,586.26373,105069.0,0.0,-0.010009766,-3.7673328e-06
2024-09-25 16:00:00,586.2284,592.5148,585.62604,589.53156,108801.0,0.0,14.810059,0.0055740196
2024-09-26 16:00:00,588.96,590.0611,583.18787,586.49335,105821.0,0.0,-13.769287,-0.0051535815
2024-09-29 16:00:00,586.38947,588.23413,579.161,581.2594,97950.0,0.0,-23.720703,-0.008924197
2024-09-30 16:00:00,581.40497,589.7301,580.529,587.6185,96962.0,0.0,28.820068,0.010940313
2024-10-01 16:00:00,587.5479,587.56775,582.75757,586.61237,96141.0,0.0,-4.5600586,-0.0017122993
2024-10-02 16:00:00,586.523,587.56775,582.47076,586.0188,95660.0,0.0,-2.6899414,-0.0010118039
2024-10-03 16:00:00,585.62604,589.11005,580.70557,585.4385,93746.0,0.0,-2.630127,-0.0009903071
2024-10-06 16:00:00,584.85596,586.82196,581.94336,583.0047,96293.0,0.0,-11.030029,-0.0041571925
2024-10-07 16:00:00,583.19006,585.37225,574.695,578.47473,99893.0,0.0,-20.53003,-0.007770022
2024-10-08 16:00:00,578.0908,579.0639,574.7876,575.32166,103175.0,0.0,-14.290039,-0.0054507186
2024-10-09 16:00:00,575.3768,580.6261,574.9686,580.23334,102696.0,0.0,22.26001,0.008537277
2024-10-10 16:00:00,580.4209,587.2214,579.6464,586.31006,99827.0,0.0,27.54004,0.010472892
2024-10-13 16:00:00,586.23065,588.39514,583.19006,584.4919,101267.0,0.0,-8.23999,-0.0031010166
2024-10-14 16:00:00,584.86694,588.874,582.1088,587.46405,103094.0,0.0,13.469971,0.0050850227
2024-10-15 16:00:00,587.5435,592.4662,586.60803,589.9221,106077.0,0.0,11.140137,0.004184215
2024-10-16 16:00:00,589.92096,595.0037,589.7125,594.1343,91893.0,0.0,19.089844,0.0071402336
2024-10-17 16:00:00,593.98206,600.72516,593.77686,600.3875,99783.0,0.0,28.340088,0.010524981
2024-10-20 16:00:00,600.41406,604.65717,598.85626,600.0764,102556.0,0.0,-1.4099121,-0.00051816145
2024-10-21 16:00:00,600.0698,606.5194,599.83594,606.50616,102574.0,0.0,29.139893,0.01071485
2024-10-22 16:00:00,606.58344,608.6178,597.6537,599.08575,102637.0,0.0,-33.629883,-0.012234743
2024-10-23 16:00:00,599.6263,605.27057,599.17615,603.66644,103532.0,0.0,20.76001,0.007646159
2024-10-24 16:00:00,603.62225,606.27795,599.4402,606.27795,102238.0,0.0,11.835693,0.0043261484
2024-10-27 16:00:00,603.3619,605.8641,601.1727,605.0609,103329.0,0.0,-5.515869,-0.00200746
2024-10-28 16:00:00,605.3147,612.2497,604.4431,612.1791,104451.0,0.0,32.26001,0.011764409
2024-10-29 16:00:00,612.2078,615.59033,611.2457,615.01886,103789.0,0.0,12.870117,0.004638833
2024-10-30 16:00:00,615.0359,615.6124,602.7066,605.4184,103230.0,0.0,-43.51001,-0.015610091
2024-10-31 16:00:00,605.0344,609.4342,603.0367,603.6973,106294.0,0.0,-7.800049,-0.002842801
2024-11-03 16:00:00,603.1986,606.3628,602.0733,604.0194,104839.0,0.0,1.4599609,0.00053361343
2024-11-04 16:00:00,603.6774,606.76434,601.1731,605.1536,105471.0,0.0,5.1401367,0.0018777099
2024-11-05 16:00:00,605.3147,606.7048,585.2289,587.1706,106430.0,0.0,-81.5,-0.029716436
2024-11-06 16:00:00,586.74207,597.9604,583.3092,596.62103,87112.0,0.0,42.829834,0.016094845
2024-11-07 16:00:00,596.6652,598.0266,591.385,592.44855,85026.0,0.0,-18.909912,-0.0069935177
2024-11-10 16:00:00,592.23895,592.6626,576.0047,578.6976,82165.0,0.0,-62.32007,-0.023210367
2024-11-11 16:00:00,577.612,579.66406,571.3941,573.79694,84726.0,0.0,-22.20996,-0.0084683895
2024-11-12 16:00:00,573.24976,577.815,567.69226,567.93866,83429.0,0.0,-26.550049,-0.010209672
2024-11-13 16:00:00,567.5912,569.54944,559.7261,566.617,90530.0,0.0,-5.98999,-0.002327177
2024-11-14 16:00:00,566.4471,568.37115,563.636,565.3306,85449.0,0.0,-5.829834,-0.0022702378
2024-11-17 16:00:00,566.04114,576.9986,565.65717,575.95935,82443.0,0.0,48.16992,0.018800879
2024-11-18 16:00:00,576.03656,582.3781,575.8998,581.04535,86282.0,0.0,23.050049,0.008830489
2024-11-19 16:00:00,580.6768,585.89526,577.7731,584.39923,90546.0,0.0,15.199951,0.0057721403
2024-11-20 16:00:00,584.4191,589.8912,584.1877,589.43005,88250.0,0.0,22.800049,0.0086085675
2024-11-21 16:00:00,589.1035,598.2605,588.596,597.2698,88834.0,0.0,35.53003,0.013300502
2024-11-24 16:00:00,598.6378,600.4206,577.11554,579.49194,81982.0,0.0,-80.57007,-0.02976514
2024-11-25 16:00:00,579.1676,582.91425,574.8418,580.7011,89215.0,0.0,5.4799805,0.002086586
2024-11-26 16:00:00,580.8048,586.50867,579.6442,581.7448,84602.0,0.0,4.7299805,0.0017972621
2024-11-27 16:00:00,581.88934,584.6331,578.2825,581.9941,433.0,0.0,1.1298828,0.00042855408
2024-11-28 16:00:00,582.7488,588.28046,581.191,585.506,80358.0,0.0,15.916016,0.0060342113
2024-12-01 16:00:00,585.4562,586.01,578.4769,581.9191,85491.0,0.0,-16.25586,-0.0061260895
2024-12-02 16:00:00,582.28314,585.87976,581.191,583.11945,82922.0,0.0,5.4399414,0.0020627012
2024-12-03 16:00:00,582.9451,586.2703,580.8379,584.6839,81779.0,0.0,7.090088,0.0026828651
2024-12-04 16:00:00,584.6155,585.91284,578.8451,580.61505,80222.0,0.0,-18.440186,-0.006959033
2024-12-05 16:00:00,580.946,583.72845,576.6279,580.81366,81141.0,0.0,0.9001465,0.00034208153
2024-12-08 16:00:00,581.25055,590.5156,579.7346,586.4645,81536.0,0.0,25.609863,0.009729156
2024-12-09 16:00:00,587.164,594.761,586.3983,594.0262,80039.0,0.0,34.27002,0.012893694
2024-12-10 16:00:00,594.61975,600.3809,590.01917,599.45197,78505.0,0.0,24.590088,0.009133963
2024-12-11 16:00:00,599.463,601.44666,590.17145,591.1445,79071.0,0.0,-37.650146,-0.013858524
2024-12-12 16:00:00,591.4667,594.1233,583.7375,583.8829,80462.0,0.0,-32.909912,-0.012283944
2024-12-15 16:00:00,584.44336,587.89435,583.1502,585.23773,72673.0,0.0,6.1401367,0.0023203688
2024-12-16 16:00:00,585.5025,586.61676,580.9328,583.3864,76771.0,0.0,-8.390137,-0.003163308
2024-12-17 16:00:00,583.82996,585.08984,570.76086,572.2657,77563.0,0.0,-50.399902,-0.019062424
2024-12-18 16:00:00,570.33057,579.4986,569.85583,572.8945,83416.0,0.0,2.8498535,0.0010988277
2024-12-19 16:00:00,572.7533,580.6504,571.3901,578.66455,81566.0,0.0,26.150146,0.010071733
2024-12-22 16:00:00,578.3214,581.0078,575.36145,576.17114,76869.0,0.0,-11.300049,-0.0043088184
2024-12-23 16:00:00,576.36316,578.41736,575.81464,576.7206,65362.0,0.0,2.4899902,0.0009535662
2024-12-25 16:00:00,577.06036,582.292,576.7515,581.2042,72951.0,0.0,20.320068,0.0077743563
2024-12-26 16:00:00,580.9063,582.089,576.0741,577.1067,73558.0,0.0,-18.570068,-0.0070500057
2024-12-29 16:00:00,578.1504,579.8604,572.7071,575.3371,76284.0,0.0,-8.02002,-0.0030663663
2024-12-30 16:00:00,575.0216,579.7369,574.1544,578.7417,77012.0,0.0,15.429932,0.00591761
2025-01-01 16:00:00,579.4787,587.0205,578.3225,586.897,84857.0,0.0,36.960205,0.014091405
2025-01-02 16:00:00,586.1578,588.051,581.6702,582.0317,76838.0,0.0,-22.050049,-0.008289959
2025-01-05 16:00:00,582.70465,584.55585,576.75806,581.4381,79559.0,0.0,-2.6899414,-0.001019767
2025-01-06 16:00:00,581.63226,587.8392,580.79565,584.76324,78040.0,0.0,15.069824,0.0057188594
2025-01-07 16:00:00,584.24475,589.1587,583.5475,587.5457,79289.0,0.0,12.610107,0.004758208
2025-01-08 16:00:00,586.9742,590.9702,585.8389,588.8861,77016.0,0.0,6.074707,0.0022813317
2025-01-09 16:00:00,588.6136,595.2773,587.6119,593.6643,80863.0,0.0,21.655273,0.008114039
2025-01-12 16:00:00,593.33997,594.2689,586.11383,587.3251,75696.0,0.0,-28.72998,-0.010678226
2025-01-13 16:00:00,587.3559,590.5995,586.7955,590.5907,75079.0,0.0,14.800049,0.005560186
2025-01-14 16:00:00,590.73627,594.99927,588.8074,594.9706,71754.0,0.0,19.849854,0.0074160974
2025-01-15 16:00:00,594.71686,601.1731,593.5055,599.01953,75513.0,0.0,18.350098,0.0068053054
2025-01-16 16:00:00,599.2865,599.57336,595.6847,595.8642,73432.0,0.0,-14.300049,-0.0052674604
2025-01-19 16:00:00,596.2261,598.779,593.3053,597.577,64617.0,0.0,7.7626953,0.0028745506
2025-01-20 16:00:00,597.51373,605.8817,596.2173,605.07855,77333.0,0.0,33.997314,0.012553228
2025-01-21 16:00:00,605.0322,609.75195,604.8888,608.12024,78672.0,0.0,13.784912,0.005026862
2025-01-22 16:00:00,607.86536,608.73035,603.5649,607.4541,80081.0,0.0,-3.0187988,-0.0010953413
2025-01-23 16:00:00,607.58954,614.6724,607.2696,611.4686,79662.0,0.0,18.193848,0.006608696
2025-01-26 16:00:00,611.2568,611.79736,602.2211,604.86237,80332.0,0.0,-29.939941,-0.010803924
2025-01-27 16:00:00,604.5159,610.0675,603.33734,609.75635,78868.0,0.0,22.179932,0.008091115
2025-01-28 16:00:00,609.51587,610.3499,605.5507,607.7352,79293.0,0.0,-9.159912,-0.0033146655
2025-01-29 16:00:00,608.7127,617.4571,608.37506,616.87537,81806.0,0.0,41.42383,0.015039748
2025-01-30 16:00:00,616.5789,621.6207,615.7448,617.9403,78718.0,0.0,4.826172,0.0017262753
2025-02-02 16:00:00,617.9006,624.54877,611.5304,621.5943,79707.0,0.0,16.560059,0.0059131663
2025-02-03 16:00:00,621.49054,627.7769,619.2333,627.4746,83523.0,0.0,26.649902,0.009460048
2025-02-04 16:00:00,627.08704,635.941,626.44635,631.48376,84032.0,0.0,18.169922,0.0063894233
2025-02-05 16:00:00,632.5507,634.01245,625.32104,630.1687,82751.0,0.0,-5.959961,-0.0020825043
2025-02-06 16:00:00,629.9652,636.92725,629.3148,631.19806,87709.0,0.0,4.665039,0.0016334399
2025-02-09 16:00:00,631.30945,642.3354,629.71173,641.37775,101549.0,0.0,46.13501,0.016127598
2025-02-10 16:00:00,641.47766,649.3079,635.77985,639.3919,108761.0,0.0,-9.0,-0.0030962308
2025-02-11 16:00:00,639.20435,641.8389,631.86774,639.9855,105444.0,0.0,2.6899414,0.000928283
2025-02-12 16:00:00,640.4952,646.24756,639.9259,646.0697,100422.0,0.0,27.574219,0.009506877
2025-02-13 16:00:00,645.5878,648.70557,634.7428,636.3977,109489.0,0.0,-43.83423,-0.014970583
2025-02-16 16:00:00,636.091,641.2939,634.8972,639.3688,97901.0,0.0,13.465088,0.0046685855
2025-02-17 16:00:00,639.5684,648.09436,638.05255,647.353,107333.0,0.0,36.18506,0.012487704
2025-02-18 16:00:00,647.99506,650.22144,643.87775,647.7789,106686.0,0.0,1.9299316,0.0006578176
2025-02-19 16:00:00,647.1301,651.9447,645.1862,648.34375,105256.0,0.0,2.5600586,0.0008720229
2025-02-20 16:00:00,648.539,650.83264,643.5026,647.4523,106795.0,0.0,-4.040039,-0.0013749439
2025-02-23 16:00:00,647.77,652.2757,644.4735,651.13715,104624.0,0.0,16.699951,0.005691309
2025-02-24 16:00:00,650.7896,651.7086,637.23615,642.77893,108255.0,0.0,-37.879883,-0.012836331
2025-02-25 16:00:00,643.43866,646.4704,637.8385,643.5644,104965.0,0.0,3.5598145,0.0012219979
2025-02-26 16:00:00,643.34595,644.4536,632.7447,633.88226,106632.0,0.0,-43.879883,-0.015044514
2025-02-27 16:00:00,635.15326,636.54553,624.9459,629.84656,107890.0,0.0,-18.29004,-0.006366647
2025-03-02 16:00:00,630.8351,638.2953,630.00323,637.86505,105254.0,0.0,36.340088,0.012730807
2025-03-03 16:00:00,637.5517,646.04895,635.80194,643.74536,106547.0,0.0,26.649902,0.009218739
2025-03-04 16:00:00,643.8204,646.43286,638.54016,644.6765,106147.0,0.0,4.2199707,0.0014464388
2025-03-05 16:00:00,644.116,645.7643,637.9046,642.1346,106627.0,0.0,-11.52002,-0.003942903
2025-03-06 16:00:00,642.24866,646.5785,639.00134,641.6999,107637.0,0.0,-1.9699707,-0.0006769217
2025-03-09 16:00:00,642.2405,643.8976,635.47095,637.3531,107734.0,0.0,-19.699951,-0.0067738863
2025-03-10 16:00:00,637.3072,644.72284,635.49304,643.2467,96880.0,0.0,26.70996,0.009246936
2025-03-11 16:00:00,643.5048,648.8534,641.23,647.2669,81190.0,0.0,18.21997,0.0062499256
2025-03-12 16:00:00,647.08075,659.59247,646.8543,659.427,82012.0,0.0,55.110107,0.01878679
2025-03-13 16:00:00,659.1792,663.0037,657.11676,658.487,83956.0,0.0,-4.26001,-0.0014254389
2025-03-16 16:00:00,658.487,662.36163,657.9266,662.0946,95968.0,0.0,16.349854,0.0054786224
2025-03-17 16:00:00,661.67096,670.38446,661.67096,669.5239,100078.0,0.0,33.670166,0.011220958
2025-03-18 16:00:00,669.4826,673.42285,666.91364,672.4233,96920.0,0.0,13.139893,0.004330424
2025-03-19 16:00:00,672.3417,674.55914,667.54254,671.7834,102813.0,0.0,-2.8999023,-0.0009515801
2025-03-20 16:00:00,671.3002,672.3924,661.74805,667.16077,103830.0,0.0,-20.949951,-0.0068811094
2025-03-23 16:00:00,666.70184,669.2437,662.4124,664.5306,104856.0,0.0,-11.920166,-0.003942362
2025-03-24 16:00:00,664.7802,669.8306,663.5642,666.28674,103837.0,0.0,7.9589844,0.0026426972
2025-03-25 16:00:00,666.31116,669.0032,664.61255,666.2252,104953.0,0.0,-0.2788086,-9.233146e-05
2025-03-26 16:00:00,666.18976,675.0292,665.65594,674.42456,108325.0,0.0,37.159912,0.012307174
2025-03-27 16:00:00,674.03625,681.06616,673.7759,680.6734,110031.0,0.0,28.320068,0.009265431
2025-03-30 16:00:00,680.79694,690.2077,678.82874,689.22144,107828.0,0.0,38.73999,0.012558144
2025-03-31 16:00:00,689.08795,694.79944,684.14685,687.0149,109056.0,0.0,-10.0,-0.0032014444
2025-04-01 16:00:00,686.98224,692.5594,685.00696,691.3529,109351.0,0.0,19.659912,0.0063142264
2025-04-02 16:00:00,691.333,698.9256,673.8862,687.1892,111994.0,0.0,-18.870117,-0.006022538
2025-04-03 16:00:00,686.9151,692.0457,665.32495,670.28076,110044.0,0.0,-76.62988,-0.024605181
2025-04-06 16:00:00,669.67395,674.1355,652.2845,657.9111,102886.0,0.0,-56.06006,-0.018454468
2025-04-07 16:00:00,658.05237,666.90924,656.29535,658.08984,108135.0,0.0,0.8100586,0.00027167768
2025-04-08 16:00:00,658.3391,683.90814,655.2677,680.1814,111683.0,0.0,100.12012,0.033569194
2025-04-09 16:00:00,680.3645,700.87616,677.46075,700.6202,111303.0,0.0,92.62988,0.030049074
2025-04-10 16:00:00,700.5132,716.01276,700.42163,714.28503,107120.0,0.0,61.92993,0.019503955
2025-04-13 16:00:00,714.08264,716.0768,704.53455,708.45105,108523.0,0.0,-26.439941,-0.008167584
2025-04-14 16:00:00,708.1381,713.4709,708.05347,712.6368,105734.0,0.0,18.96997,0.005908286
2025-04-15 16:00:00,712.30115,737.62103,711.78955,737.60565,110800.0,0.0,113.16016,0.03503725
2025-04-16 16:00:00,737.6696,740.7874,724.5034,734.1377,113437.0,0.0,-15.717041,-0.0047016605
2025-04-20 16:00:00,735.6727,756.91473,734.37866,755.5732,114523.0,0.0,97.14697,0.029198227
2025-04-21 16:00:00,754.8715,772.21686,742.7931,745.955,111204.0,0.0,-43.590088,-0.0127296345
2025-04-22 16:00:00,746.0852,747.22375,719.38434,725.4875,113477.0,0.0,-92.76001,-0.027438026
2025-04-23 16:00:00,725.52997,742.835,725.2801,739.1259,110918.0,0.0,61.81006,0.018798966
2025-04-24 16:00:00,738.46173,743.6055,720.4214,732.2558,108094.0,0.0,-31.135742,-0.009294917
2025-04-27 16:00:00,734.1039,739.80994,720.86816,737.7976,106239.0,0.0,25.115723,0.0075681126
2025-04-28 16:00:00,737.2592,738.817,728.02716,731.957,109217.0,0.0,-26.46997,-0.007916276
2025-04-29 16:00:00,731.4497,734.3047,720.8627,725.49634,107706.0,0.0,-29.28003,-0.008826544
2025-04-30 16:00:00,725.42834,726.00824,706.45416,714.6734,97874.0,0.0,-49.05005,-0.014917944
2025-05-01 16:00:00,714.4881,721.3084,711.0437,714.9214,103907.0,0.0,1.1237793,0.000346959
2025-05-04 16:00:00,714.57635,736.4207,714.1174,735.69037,110699.0,0.0,94.12622,0.029050732
2025-05-05 16:00:00,736.0765,757.89,733.2516,757.1707,110673.0,0.0,97.3501,0.029197525
2025-05-06 16:00:00,756.6439,758.4836,741.33716,742.4158,114482.0,0.0,-66.87012,-0.019486912
2025-05-07 16:00:00,742.7887,753.3645,725.58453,729.3158,111676.0,0.0,-59.369873,-0.017645082
2025-05-08 16:00:00,729.12854,738.5721,722.5739,733.4538,115695.0,0.0,18.753662,0.0056738155
2025-05-11 16:00:00,733.603,733.603,707.71185,713.8901,109680.0,0.0,-88.66382,-0.0266734
2025-05-12 16:00:00,713.3517,720.4302,709.56537,717.00793,109831.0,0.0,14.130127,0.0043673646
2025-05-13 16:00:00,716.6323,718.6297,698.9521,700.8938,114082.0,0.0,-73.03003,-0.022474097
2025-05-14 16:00:00,700.9655,715.0066,688.5263,714.8323,114604.0,0.0,63.16992,0.019886706
2025-05-15 16:00:00,714.61163,717.51544,695.92914,706.58344,116050.0,0.0,-37.384277,-0.011539568
2025-05-18 16:00:00,709.69775,716.89746,707.19336,712.5464,111797.0,0.0,27.024414,0.008439128
2025-05-19 16:00:00,712.5684,727.15784,706.99146,725.8869,112442.0,0.0,60.45996,0.01872231
2025-05-20 16:00:00,725.85815,733.6052,724.85645,731.4627,111043.0,0.0,25.27002,0.0076814173
2025-05-21 16:00:00,731.5745,738.1021,723.5855,726.99677,111590.0,0.0,-20.23999,-0.0061055226
2025-05-22 16:00:00,726.57526,742.64526,725.2534,740.7244,111279.0,0.0,62.2146,0.01888272
2025-05-25 16:00:00,739.8386,740.57336,733.3515,737.5394,101154.0,0.0,-14.43457,-0.0042998362
2025-05-26 16:00:00,737.77386,739.1303,724.8785,728.3162,109681.0,0.0,-41.80005,-0.012505362
2025-05-27 16:00:00,728.54285,733.7111,722.86176,725.2624,109598.0,0.0,-13.840088,-0.0041929875
2025-05-28 16:00:00,725.03735,734.85406,716.0746,732.08936,108728.0,0.0,30.940186,0.009413095
2025-05-29 16:00:00,732.3519,733.11536,721.89185,725.65076,110656.0,0.0,-29.180176,-0.008794852
2025-06-01 16:00:00,725.7302,746.3941,725.664,746.008,111557.0,0.0,92.26001,0.028053727
2025-06-02 16:00:00,745.6969,748.44617,735.4256,739.7746,112044.0,0.0,-28.25,-0.00835564
2025-06-03 16:00:00,739.45184,746.7692,737.71704,744.1678,112930.0,0.0,19.910156,0.005938544
2025-06-04 16:00:00,744.83875,750.9042,736.59503,739.75916,113297.0,0.0,-19.980225,-0.0059242616
2025-06-05 16:00:00,739.8947,744.7591,729.60706,730.09467,113295.0,0.0,-43.799805,-0.013064313
2025-06-08 16:00:00,730.43665,736.5222,726.7099,733.6074,113941.0,0.0,15.919922,0.0048113447
2025-06-09 16:00:00,734.18774,738.9339,728.4855,733.28973,112433.0,0.0,-1.4399414,-0.00043309765
2025-06-10 16:00:00,733.207,741.4824,731.498,740.2865,113353.0,0.0,31.70996,0.00954168
2025-06-11 16:00:00,740.67706,749.95984,736.59503,746.9833,114362.0,0.0,30.350098,0.009046175
2025-06-12 16:00:00,746.88837,760.4981,745.64966,757.26996,115142.0,0.0,46.619873,0.013770983
2025-06-15 16:00:00,756.89594,761.46014,746.3257,746.8001,108989.0,0.0,-47.44995,-0.0138257835
2025-06-16 16:00:00,746.43604,750.891,742.66296,747.4709,112427.0,0.0,3.040039,0.00089821336
2025-06-17 16:00:00,747.9276,750.16504,741.9127,743.2984,110278.0,0.0,-18.910156,-0.0055822018
2025-06-18 16:00:00,743.2742,747.4907,738.55884,743.63885,115221.0,0.0,1.5429688,0.000458035
2025-06-19 16:00:00,743.6647,744.5539,737.0143,743.07776,113203.0,0.0,-2.5429688,-0.0007545425
2025-06-22 16:00:00,743.038,748.77496,738.5368,743.19244,115202.0,0.0,0.52001953,0.00015441523
2025-06-23 16:00:00,743.2256,743.71545,727.10706,733.3846,115442.0,0.0,-44.44995,-0.013196984
2025-06-24 16:00:00,732.9492,736.2994,730.7257,735.18506,111948.0,0.0,8.159912,0.0024550392
2025-06-25 16:00:00,735.2274,739.1987,730.2933,734.2561,112849.0,0.0,-4.209961,-0.0012635316
2025-06-26 16:00:00,734.2253,734.3598,718.3473,722.2748,115059.0,0.0,-54.30005,-0.016317641
2025-06-29 16:00:00,721.94604,730.2094,716.47614,728.74426,112259.0,0.0,29.320068,0.008957096
2025-06-30 16:00:00,728.7171,740.8955,728.38245,736.56854,114134.0,0.0,35.45996,0.010736626
2025-07-01 16:00:00,736.51117,741.328,734.18994,740.88446,113793.0,0.0,19.560059,0.0058595156
2025-07-02 16:00:00,740.8911,742.57465,730.65955,733.9163,112495.0,0.0,-31.580078,-0.009405187
2025-07-03 16:00:00,733.88104,738.0535,733.24115,735.86804,98957.0,0.0,8.845215,0.0026592952
2025-07-06 16:00:00,735.74774,737.50854,727.2836,736.167,113304.0,0.0,1.3549805,0.0004062916
2025-07-07 16:00:00,735.9883,738.1793,725.26465,728.4301,114013.0,0.0,-35.063965,-0.010509678
2025-07-08 16:00:00,727.8109,731.8511,724.31244,731.08984,113155.0,0.0,12.053955,0.0036512907
2025-07-09 16:00:00,731.06995,734.79016,730.35065,733.389,109969.0,0.0,10.419922,0.0031448393
2025-07-10 16:00:00,733.1871,743.27637,732.8219,740.302,113362.0,0.0,31.330078,0.0094260955
2025-07-13 16:00:00,740.37256,744.61346,737.1746,737.6762,113915.0,0.0,-11.9001465,-0.0035468934
2025-07-14 16:00:00,737.6646,742.7556,732.5571,733.2191,112153.0,0.0,-20.199951,-0.006042119
2025-07-15 16:00:00,733.04034,745.04596,732.42474,738.51025,110151.0,0.0,23.97998,0.0072163865
2025-07-16 16:00:00,738.36816,739.66205,730.2624,736.7495,110060.0,0.0,-7.9799805,-0.0023842403
2025-07-17 16:00:00,736.6315,741.61707,735.0725,739.05133,109379.0,0.0,10.432129,0.0031243367
2025-07-20 16:00:00,738.76404,750.47614,738.0138,749.4854,106301.0,0.0,47.28784,0.0141182095
2025-07-21 16:00:00,749.37225,757.5635,746.4581,757.1354,109425.0,0.0,34.66992,0.010206913
2025-07-22 16:00:00,757.05817,758.7153,746.083,747.3186,111518.0,0.0,-44.48999,-0.012965627
2025-07-23 16:00:00,747.42896,748.6867,739.3973,743.1263,109146.0,0.0,-19.0,-0.005609866
2025-07-24 16:00:00,743.369,744.30896,733.6273,736.30817,118783.0,0.0,-30.899902,-0.009174855
2025-07-27 16:00:00,735.5922,738.0977,728.4795,731.40753,109682.0,0.0,-22.20996,-0.006655687
2025-07-28 16:00:00,731.72864,735.62415,729.8658,733.96704,110932.0,0.0,11.5998535,0.0034994339
2025-07-29 16:00:00,733.8499,735.6352,721.0392,722.6941,110990.0,0.0,-51.089844,-0.015358993
2025-07-30 16:00:00,722.69635,731.37885,722.27924,725.7236,112841.0,0.0,13.72998,0.004191989
2025-07-31 16:00:00,725.99133,742.09045,724.018,741.9406,111075.0,0.0,73.49634,0.02234597
2025-08-03 16:00:00,742.3099,746.96564,738.0072,744.44794,108843.0,0.0,11.363525,0.0033794707
2025-08-04 16:00:00,744.2203,748.06885,739.0818,745.89545,108577.0,0.0,6.5600586,0.0019443664
2025-08-05 16:00:00,746.35657,746.8773,740.94183,743.41315,110551.0,0.0,-11.25,-0.0033279692
2025-08-06 16:00:00,743.1175,750.6218,742.2018,749.30475,111380.0,0.0,26.701172,0.007925102
2025-08-07 16:00:00,749.50024,751.981,745.53357,749.90454,98718.0,0.0,2.7182617,0.0008004561
2025-08-10 16:00:00,749.6035,751.13586,737.2349,737.45825,110983.0,0.0,-56.407227,-0.01659715
2025-08-11 16:00:00,737.37836,741.13165,734.93097,738.76404,110361.0,0.0,5.9179688,0.0017706795
2025-08-12 16:00:00,738.75745,743.7088,737.47766,740.47626,110310.0,0.0,7.7597656,0.0023176486
2025-08-13 16:00:00,740.1517,744.53845,734.68335,735.82056,110538.0,0.0,-21.099854,-0.006287428
2025-08-14 16:00:00,736.0677,738.9008,735.1255,736.02136,106870.0,0.0,0.9099121,0.00027285522
2025-08-17 16:00:00,736.3104,740.997,733.21027,735.2629,101243.0,0.0,-3.4372559,-0.0010304482
2025-08-18 16:00:00,735.2237,738.09546,731.37445,731.4627,106259.0,0.0,-17.222656,-0.0051684724
2025-08-19 16:00:00,731.4914,739.15454,730.6154,738.7265,106204.0,0.0,32.91992,0.0099305045
2025-08-20 16:00:00,738.5222,739.70135,733.68024,736.6039,106166.0,0.0,-9.619873,-0.0028733623
2025-08-21 16:00:00,736.6197,745.4718,732.8219,743.9647,103604.0,0.0,33.359863,0.0099929795
2025-08-24 16:00:00,743.5985,744.9334,741.254,742.69824,105340.0,0.0,-5.73999,-0.0017024075
2025-08-25 16:00:00,742.70483,748.77936,739.3752,748.722,111790.0,0.0,27.300049,0.008110652
2025-08-26 16:00:00,748.5325,749.9047,744.36664,749.459,110549.0,0.0,3.340088,0.000984333
2025-08-27 16:00:00,748.7948,755.3172,746.70087,753.9779,111829.0,0.0,20.47998,0.006029571
2025-08-28 16:00:00,754.05066,762.07355,751.1248,760.6965,110943.0,0.0,30.448975,0.008910843
2025-08-31 16:00:00,760.7684,769.9618,758.24084,766.83777,104586.0,0.0,27.832764,0.008073273
2025-09-01 16:00:00,766.41595,781.16425,765.6547,779.48944,118622.0,0.0,57.338135,0.016498512
2025-09-02 16:00:00,779.88666,789.5975,777.92285,785.2992,114954.0,0.0,26.330078,0.007453266
2025-09-03 16:00:00,785.5088,786.3098,774.67926,782.32263,115262.0,0.0,-13.48999,-0.0037903665
2025-09-04 16:00:00,782.91174,794.29956,780.9458,791.3294,111338.0,0.0,40.81909,0.011512832
2025-09-07 16:00:00,791.15967,804.5443,789.82697,802.2385,112961.0,0.0,49.440918,0.013785863
2025-09-08 16:00:00,802.3952,810.5703,799.8599,799.8666,112960.0,0.0,-10.75,-0.0029567163
2025-09-09 16:00:00,800.0495,806.98694,798.4853,803.1631,113001.0,0.0,14.939941,0.0041213175
2025-09-10 16:00:00,803.60657,805.1357,797.3842,801.8899,110617.0,0.0,-5.7700195,-0.0015851789
2025-09-11 16:00:00,801.8899,806.83905,800.95654,803.7618,114733.0,0.0,8.483398,0.0023343172
2025-09-14 16:00:00,803.8272,813.16956,800.1424,811.7044,111648.0,0.0,35.996582,0.009881859
2025-09-15 16:00:00,811.4727,817.05743,810.7336,814.1625,115003.0,0.0,11.140137,0.0030282892
2025-09-16 16:00:00,814.3324,818.0393,804.4583,807.4812,114399.0,0.0,-30.28003,-0.008206348
2025-09-17 16:00:00,807.31573,810.3783,800.41815,804.1141,116060.0,0.0,-15.26001,-0.0041699144
2025-09-18 16:00:00,804.14716,813.132,801.4067,812.95557,114035.0,0.0,40.07007,0.010995301
2025-09-21 16:00:00,813.2269,827.1411,812.60913,826.63586,115793.0,0.0,62.0,0.016827889
2025-09-22 16:00:00,826.5843,836.43933,824.4801,830.50385,115364.0,0.0,17.529785,0.0046791513
2025-09-23 16:00:00,830.7444,833.871,820.1796,824.36536,115101.0,0.0,-27.819824,-0.007391243
2025-09-24 16:00:00,824.3874,829.95,821.18353,827.02637,115337.0,0.0,12.059814,0.0032279412
2025-09-25 16:00:00,826.8168,834.84186,823.9704,829.5131,115231.0,0.0,11.27002,0.003006838
2025-09-28 16:00:00,829.09796,845.94934,828.9759,845.7287,115443.0,0.0,73.48999,0.01954833
2025-09-29 16:00:00,845.384,854.22375,836.8807,851.2516,115027.0,0.0,25.03003,0.006530328
2025-09-30 16:00:00,851.23395,859.4532,850.18146,852.79175,112974.0,0.0,6.9799805,0.0018092601
2025-10-01 16:00:00,852.9594,859.7621,842.6838,850.6824,110559.0,0.0,-9.559814,-0.002473496
2025-10-02 16:00:00,851.03094,858.6588,846.7746,857.4254,109758.0,0.0,30.559814,0.00792662
2025-10-05 16:00:00,857.72327,875.9622,856.7966,873.7734,110715.0,0.0,74.09009,0.019066392
2025-10-06 16:00:00,873.6101,880.5827,869.506,879.1815,115629.0,0.0,24.51001,0.006189412
2025-10-07 16:00:00,879.5434,895.5979,878.66077,891.3504,114705.0,0.0,55.149902,0.01384111
2025-10-08 16:00:00,891.80054,895.3464,870.3092,877.28174,116297.0,0.0,-63.76001,-0.015783548
2025-10-09 16:00:00,877.434,887.4449,870.7505,886.5932,118211.0,0.0,42.200195,0.010614025
2025-10-12 16:00:00,886.4729,908.36255,884.2322,906.8688,118186.0,0.0,91.88989,0.022869047
2025-10-13 16:00:00,906.6635,922.1709,902.4447,913.8634,117372.0,0.0,31.700195,0.0077129803
2025-10-14 16:00:00,914.3687,930.68134,913.31396,928.26965,115638.0,0.0,65.29004,0.015764143
2025-10-15 16:00:00,928.65466,955.5068,926.42053,954.8625,113200.0,0.0,120.52002,0.0286477
2025-10-16 16:00:00,954.8756,966.1597,923.7066,937.4829,113608.0,0.0,-78.76514,-0.018201113
2025-10-19 16:00:00,937.90106,966.7069,930.7453,961.0407,116734.0,0.0,106.76514,0.025128746
2025-10-20 16:00:00,960.8332,965.2992,901.44293,909.8233,119191.0,0.0,-232.12012,-0.053293683
2025-10-21 16:00:00,909.4989,918.1638,883.39154,904.1349,112800.0,0.0,-25.780273,-0.006252234
2025-10-22 16:00:00,903.35156,916.67444,896.83575,910.4985,118624.0,0.0,28.840332,0.0070383647
2025-10-23 16:00:00,910.3882,914.42163,892.2418,907.0254,117226.0,0.0,-15.740234,-0.003814492
2025-10-26 16:00:00,896.78723,906.47375,876.17847,878.4865,111935.0,0.0,-129.33984,-0.031464268
2025-10-27 16:00:00,878.72034,886.88,857.4519,871.80963,114120.0,0.0,-30.26001,-0.0076004392
2025-10-28 16:00:00,871.86035,889.19684,864.0736,866.867,109789.0,0.0,-22.400146,-0.0056693587
2025-10-29 16:00:00,867.18915,888.5305,863.8287,888.0186,112288.0,0.0,95.86011,0.024400018
2025-10-30 16:00:00,887.71405,892.41614,876.4433,882.84875,113092.0,0.0,-23.429932,-0.005821752
2025-11-02 16:00:00,882.8289,889.252,874.28973,882.6656,103747.0,0.0,-0.8300781,-0.00020746143
2025-11-03 16:00:00,882.9569,883.70337,866.7567,867.44073,111723.0,0.0,-69.0,-0.01724875
2025-11-04 16:00:00,867.8776,880.4172,866.9376,877.9128,108714.0,0.0,47.45996,0.012072363
2025-11-05 16:00:00,878.19305,886.8757,874.6339,877.2795,107567.0,0.0,-2.8701172,-0.00072136155
2025-11-06 16:00:00,877.6988,888.5459,876.686,882.78033,397.0,0.0,24.930176,0.006270354
2025-11-09 16:00:00,882.75604,908.28754,881.8867,908.1398,110471.0,0.0,114.930176,0.028726727
2025-11-10 16:00:00,908.04926,915.42334,903.9142,910.33075,112251.0,0.0,9.9296875,0.0024126128
2025-11-11 16:00:00,910.1652,929.2538,904.28937,925.6858,112159.0,0.0,69.58984,0.016867526
2025-11-12 16:00:00,926.11163,936.6477,914.60474,920.2975,112223.0,0.0,-24.419922,-0.005820837
2025-11-13 16:00:00,920.0482,929.16327,889.6381,901.3525,471.0,0.0,-85.85986,-0.02058575
2025-11-16 16:00:00,900.4233,905.9398,884.0535,892.4978,114733.0,0.0,-40.129883,-0.009823765
2025-11-17 16:00:00,892.23517,900.7545,882.06384,897.27484,115863.0,0.0,21.649902,0.005352461
2025-11-18 16:00:00,897.4117,911.8334,894.73517,899.6557,117854.0,0.0,10.790039,0.0026533972
2025-11-19 16:00:00,899.62036,906.77167,891.05035,899.56085,114952.0,0.0,-0.42993164,-0.00010544544
2025-11-20 16:00:00,899.28937,904.82776,887.4758,896.88654,437.0,0.0,-12.120117,-0.0029729048
2025-11-23 16:00:00,896.99243,913.4375,891.36584,912.30774,111343.0,0.0,69.88989,0.017194185
2025-11-24 16:00:00,912.588,917.70483,906.67236,911.2376,110656.0,0.0,-4.8500977,-0.0011730428
2025-11-25 16:00:00,911.50726,920.8183,911.08093,918.42426,109893.0,0.0,32.570312,0.007886695
2025-11-26 16:00:00,918.4485,919.71277,913.9605,917.3033,97662.0,0.0,-5.080078,-0.0012204831
2025-11-27 16:00:00,917.50793,933.5432,917.1246,933.18994,93794.0,0.0,71.99902,0.017318822
2025-11-30 16:00:00,931.8155,940.91504,927.9081,933.4241,115477.0,0.0,1.0610352,0.0002508791
2025-12-01 16:00:00,933.9249,934.5162,918.63165,927.91876,112170.0,0.0,-24.950195,-0.0058979313
2025-12-02 16:00:00,928.42633,935.81586,925.40564,927.32526,110035.0,0.0,-2.6899414,-0.0006396429
2025-12-03 16:00:00,927.1597,930.9108,920.9485,928.1946,116948.0,0.0,3.9399414,0.0009374809
2025-12-04 16:00:00,928.28723,939.77216,924.92017,926.2529,482.0,0.0,-8.799805,-0.0020918895
2025-12-07 16:00:00,926.0344,930.8579,921.5883,924.3178,108527.0,0.0,-8.77002,-0.0020891794
2025-12-08 16:00:00,923.9736,931.3852,920.00824,928.2586,108662.0,0.0,17.859863,0.0042634537
2025-12-09 16:00:00,928.46826,935.2246,922.7247,932.7312,111688.0,0.0,20.27002,0.0048182565
2025-12-10 16:00:00,932.72675,945.6459,927.55475,944.15424,112682.0,0.0,51.77002,0.012246911
2025-12-11 16:00:00,943.8894,960.4891,939.28455,948.6622,576.0,0.0,20.430176,0.004774566
2025-12-14 16:00:00,948.26495,959.81384,945.5401,949.7455,104148.0,0.0,4.909668,0.0011419452
2025-12-15 16:00:00,949.9265,956.4842,942.4707,949.2998,115769.0,0.0,-2.0200195,-0.0004693027
2025-12-16 16:00:00,949.2027,959.5336,948.8828,956.99615,115484.0,0.0,34.88037,0.008107415
2025-12-17 16:00:00,957.7736,965.2087,950.66125,955.7097,115523.0,0.0,-5.830078,-0.0013442156
2025-12-18 16:00:00,956.10474,961.21277,950.6921,957.29834,404.0,0.0,7.199707,0.0016622393
2025-12-21 16:00:00,957.28735,981.6494,956.941,980.2196,111671.0,0.0,103.88037,0.023943681
2025-12-22 16:00:00,980.7866,992.8319,977.4923,989.2596,112606.0,0.0,40.969727,0.00922241
2025-12-23 16:00:00,989.9215,998.48413,981.49493,988.5336,96568.0,0.0,-3.290039,-0.0007338301
2025-12-25 16:00:00,988.48895,1003.86444,987.3623,1000.28326,593.0,0.0,53.25,0.011885922
2025-12-28 16:00:00,1001.63043,1003.721,949.36816,955.7803,119614.0,0.0,-201.68994,-0.044490363
2025-12-29 16:00:00,955.2817,971.7465,953.76794,957.0248,119154.0,0.0,5.6401367,0.0013020758
2025-12-30 16:00:00,957.5654,964.89764,943.0466,951.90125,115678.0,0.0,-23.220215,-0.0053536226
2026-01-01 16:00:00,955.767,971.3141,950.91943,955.9569,581.0,0.0,18.380371,0.004260564
2026-01-04 16:00:00,955.766,983.0836,955.766,981.47284,114031.0,0.0,115.63965,0.026691513
2026-01-05 16:00:00,980.6917,992.30676,976.6185,991.5566,114610.0,0.0,45.700195,0.010274117
2026-01-06 16:00:00,991.4926,992.9026,975.9346,983.0571,115412.0,0.0,-38.52002,-0.008571833
2026-01-07 16:00:00,983.0373,988.33295,972.47034,987.9379,115068.0,0.0,22.120117,0.004964933
2026-01-08 16:00:00,994.94135,994.94135,994.94135,994.94135,414.0,0.0,31.739746,0.0070888945
2026-01-11 16:00:00,995.0892,1021.5849,994.8156,1014.5373,115273.0,0.0,88.81006,0.01969561
2026-01-12 16:00:00,1014.42255,1022.56683,1008.03925,1011.7461,114259.0,0.0,-12.649902,-0.002751211
2026-01-13 16:00:00,1011.7903,1024.4181,1011.7903,1020.75745,117117.0,0.0,40.839844,0.008906709
2026-01-14 16:00:00,1020.5523,1021.9137,1010.71344,1018.4098,121326.0,0.0,-10.639648,-0.0022999027
2026-01-15 16:00:00,1018.5509,1019.4468,1001.2652,1014.20636,471.0,0.0,-19.050293,-0.004127469
2026-01-18 16:00:00,1013.7374,1034.7158,1013.7374,1030.3701,110873.0,0.0,73.25537,0.015937416
2026-01-19 16:00:00,1030.6073,1051.6309,1027.986,1050.8806,119004.0,0.0,92.95459,0.019905921
2026-01-20 16:00:00,1050.8497,1078.4994,1049.3184,1066.0923,117220.0,0.0,68.93994,0.014475123
2026-01-21 16:00:00,1065.8098,1090.1012,1052.9856,1088.8723,120205.0,0.0,103.240234,0.021367757
2026-01-22 16:00:00,1088.9009,1100.9396,1081.1097,1100.2622,599.0,0.0,51.620117,0.010460364
2026-01-25 16:00:00,1104.5455,1127.5787,1100.8579,1105.4762,118653.0,0.0,23.629883,0.0047388184
2026-01-26 16:00:00,1105.7013,1145.1426,1105.4276,1142.7838,118750.0,0.0,169.08008,0.03374798
2026-01-27 16:00:00,1141.537,1195.57,1137.8036,1194.6719,116667.0,0.0,235.15967,0.04540498
2026-01-28 16:00:00,1194.8661,1234.4883,1127.4397,1186.9027,108833.0,0.0,-35.20996,-0.006503118
2026-01-29 16:00:00,1187.4479,1202.6152,1036.0044,1079.9712,1407.0,0.0,-484.61963,-0.090092905
2026-02-01 16:00:00,1043.7228,1077.6191,971.665,1028.0875,98994.0,0.0,-235.14014,-0.048041802
2026-02-02 16:00:00,1030.5719,1101.745,1029.2769,1091.2795,114064.0,0.0,286.39014,0.061465684
2026-02-03 16:00:00,1091.0148,1123.468,1070.9465,1095.2072,115036.0,0.0,17.799805,0.0035990174
2026-02-04 16:00:00,1095.0747,1108.4131,1050.1128,1053.7446,114018.0,0.0,-187.91016,-0.03785809
2026-02-05 16:00:00,1054.0448,1096.9458,1026.971,1095.7212,708.0,0.0,190.24023,0.03983563
2026-02-08 16:00:00,1099.3508,1122.186,1095.2733,1116.0388,113407.0,0.0,92.08008,0.018542588
2026-02-09 16:00:00,1115.5331,1120.4606,1100.1608,1108.5896,112065.0,0.0,-33.760254,-0.0066746906
2026-02-10 16:00:00,1108.4683,1129.3086,1107.3275,1121.4535,110416.0,0.0,58.300293,0.011603919
2026-02-11 16:00:00,1121.2748,1125.092,1076.2422,1085.664,112779.0,0.0,-162.2002,-0.031913526
2026-02-12 16:00:00,1086.1273,1113.3931,1078.8569,1112.6031,917.0,0.0,122.08984,0.024813546
2026-02-15 16:00:00,1112.4167,1112.4167,1095.6815,1101.233,102106.0,0.0,-51.530273,-0.010219435
2026-02-16 16:00:00,1101.5266,1103.2211,1068.3319,1076.2665,112743.0,0.0,-113.149414,-0.022671374
2026-02-17 16:00:00,1076.2356,1105.5975,1070.8562,1097.8196,110776.0,0.0,97.67969,0.020025767
2026-02-18 16:00:00,1097.5416,1108.0491,1094.3236,1102.4004,113161.0,0.0,20.760254,0.0041725966
2026-02-19 16:00:00,1101.9656,1127.0249,1099.095,1126.8837,946.0,0.0,110.95996,0.022209138
2026-02-22 16:00:00,1125.5863,1155.6653,1125.4891,1153.6155,112607.0,0.0,121.1499,0.023721857
2026-02-23 16:00:00,1153.45,1158.1697,1123.8145,1134.719,114107.0,0.0,-85.64014,-0.016380267
2026-02-24 16:00:00,1134.3658,1151.239,1131.0938,1139.5645,113558.0,0.0,21.95996,0.004270198
2026-02-25 16:00:00,1139.0128,1148.5251,1131.9631,1143.8605,113319.0,0.0,19.470215,0.0037699586
2026-02-26 16:00:00,1142.947,1165.2306,1139.8336,1164.8422,719.0,0.0,95.08984,0.018342806
2026-03-01 16:00:00,1164.5708,1195.5942,1160.6962,1174.0123,110563.0,0.0,41.56006,0.007872521
2026-03-02 16:00:00,1173.8536,1187.0021,1102.1907,1122.5148,112364.0,0.0,-233.39014,-0.043864638
2026-03-03 16:00:00,1122.0956,1148.6089,1121.533,1134.207,116076.0,0.0,52.990234,0.010416181
2026-03-04 16:00:00,1134.0195,1146.1509,1114.375,1121.4535,113694.0,0.0,-57.799805,-0.011244464
2026-03-05 16:00:00,1121.7949,1142.08,1116.9521,1141.1907,493.0,0.0,89.44971,0.017599583
2026-03-08 16:00:00,1142.4065,1146.5525,1106.3456,1133.6091,114428.0,0.0,-34.359863,-0.0066435155
2026-03-09 16:00:00,1133.7239,1155.78,1129.0219,1145.2042,114044.0,0.0,52.549805,0.010228513
2026-03-10 16:00:00,1144.9196,1152.4349,1136.215,1141.9298,115608.0,0.0,-14.839844,-0.0028592432
2026-03-11 16:00:00,1142.1262,1145.522,1115.165,1120.4825,115702.0,0.0,-97.200195,-0.018781593
2026-03-12 16:00:00,1120.7937,1131.4974,1105.246,1107.1642,114696.0,0.0,-60.359863,-0.011886332
2026-03-15 16:00:00,1106.8397,1111.4955,1095.8359,1104.3354,114506.0,0.0,-12.819824,-0.0025549051
2026-03-16 16:00:00,1104.395,1112.9364,1097.3805,1104.6333,112522.0,0.0,1.3496094,0.00026965706
2026-03-17 16:00:00,1104.4789,1106.7582,1060.512,1062.9812,111762.0,0.0,-188.76953,-0.0377067
2026-03-18 16:00:00,1064.5477,1073.7908,993.2774,1025.6537,114459.0,0.0,-169.17041,-0.03511588
2026-03-19 16:00:00,1025.689,1044.9098,987.8916,991.60626,115076.0,0.0,-154.30469,-0.033195797
2026-03-22 16:00:00,990.7297,1000.62537,904.2232,972.11725,111718.0,0.0,-88.325195,-0.019653961
2026-03-23 16:00:00,973.69275,989.24634,949.8978,986.7751,116291.0,0.0,66.430176,0.015078269
2026-03-24 16:00:00,986.817,1015.3978,983.01294,994.0499,118312.0,0.0,32.969727,0.007372281
2026-03-25 16:00:00,995.087,1002.6156,959.9594,966.2987,115430.0,0.0,-125.77002,-0.027917316
2026-03-26 16:00:00,968.4656,1004.86176,965.25287,991.4021,115093.0,0.0,113.77002,0.025978925
2026-03-29 16:00:00,991.1467,1010.6075,974.9298,995.16864,115237.0,0.0,17.070312,0.0037992368
2026-03-30 16:00:00,995.34296,1034.0516,988.997,1030.1395,116729.0,0.0,158.48975,0.035140604
2026-03-31 16:00:00,1030.3315,1057.5509,1028.4052,1049.8679,118744.0,0.0,89.41016,0.019151181
2026-04-01 16:00:00,1049.4751,1059.1198,1004.7912,1031.8253,113910.0,0.0,-81.77002,-0.01718558
2026-04-05 16:00:00,1031.1942,1038.3588,1015.01166,1025.0905,99552.0,0.0,-30.52246,-0.0065270676
2026-04-06 16:00:00,1025.7574,1035.7926,1016.5562,1027.9043,78287.0,0.0,12.752441,0.002744959
